movie_id;company_id;company_name
100;146;Handmade Films Ltd.
100;491;Summit Entertainment
100;1382;PolyGram Filmed Entertainment
100;13419;SKA Films
100;21920;The Steve Tisch Company
100010;8411;Metro-Goldwyn-Mayer (MGM)
100017;84825;MMM Film Zimmermann & Co
100032;19237;Von Zerneck Sertner Films
100042;12;New Line Cinema
100042;33;Universal Pictures
100042;1156;Conundrum Entertainment
100042;19177;Red Granite Pictures
100089;1311;The Asylum
100167;38857;Orenda Films
100183;12977;Black Camel Pictures
100246;15634;Vitagraph Company of America
100257;1221;Gainsborough Pictures
100275;118;Det Danske Filminstitut
100275;806;Téléfilm Canada
100275;7048;Fridthjof Film
100275;64899;Make A Move
100287;118;Det Danske Filminstitut
100490;22123;TF1
100529;43;Fox Searchlight Pictures
100529;4205;Groundswell Productions
100540;10530;Alternate Ending Studios
100830;2612;Les Productions du Trésor
101;5;Columbia Pictures
101;9;Gaumont
101006;1394;Black Forest Films
101006;7777;Slot Machine
101006;20008;CMW Films
101006;35558;Eddie Saeta S.A.
101006;39339;4L
101176;2683;Rai Cinema
101176;15080;Achab Film
101176;22217;Wiseacre Films
101176;28935;Emergency Exit Pictures
101226;18682;Out of Towners Productions
101289;8411;Metro-Goldwyn-Mayer (MGM)
101299;1632;Lionsgate
101299;5420;Color Force
101307;6194;Warner Bros.
101383;6033;Paramount
101444;4787;Gico Cinematografica S.r.L.
101444;61682;Regal Film
101514;3213;Disney Channel
101653;8411;Metro-Goldwyn-Mayer (MGM)
1018;373;Asymmetrical Productions
1018;635;Les Films Alain Sarde
1018;636;Babbo Inc.
1018;637;The Picture Factory
1018;5358;Canal+
101801;4595;Negativ
101801;6191;Falcon
101801;92606;Cestmír Kopecký
101801;92607;Czech TV Brno
101887;6092;Licht/Mueller Film Corporation
101887;18880;Showtime Networks
101904;12389;Les Films Pelléas
102;76;Zentropa Entertainments
102078;15606;Jaguar Productions
102165;3473;William Goetz Productions
102197;3467;Three T Productions
102197;6453;Studio Trite
102197;9342;Central Partnership
102197;19126;VGTRK
102197;76043;Revolution Sun Studios
102197;77594;Vserossiyskaya Gosudarstvennaya Televizionnaya i Radioveshchatelnaya Kompaniya (VGTRK)
102242;3915;Dean River Productions
102286;306;Twentieth Century Fox Film Corporation
102292;313;TS Productions
102292;36079;France 3 (FR3)
1023;1789;M&M Productions
1024;11;WingNut Films
1024;14;Miramax Films
1024;294;New Zealand Film Commission
1024;2306;Fontana Productions
102419;6;RKO Radio Pictures
102461;874;Cinéa
102526;8411;Metro-Goldwyn-Mayer (MGM)
102541;3245;First National Pictures
102899;420;Marvel Studios
102949;4780;Hesperia Films S.A.
102949;8485;Ultra Film - Sicila Cinematografica
103;441;Columbia Pictures Corporation
103;46059;Italo/Judeo Productions
103;46060;Bill/Phillips
103162;14914;HBO Documentary
103162;62702;Whyaduck Productions
103203;75555;Enaproc
103203;75556;Films Domireew
103203;75557;Films Kajoor
103210;4;Paramount Pictures
103210;455;Permut Presentations
103210;10308;Dino De Laurentiis Company
103243;3653;Eros International
103269;429;DC Comics
103269;2785;Warner Bros. Animation
103269;4811;Warner Premiere
103299;798;Samuel Goldwyn Company
103301;383;Goskino Productions
103328;254;Pandora Filmproduktion
103328;5358;Canal+
103370;3096;Tyler Perry Company, The
103413;508;Regency Enterprises
103413;644;Alcor Films
103413;6194;Warner Bros.
103413;37265;Fron Film Production
103502;13839;Metafilms
103539;3623;Kazakhfilm Studios
103539;71333;Mount Helix
103590;15326;Gruzia-Film
103663;76;Zentropa Entertainments
103663;118;Det Danske Filminstitut
103663;119;Danmarks Radio (DR)
103663;850;Eurimages
103663;851;MEDIA Programme of the European Union
103663;3221;Sveriges Television (SVT)
103663;7446;Svenska Filminstitutet (SFI)
103663;8555;Nordisk Film- & TV-Fond
103663;74636;Film Väst
103731;7493;FilmNation Entertainment
103731;10892;Everest Entertainment
103747;856;Wild Bunch
103747;1926;Les Films Du Fleuve
103747;7281;British Film Institute (BFI)
103747;8147;Entertainment One
103747;12695;Sixteen Films
103747;15130;Urania Pictures S.r.l.
103753;17387;Jeonwonsa Film
103875;94;ARTE France Cinéma
103875;1249;Les Films du Lendemain
103875;28182;Dream Author
1039;162;Bayerischer Rundfunk
1039;608;Dor Film Produktionsgesellschaft GmbH
1039;3391;Österreichischer Rundfunk (ORF)
103972;235;Nordisk Film
104;1972;X-Filme Creative Pool
104;7025;Westdeutscher Rundfunk (WDR)
1040;641;Titanus
1040;642;S.G.C.
1040;643;Société Nouvelle Pathé Cinéma
1040;10932;The Criterion Collection
104041;537;Universal TV
104041;3535;Associated London Films
104041;537;Universal TV
104041;3535;Associated London Films
104043;142;Silver Films
104211;5488;Fox Film Corporation
104239;1542;Como Film
104239;12508;Studio Hraných Filmov Bratislava
104274;1639;Les Films Jacques Leitienne
104274;1702;Medusa Produzione
104274;2185;National Cinematografica
104274;4269;Nuova Dania Cinematografica
104285;5001;Conacite Dos
104301;9195;Touchstone Pictures
104343;9181;Art Theatre Guild
104343;9182;Sozosha
104354;1527;Les Productions Jacques Roitfeld
104354;64379;Babylone Films
104354;84240;Luso Films
104354;84241;Ci-Le Films
104374;13246;Gendai Eigasha
104376;310;Centre National de la Cinématographie
104376;5982;Bioskop Film
104376;10845;Lenfilm
104376;12784;Orient Express
104376;12785;Roskomkino
104462;45867;Star Film Company
104480;7159;Star-Film
104524;3033;Asmik Ace Entertainment
104606;5798;Shaw Brothers
104638;8011;Producciones A.S.H. Films S.A.
104638;12625;Canal+ Espana
104638;31125;Antena 3 Televisión
104776;38972;Daiwa Building
1049;104;Canal Plus
1049;508;Regency Enterprises
1049;644;Alcor Films
104954;1701;Dania Film
104954;10000;Compagnia Cinematografica Champion
104973;4799;Eurociné
105;33;Universal Pictures
105;56;Amblin Entertainment
105;20448;U-Drive Productions
1050;645;Imar Film Co., Ltd.
105073;10588;Colony Pictures
105077;3585;David Eick Productions
105077;7534;R&D TV
105079;249;Société Nouvelle de Cinématographie
105079;1818;Tritone Cinematografica
105079;15868;Medusa Distribuzione
105098;2508;Cinegai S.p.A.
105157;18758;Edison Manufacturing Company
105184;38573;Barbara Moorse Workshop
1052;650;Bridge Films
1052;8411;Metro-Goldwyn-Mayer (MGM)
1052;60762;Carlo Ponti Production
105246;39987;Playboy Entertainment Group
105246;56520;Entertainment Events
105254;634;ABC Pictures
105254;7445;Cinematograph AB
105299;14185;Canadian Film Centre (CFC)
105299;64572;Step-Films Inc.
105299;64574;Feature Film Project, The
105304;6844;Thelma Films
105325;2;Walt Disney Pictures
105325;6125;Walt Disney Animation Studios
105347;13932;Luiz Carlos Barreto Produções Cinematográficas
105347;76566;Regina Filmes
105347;93188;Condor Filmes
105404;60;United Artists
105406;5;Columbia Pictures
105406;35990;Ansark-Sidney
105470;10640;Shochiku Ofuna
105506;2320;UTV Motion Pictures
105509;1679;Lux Film
105509;68461;Ora Film
105526;39061;PFM Pictures
105531;17837;RCR Media Group
105763;23647;La Sept Cinéma
105763;40668;Studio Adam&Eve
105763;40669;Les Films du Rivage
1058;41;Orion Pictures
1058;651;Breathless Associates
1058;652;Miko Productions
105829;33314;Studio Kino
105833;9181;Art Theatre Guild
105833;13246;Gendai Eigasha
105869;1971;Action International Pictures
1059;882;Toho Company
105906;1701;Dania Film
105945;22036;185 Trax
105945;22037;7th Sense Films
105978;1274;Clinica Estetico
105980;1422;Killer Films
105980;11351;Hart-Sharp Entertainment
106;306;Twentieth Century Fox Film Corporation
106;840;Lawrence Gordon Productions
106;1302;Davis Entertainment
106;1885;Silver Pictures
106;5263;Amercent Films
106;5264;American Entertainment Partners L.P.
106017;8411;Metro-Goldwyn-Mayer (MGM)
106017;14275;Raymond Productions
106113;6;RKO Radio Pictures
106134;5247;Possible Films
106136;66209;eleven-55 Films
106230;9281;Tai Entertainment
106254;6507;Mezhrabpom-Rus
106326;4;Paramount Pictures
106326;494;AVCO Embassy Pictures
106344;8403;Bandito Brothers
106355;1432;Republic Pictures
106417;882;Toho Company
106417;4330;Horipro
106417;6755;Nippon Television Network Corporation (NTV)
106417;6999;Kodansha
106495;6194;Warner Bros.
106495;6194;Warner Bros.
106515;306;Twentieth Century Fox Film Corporation
106538;859;Saga Film
106538;2208;RTL-TVi
106599;14901;Anker Productions Inc.
106646;4;Paramount Pictures
106646;562;Appian Way
106646;14654;EMJAG Productions
106646;19177;Red Granite Pictures
106646;23243;Sikelia Productions
106682;17102;Peter Walker (Heritage) Ltd.
106729;18066;Utopia
106747;10427;Open Road Films
106747;10808;Overnight Films
106747;11005;AR Films
106747;11006;Aldamisa Entertainment
106747;13241;Demarest Films
106747;14358;1821 Pictures
106747;25608;Quick Draw Productions
106824;4395;Monogram Pictures
106887;75567;Amaru Films
106922;73;Fida cinematografica
106970;12767;PAC
106970;17619;Atlas Film
107;441;Columbia Pictures Corporation
107;3287;Screen Gems
107;13419;SKA Films
107028;15980;Incorporated Television Company (ITC)
107028;16710;Lord Grade
107028;92312;Jack Wiener Production
107096;7954;Filmwerks
107096;21437;Imperial Entertainment
107246;60;United Artists
107248;5798;Shaw Brothers
1073;126;Lakeshore Entertainment
1073;3287;Screen Gems
1073;22512;Arlington Road Productions Corporation
1073;22513;Gorai / Samuelson Productions
1073;22514;Samuelson Productions
107406;12727;G.R.P. Cinematografica
107406;70305;Cinestampa Internazionale
107430;1138;Filmways Pictures
107430;17069;Larco Productions
107499;16934;View Askew Productions
1075;105;Ciby 2000
107569;8411;Metro-Goldwyn-Mayer (MGM)
107625;306;Twentieth Century Fox Film Corporation
107643;955;Nikkatsu
107743;5993;Curb Entertainment
107743;22290;Bergman Lustig Productions
107846;491;Summit Entertainment
107846;2995;Atmosphere Entertainment MM
107846;10405;Emmett/Furla Films
107846;11761;Mark Canton Productions
107846;31832;Envision Entertainment
107846;36212;Boies / Schiller Film Group
107846;46961;Knightsbridge Entertainment
107916;3137;Jaleo Films
107916;24017;Andy Joke
107916;24018;Paloma Juanes
107966;4395;Monogram Pictures
107976;2073;Kadokawa Pictures
107976;7036;CJ Entertainment
107978;6417;Film i Väst
107999;8411;Metro-Goldwyn-Mayer (MGM)
108;591;France 3 Cinéma
108;1610;CED Productions
108003;7576;Eon Productions
108003;10761;Danjaq
108010;4395;Monogram Pictures
108048;875;Films A2
108048;37246;Films de la Demoiselle
108048;37249;La Fabrique
108063;168;Jadran Film
108200;441;Columbia Pictures Corporation
108209;14925;Howard Productions
108209;28205;Samuel Goldwyn Company, The
108220;4;Paramount Pictures
108267;10593;Wrather Productions
108512;5070;Shôchiku Eiga
108512;9182;Sozosha
108564;800;Wheel Productions
108639;2852;CCCP
108639;7850;Sciapode
108639;11687;Le Fresnoy Studio National des Arts Contemporains
108639;22484;Ultima Vez
1088;654;South Pacific Pictures
108852;8411;Metro-Goldwyn-Mayer (MGM)
1089;25;20th Century Fox
1089;1644;Largo Entertainment
1089;4248;JVC Entertainment Networks
108930;3848;Chimichanga Productions
108930;21201;Music Link Productions
108930;21235;MacDonald-Murray Productions
108949;69395;Cinemanila
109;183;Le Studio Canal+
109;591;France 3 Cinéma
109;850;Eurimages
1090;5;Columbia Pictures
1090;620;Centropolis Film Productions
109008;8411;Metro-Goldwyn-Mayer (MGM)
109074;75620;JTP Productions
109074;75621;13th Dimensional Video
1091;33;Universal Pictures
1091;662;Turman-Foster Company
109102;18582;Bert I. Gordon Productions
109161;559;TriStar Pictures
1092;659;London Film Productions
1092;660;British Lion Film Corporation
1092;10932;The Criterion Collection
109235;28205;Samuel Goldwyn Company, The
109235;34317;Trinity Productions
109251;33;Universal Pictures
1093;661;Nouvelles Éditions de Film
109323;3166;Walt Disney Productions
109323;16685;United Artists Pictures
109379;15567;Boyana Film
109379;74743;Sofiya
109416;9015;Worldview Entertainment
109418;5;Columbia Pictures
109418;2608;Happy Madison Productions
109418;7431;Sony Pictures Entertainment (SPE)
109425;1988;Epic Productions
109441;8411;Metro-Goldwyn-Mayer (MGM)
109441;13999;Avon Productions (II)
109481;6;RKO Radio Pictures
109481;48791;Imperadio Pictures Ltd.
109520;12357;Oxymoron Entertainment
109520;12358;Mallick Media
109565;1212;Empire Pictures
109600;2370;Merchant Ivory Productions
109667;44751;Vision Associates Productions
109667;44752;Lisa and David Company
109669;2230;MGM Television
109669;3902;CBS Entertainment Productions
109669;9027;Hallmark Hall of Fame Productions
109671;4639;Arzu Film
109671;42712;Fida Film
109835;2320;UTV Motion Pictures
109835;7139;Thirupathi Brothers
109841;4;Paramount Pictures
109843;288;BBC Films
109843;7352;Gunslinger
109843;21627;Film London
109843;21628;Microwave Film
109843;21629;Aimimage Productions
109881;4;Paramount Pictures
109887;28205;Samuel Goldwyn Company, The
109891;8411;Metro-Goldwyn-Mayer (MGM)
109912;76705;Jones Programming Partners
109991;3681;Gorky Film Studio
11;1;Lucasfilm
11;306;Twentieth Century Fox Film Corporation
110;38;Zespół Filmowy TOR
110;183;Le Studio Canal+
110;591;France 3 Cinéma
110;1245;Télévision Suisse-Romande
110001;73820;Frontera Films S.A.
110130;1647;PM Entertainment Group
110253;8411;Metro-Goldwyn-Mayer (MGM)
1103;494;AVCO Embassy Pictures
1103;500;Goldcrest Films International
1103;502;International Film Investors
1103;664;City Film
110412;74257;Finition Productions
110415;7036;CJ Entertainment
110415;7270;Opus Pictures
110415;11345;Stillking Films
110415;21122;SnowPiercer
110415;34725;Moho Film
110419;4;Paramount Pictures
110419;35411;Mediarts
110419;35412;Hemmings
110433;4056;Hallmark Entertainment
110447;2683;Rai Cinema
110447;10102;Cattleya
110447;22393;Babe Film
110501;5324;Brigada
110548;4899;Allegro Films
110548;10399;Cinetel Films
110548;30571;Westwind Productions Inc.
110568;78056;Belgrave
110603;306;Twentieth Century Fox Film Corporation
110669;306;Twentieth Century Fox Film Corporation
110748;10445;Nihon Eiga Shinsha
110790;4;Paramount Pictures
110899;9181;Art Theatre Guild
110899;14145;Little More Co.
111;33;Universal Pictures
111031;5409;Bing Crosby Productions
111042;306;Twentieth Century Fox Film Corporation
111100;6194;Warner Bros.
111109;19653;Sine Olivia
111237;5120;Mosfilm
111237;21243;Kurier
111237;48081;Ministry of Culture of the Russian Federation
111310;8411;Metro-Goldwyn-Mayer (MGM)
111312;8411;Metro-Goldwyn-Mayer (MGM)
111332;574;Lightstorm Entertainment
1114;665;Hochschule für Fernsehen und Film (HFF)
111443;5444;Mod Producciones
111443;8111;Apaches Entertainment
111460;3245;First National Pictures
111460;9329;The Vitaphone Corporation
111570;69142;Manhattan Productions
1116;225;BIM Distribuzione
1116;707;Matador Pictures
1116;744;Diaphana Films
1116;1898;Bórd Scannán na hÉireann
1116;2274;Element Films
1116;2452;UK Film Council
1116;3012;Pathé Distribution
1116;5267;Irish Film Board
1116;7680;Tornasol Films
1116;12695;Sixteen Films
1116;12696;Regent Capital
1116;19929;EMC Produktion
1116;19930;Cinéart
1116;19931;TV3 Television Network Ireland
1116;19932;Filmcoopi Zürich
1116;19933;Oil Flick Films No.2
111642;14701;Mayflower Pictures Corporation
111718;5070;Shôchiku Eiga
111732;306;Twentieth Century Fox Film Corporation
111759;4203;Elton Productions
111815;2370;Merchant Ivory Productions
112;76;Zentropa Entertainments
112083;6194;Warner Bros.
112087;9266;American International Pictures (AIP)
112087;20740;Merchant Ivory Productions
112087;52011;The Wild Party Production Company
112293;235;Nordisk Film
1123;932;Mirage Enterprises
1123;5870;Studio Canal
1123;10163;Working Title Films
1124;6194;Warner Bros.
1124;9195;Touchstone Pictures
1124;9996;Syncopy
112454;4080;Zed Filmworks
112454;10246;Cross Creek Pictures
112454;18144;Vertebra Films
112454;37366;PS 260
112460;22057;Zen Films
112481;15346;Boxoffice International Pictures (BIP)
1125;4;Paramount Pictures
1125;27;DreamWorks SKG
1125;415;Laurence Mark Productions
1126;667;IFMD Ltd.
1126;13323;Little Bird Productions
112672;13973;Regal films
112674;28205;Samuel Goldwyn Company, The
1127;669;Reposado Producciones
1127;11737;Antena 3 Televisión
1127;12010;Mediapro
1127;12625;Canal+ Espana
112705;306;Twentieth Century Fox Film Corporation
112731;14665;Sequoia Productions
112961;68154;Hutch Films LLC
112961;68155;The Talking Pictures Company LLC
112999;14408;R.D. Banshai & Co.
113;139;LJ Film
113;254;Pandora Filmproduktion
113;685;Cineclick Asia
113;11554;Korea Pictures
113;11555;Cinesoul
113;11556;Mirae Asset Capital
113;11557;Muhan Investment
113209;537;Universal TV
113214;1432;Republic Pictures
113300;5996;BBC
113300;42604;Australian Broadcasting Corporation (ABC)
113432;87674;Hark Film
113582;7894;Arena Productions
113638;8411;Metro-Goldwyn-Mayer (MGM)
113743;8411;Metro-Goldwyn-Mayer (MGM)
113757;18970;Avalon Productions
113757;28205;Samuel Goldwyn Company, The
113947;1591;Rhino Films
113947;13195;Such Much Films
114;9195;Touchstone Pictures
114;10282;Silver Screen Partners IV
114033;10623;Pretty Mouse Films
114046;441;Columbia Pictures Corporation
114046;15263;Normandy Productions
114060;3473;William Goetz Productions
114146;7159;Star-Film
114146;37046;Georges Méliès
114172;33398;First Floor Productions
114333;12009;Elías Querejeta Producciones Cinematográficas S.L.
114371;7164;TMS
114638;4;Paramount Pictures
114838;6194;Warner Bros.
114888;33;Universal Pictures
114931;588;Mitteldeutscher Rundfunk (MDR)
114931;665;Hochschule für Fernsehen und Film (HFF)
114958;6371;Unstoppable Entertainment
114958;23529;Medient Studios
114958;23530;Big Yellow Films
115;37;Gramercy Pictures
115;1382;PolyGram Filmed Entertainment
115;10163;Working Title Films
115023;230;Boje Buck Produktion
115023;6194;Warner Bros.
115023;11081;A Company Filmproduktionsgesellschaft
115042;4645;2T Produzione Film
115042;16135;Globe Film
115109;306;Twentieth Century Fox Film Corporation
115111;6194;Warner Bros.
115162;643;Société Nouvelle Pathé Cinéma
115162;20568;Pans-Interopa
115162;643;Société Nouvelle Pathé Cinéma
115162;20568;Pans-Interopa
115210;1898;Bórd Scannán na hÉireann
115210;5267;Irish Film Board
115210;18078;Fantastic Films
115210;23457;MPI Media Group
115210;23459;Tailored Films
115210;23460;Solid Entertainment
115283;22146;Black Bear Pictures
115348;9;Gaumont
115348;1490;Kintop Pictures
115348;7294;Reliance Entertainment
115348;7295;Relativity Media
115348;7437;IM Global
115348;13241;Demarest Films
115348;14654;EMJAG Productions
115348;34077;Film 360
115348;36353;E Stars Films
115353;12085;Tarquinia Cinematografica
115353;12086;Tarquinia Film
115373;40325;Periscope Pictures
115565;22957;RainCity Productions
115565;22958;SC Entertainment International
115821;11424;Fernando trueba Producciones Cinematográficas S.A.
115834;441;Columbia Pictures Corporation
115834;584;Norma Productions
115834;18312;Halburt Productions
115903;29248;Ópalo Films
115909;7343;Etb (Euskal Telebista)
115909;37536;Gaurko Filmeak
116;7;DreamWorks
116014;10210;Morgan Creek Productions
116155;6194;Warner Bros.
116185;20761;Wide Angle Creations
116185;44227;IN Entertainment
1162;18138;Playfilm Productions
116227;7036;CJ Entertainment
116227;7270;Opus Pictures
116231;189;ARP Sélection
116231;58853;Numéro 4 Production
1163;670;Walt Disney Television
116345;181;Channel Four Films
116345;71674;Dearfilm
1164;838;Paramount Vantage
1164;2531;Media Rights Capital
1164;10039;Anonymous Content
1164;11258;Central Films
116463;10345;Active Entertainment
116495;8922;Turner Entertainment
1165;225;BIM Distribuzione
1165;247;Granada Film Productions
1165;258;Scott Rudin Productions
1165;866;Pathé Renn Productions
1165;1178;Pathé Pictures International
1165;5358;Canal+
1165;10843;Future Films
1165;16804;France 3 Cinema
116760;1009;Crown International Pictures
116811;17817;Warp X
116811;24372;Illuminations Films
116853;3734;dick clark productions
116853;12799;Silver Screen Pictures
116973;306;Twentieth Century Fox Film Corporation
116977;4174;Threshold Entertainment
116977;6574;Lions Gate Family Entertainment
116979;19456;Envision Media Arts
116979;52139;RGB Productions
116991;17620;Svenska Biografteatern AB
117;4;Paramount Pictures
117452;2345;Lemming Film
117464;47;Constantin Film
117464;336;Wiedemann & Berg Filmproduktion
117464;6187;ARD/Degeto Film GmbH
117464;7333;Bayerischer Rundfunk (BR)
117472;4641;Shochiku Company
117506;5552;Media Asia Films
117506;5632;Milky Way Image Company
117506;5686;Sil-Metropole Organisation
117531;22158;James Cruze Productions
117553;5;Columbia Pictures
117553;1350;Parkway Productions
117592;9000;Pathé-Natan
117618;5537;Wolfe Releasing
117913;36389;Orbis Film
118;79;Village Roadshow Pictures
118;80;The Zanuck Company
118;6194;Warner Bros.
118;8601;Tim Burton Productions
118;45778;Plan B Entertainment
118;55512;Theobald Film Productions
118195;5462;Aries Cinematográfica Argentina
118340;420;Marvel Studios
118340;20478;Moving Picture Company (MPC)
118340;54850;Bulletproof Cupid
118340;76043;Revolution Sun Studios
118390;9156;Roxy Films
118390;18855;VIP Productions Ltd.
118446;4933;Pine-Thomas Productions
118536;60;United Artists
118536;17139;David L. Loew-Albert Lewin
118576;36191;Fine Arts Film Company
118778;1123;Local Films
118792;29575;Uzbekfilm
118872;8411;Metro-Goldwyn-Mayer (MGM)
118876;12778;Rizzoli Film
118876;68431;Capital
118900;306;Twentieth Century Fox Film Corporation
118936;60;United Artists
118936;10096;Walter Wanger Productions
118946;5123;Miso Film
118946;5403;Nordisk Film & TV Fond
118946;5674;SF Film
118948;4395;Monogram Pictures
119450;290;Ingenious Media
119450;7076;Chernin Entertainment
119450;22213;TSG Entertainment
119569;420;Marvel Studios
119593;6194;Warner Bros.
119675;2596;Jerry Weintraub Productions
119675;7429;HBO Films
119685;3964;FUNimation Entertainment
119685;12460;EA International
119685;12461;Bioware
119687;15913;Associated British Picture Corporation (ABPC)
119687;52691;Godwin-Willis
119820;1541;Terra Film Produktion
12;3;Pixar Animation Studios
120;11;WingNut Films
120;12;New Line Cinema
120;5237;The Saul Zaentz Company
120268;4606;Zweites Deutsches Fernsehen (ZDF)
120268;16366;La Sept Cinéma
120268;53244;Popolar-Film
120292;4096;icon
120478;1371;The Global Asylum
120588;441;Columbia Pictures Corporation
120771;43390;Production Magic Inc.
120771;43391;Maltauro Entertainment
120831;8411;Metro-Goldwyn-Mayer (MGM)
120833;4;Paramount Pictures
120835;28205;Samuel Goldwyn Company, The
120837;6194;Warner Bros.
120843;4;Paramount Pictures
120885;8411;Metro-Goldwyn-Mayer (MGM)
120932;8411;Metro-Goldwyn-Mayer (MGM)
121;11;WingNut Films
121;12;New Line Cinema
121;5237;The Saul Zaentz Company
121003;8411;Metro-Goldwyn-Mayer (MGM)
121015;21290;Fawcett-Majors Productions
121015;62620;Steel Productions
121111;42648;Rosebud Films
121113;1802;Lowndes Productions Limited
121173;8355;APT Entertainment
121173;10417;Star Cinema Productions
121173;15808;Cinemalaya Foundation
1213;4;Paramount Pictures
1213;14;Miramax Films
1213;679;Timnick Films
1213;932;Mirage Enterprises
121342;1701;Dania Film
121354;6292;Universal
121491;11803;Oz One Film
121598;7295;Relativity Media
121598;89772;Hamilton-Mehta Productions
121707;6194;Warner Bros.
121835;6237;Porchlight Films
121835;18485;Rohfilm
121835;32232;Edge City Films
121879;58666;Opening Night Productions
122;11;WingNut Films
122;12;New Line Cinema
122019;18010;Clasa Films Mundiales
122088;584;Norma Productions
122088;22230;Avi Chai fund
122088;22231;Israel Film Fund
122088;22232;Reshet Broadcasting
122088;22233;Sundance
122270;4497;Janus Film und Fernsehen
122270;7025;Westdeutscher Rundfunk (WDR)
122325;3245;First National Pictures
122325;6194;Warner Bros.
122325;9329;The Vitaphone Corporation
122331;6194;Warner Bros.
122435;16643;Deutsche Universal-Film
122515;6194;Warner Bros.
122671;6181;Svensk Filmindustri (SF)
122677;4951;Independent International Pictures (I-I)
122677;13981;Tal Productions
122709;5488;Fox Film Corporation
122787;317;Istituto Luce
122787;10451;Castoro
122787;10452;Tefi Film
122787;10561;Chretien
122787;10562;Mancori
122857;2982;Signature Pictures
122857;21897;Foresight Unlimited
122857;23423;Baumgarten Management and Productions (BMP)
122884;8411;Metro-Goldwyn-Mayer (MGM)
122924;2090;Motion Picture Corporation of America
122924;8624;Mediapro Studios
122924;25263;Throttle Films
122928;8924;RabbitBandini Productions
122930;8135;Anchor Bay
123;60;United Artists
123;286;Fantasy Films
123103;10246;Cross Creek Pictures
123103;18142;Dragonfly Entertainment
123103;18144;Vertebra Films
123103;18148;Sobras Producciones
123105;7625;Automatik Entertainment
123105;10936;Hydraulx
123105;11407;Baltimore Pictures
123107;3768;Off Hollywood Pictures
123107;14406;Ambush Entertainment
123107;23921;Circle of Confusion
123109;7396;Pathe
123109;10339;WWE Studios
123109;22305;Milk & Media
123109;22306;Constance Media
123229;5358;Canal+
123229;10611;Ciné+
123229;12095;Save Ferris Entertainment
123229;12096;Mandarin Films
123229;12098;Cofimage 23
123229;12099;Sofica Manon 2
123229;12100;Palatine Étoile 9
123235;2902;SND
123235;5358;Canal+
123235;7454;France Télévision
123235;7460;Vendome Pictures
123235;10611;Ciné+
123235;12100;Palatine Étoile 9
123235;15671;France 2 Cinéma
123235;20655;Sofica A Plus Images 3
123235;40274;Dévelopimage
123320;201;Arte
123359;22865;Morbido Films
123359;23457;MPI Media Group
123359;23838;Salto de Fe Films
123553;5755;Constantin Film Produktion
123553;22656;Don Carmody Productions
123553;60746;Unique Features
123553;60747;Mr. Smith Productions
123961;5533;Jerry Lewis Productions
124;1587;P.P. Film Polski
124029;4063;Trimark Pictures
124029;4077;Crystal Sky Worldwide
124029;13427;Prism Entertainment Corporation
124071;3924;Bert Marcus Productions
124085;2901;ADR Productions
124085;16843;Thelma Film AG
124091;1791;Blue Films
124157;3491;Showbox
124277;14747;Zealous Creative
124294;7036;CJ Entertainment
124304;37352;Oscar Kramer S.A.
124304;37353;Aura Film
124304;37354;Mojame S.A.
1244;424;Babelsberg Film GmbH
124414;12514;Slovenská filmová tvorba Koliba (SFT)
124414;18370;Slovenský film Bratislava
124470;15160;Haxan Films
124470;30023;Court Five
124470;46240;Miscellaneous Entertainment
1245;5;Columbia Pictures
1245;2370;Merchant Ivory Productions
124521;1314;Hammer Film Productions
124521;5681;Lippert Films
124527;1314;Hammer Film Productions
124527;1314;Hammer Film Productions
1246;5;Columbia Pictures
1246;497;Revolution Studios
1246;696;Rogue Marble
1246;8411;Metro-Goldwyn-Mayer (MGM)
124623;6802;Dundee Entertainment
124623;14920;Record Farm Industries
124623;14922;Cinovative
124633;393;MACT Productions
124633;5358;Canal+
124633;5983;Stefi 2
124633;16975;Lichtblick Film- und Fernsehproduktion (I)
124633;18188;Magnolia Mae Films
124633;30226;European Co-production Fund
124633;86296;Intrinsica Films
124645;3324;British Broadcasting Corporation (BBC)
1247;33;Universal Pictures
1247;70;American Zoetrope
1247;10210;Morgan Creek Productions
1248;289;Ingenious Film Partners
1248;2979;ETIC Films
1248;6370;Quinta Communications
1248;10308;Dino De Laurentiis Company
1248;16923;Zephyr Films
1248;20394;Young Hannibal Productions
1248;20395;Carthago Films S.a.r.l.
124839;28367;RTV Slovenija
124839;58227;Kinetikon Pictures
124843;3989;C&P Productions
124843;52741;Virgin Wood Productions
1249;10146;Focus Features
124905;882;Toho Company
124905;923;Legendary Pictures
124905;6194;Warner Bros.
124905;10256;Disruption Entertainment
124905;41624;RatPac-Dune Entertainment
124963;4988;Frank Yablans Presentations
124993;4978;Gaumont British Picture Corporation
1250;441;Columbia Pictures Corporation
1250;7295;Relativity Media
1250;11370;Michael De Luca Productions
1250;19551;Marvel Enterprises
1250;20241;Crystal Sky Pictures
1250;20475;GH One
1250;20476;Vengeance Productions Pty. Ltd.
125039;11143;Madragoa Filmes
125077;4688;Concorde-New Horizons
1251;27;DreamWorks SKG
1251;56;Amblin Entertainment
1251;171;Malpaso Productions
1251;6194;Warner Bros.
125141;82261;SNPC - Società Nazionale Produzioni Cinematografiche
125229;881;Daiei Studios
125233;6530;Lifetime Television
125233;10291;Grand Productions
125233;10292;Hurry Up Productions
125233;10293;Lee Rose Productions
125249;441;Columbia Pictures Corporation
125257;71843;Kimura Productions
125271;5070;Shôchiku Eiga
1253;14;Miramax Films
1253;932;Mirage Enterprises
1254;942;Fin Août Productions
125409;6197;London Weekend Television (LWT)
125409;11858;A&E Television Networks
125413;4;Paramount Pictures
1255;685;Cineclick Asia
1255;822;Happinet Pictures
1255;945;Cheongeoram
1255;946;CJ Capital Investment
125509;491;Summit Entertainment
125509;3635;20th Century Fox Home Entertainment
125509;5755;Constantin Film Produktion
125513;5542;Toei Animation
125521;5542;Toei Animation
125531;2744;Nikolaus Geyrhalter Filmproduktion
125531;88541;firstchoicefilms
125587;181;Channel Four Films
125587;1898;Bórd Scannán na hÉireann
125587;11358;Little Bird
125587;12745;British Screen Productions
125623;591;France 3 Cinéma
125623;7811;Cité-Films
125623;10303;Rapsodie Production
1257;33;Universal Pictures
1257;12026;Gold Circle Films
125700;91698;Filmi Domireew
125795;23084;Vertigo
125795;28367;RTV Slovenija
125795;48428;VPK
125874;806;Téléfilm Canada
125874;3388;The Movie Network (TMN)
125874;5267;Irish Film Board
125874;7169;Park Ex Pictures
125874;8582;Canadian Film or Video Production Tax Credit (CPTC)
125874;11573;Corus
125874;11575;Movie Central
125874;13310;Quebec Film and Television Tax Credit
125874;33137;Morag Loves Company
125874;39004;Subotica Entertainment
125874;55424;Irish Film Industry
125874;64744;Mongrel Media
125874;64745;Cogeco Program Development Fund
125874;64751;Newfoundland and Labrador Film Development
1259;43;Fox Searchlight Pictures
1259;258;Scott Rudin Productions
1259;284;DNA Films
1259;288;BBC Films
1259;289;Ingenious Film Partners
1259;2452;UK Film Council
125926;1728;Sandrews
125926;7446;Svenska Filminstitutet (SFI)
125926;17593;Filmhuset AS
125926;78362;Scentext
125990;6426;Dan Wigutow Productions
125990;37714;Regency Television
126016;6431;Northern Lights
126090;15040;Novotny & Novotny Filmproduktion GmbH
126090;16897;Ciné-Sud Promotion
126090;26105;Radio-televizija Federacije Bosne i Hercegovine (RTVFBiH)
126090;26106;Refresh Production
126104;201;Arte
126104;254;Pandora Filmproduktion
126104;7977;Rizoma Films
126104;8595;ZDF Productions
126104;13413;Hubert Bals Fund
126104;22625;Fonds Sud Cinéma
126104;30553;Artcam International
126108;94;ARTE France Cinéma
126108;729;Why Not Productions
126122;3245;First National Pictures
126136;40774;Viking Productions
126152;14;Miramax Films
126172;10339;WWE Studios
1262;771;Mandate Pictures
1262;1973;Three Strange Angels
126219;5070;Shôchiku Eiga
126227;3282;Larry Levinson Productions
126227;3693;Alpine Medien Productions
126227;4056;Hallmark Entertainment
126227;20358;RHI Entertainment
126418;8411;Metro-Goldwyn-Mayer (MGM)
126420;89864;Film International Rotterdam
126432;882;Toho Company
1265;10221;Walden Media
1265;23890;Hal Lieberman Company
1265;60611;Lauren Levine Productions Inc.
126550;10330;Universal International Pictures (UI)
126560;71447;Güney Film
126597;12514;Slovenská filmová tvorba Koliba (SFT)
1266;43;Fox Searchlight Pictures
1266;508;Regency Enterprises
1266;6332;Dune Entertainment III
1266;10405;Emmett/Furla Films
1267;2;Walt Disney Pictures
1267;6125;Walt Disney Animation Studios
126749;10466;Fretboard Pictures
126777;4;Paramount Pictures
126781;5;Columbia Pictures
126783;71671;Contemporary Historians Inc.
126797;7584;Screen Australia
1268;686;Tiger Aspect Productions
1268;10163;Working Title Films
1269;198;GFP Medienfonds
126919;8411;Metro-Goldwyn-Mayer (MGM)
126919;15150;Du Maurier-Guinness
126927;1427;Commonwealth United Entertainment
126927;9266;American International Pictures (AIP)
126927;13721;Winkast Film Productions
126963;306;Twentieth Century Fox Film Corporation
126963;5542;Toei Animation
126963;50411;Yasahi-Mation Productions
126969;86993;Adoor Gopalakrishnan Productions
127;1587;P.P. Film Polski
127040;2159;Hal Roach Studios
127094;45867;Star Film Company
127098;45867;Star Film Company
127142;28955;Roser Film
127144;50104;This is It Collective
127146;6194;Warner Bros.
127186;4928;Allied Artists Pictures
127186;14869;E. & L. Productions
1272;284;DNA Films
1272;289;Ingenious Film Partners
1272;2452;UK Film Council
1272;20478;Moving Picture Company (MPC)
127224;18758;Edison Manufacturing Company
127236;318;CTB Film Company
1273;308;The Weinstein Company
1273;3463;Imagi Animation Studios
1273;6194;Warner Bros.
1273;30900;Mirage Studios
1273;70995;Imagi Production
127642;4676;ABS-CBN Film Productions
127642;10417;Star Cinema Productions
127642;4676;ABS-CBN Film Productions
127642;10417;Star Cinema Productions
1277;680;Studio Hamburg Filmproduktion
1277;681;Dom Film GmbH
1278;682;Peninsula Films
1278;11561;Recorded Picture Company (RPC)
1278;20783;Fiction Films
127867;13552;Laundry Films
1279;684;Kim Ki-Duk Film
127987;5798;Shaw Brothers
128;14;Miramax Films
128;10342;Studio Ghibli
128;12516;Nibariki
128;20192;Nippon Television Network (NTV)
1280;684;Kim Ki-Duk Film
1280;685;Cineclick Asia
128081;18956;Samaritan Entertainment
128089;6841;KMBO
128089;21446;Film and Music Entertainment (F&ME)
128089;24908;Zjednoczenie Artystów i Rzemieslników
1281;686;Tiger Aspect Productions
1281;1382;PolyGram Filmed Entertainment
1281;10163;Working Title Films
128113;6681;The Klock Worx Co.
128129;288;BBC Films
128129;12934;Air-Edel Associates
128129;12935;BBC Arts
128149;10023;Dezenove Som e Imagens Produções
128169;3341;Fuji Television Network
128169;5896;Cine Bazar
128169;7550;Protean Image Group
128177;8165;Televicine S.A. de C.V.
128177;17024;Videocine S.A. de C.V.
1282;794;Agi Orsi Productions
1282;795;Vans Off the Wall
128209;15224;Film Tank
128209;23809;Contravia Films
128209;89301;Punto Guion Punto Producciones
128215;16568;Mulmur Feed Co. Production
128229;14254;Harry Langdon Corporation
128237;11999;Universidad del Cine
128237;16813;Alta Definición Argentina
128237;52436;Revólver Films
128241;16265;Mischief Films
1283;1026;CARTEL S.A.
1283;1027;Rocabruno S.A.
128395;68399;Filmi Domirev
1284;6861;Lolafilms
1284;7864;Amiguetes Entertainment
128437;33;Universal Pictures
1285;1024;Amiguetes Entertainment S.L.
128508;2683;Rai Cinema
128508;14016;Ministero per i Beni e le Attività Culturali (MiBAC)
128564;6805;Epix
128564;20235;New Horizons Picture
128606;5;Columbia Pictures
128606;3458;Clover Productions
128612;21750;Alterian
128612;21751;StarGate Entertainment
128634;21758;Filmtown Productions
128634;21760;Filmtown Entertainment Group
128679;17027;National Film Board of Canada (NFB)
128848;92032;Fipco Productions
128848;92033;Etoile Productions
128876;7355;Creativity Media
128946;10477;AB Publikfilm
128960;5724;Zagreb Film
129;10342;Studio Ghibli
129062;5755;Constantin Film Produktion
129062;10481;Jolly Film
129062;10482;Trio Films
129237;3033;Asmik Ace Entertainment
129311;24142;Independent Partners
129432;3307;Ex Nihilo
129518;3142;IdtV Film & Video Productions
129689;9181;Art Theatre Guild
129820;8100;Mafilm
129830;3681;Gorky Film Studio
129830;14620;Gosteleradio
129847;10556;Colosseo Artistica
129851;1501;Flora Film
129851;2185;National Cinematografica
129933;1394;Black Forest Films
129933;6916;Arte France Cinéma
129933;7777;Slot Machine
129933;10046;Wanda Visión S.A.
129933;20008;CMW Films
129933;51613;Lita Stantic Producciones
129933;77104;Fortuna Film
129933;77105;Silencio Cine
129943;2938;Abbas Kiarostami Productions
13;4;Paramount Pictures
130150;2130;Mr. Mudd Production
130150;9350;Indian Paintbrush
130150;32157;Right of Way Films
130267;308;The Weinstein Company
130267;10255;Voltage Pictures
130296;219;The Mirisch Corporation
130296;28211;Mirisch-Webb
130374;60;United Artists
130398;8411;Metro-Goldwyn-Mayer (MGM)
130424;8411;Metro-Goldwyn-Mayer (MGM)
130452;6194;Warner Bros.
130474;8411;Metro-Goldwyn-Mayer (MGM)
130474;15533;Sextant Films
130612;8031;isotopefilms
130612;26987;hugofilm
130624;12372;Universum Film (UFA)
130694;2677;Riva Filmproduktion
130804;19381;SIA Advertising
130804;29736;Nukleus Film
130804;93041;Chaconna Films
130882;1221;Gainsborough Pictures
130900;8411;Metro-Goldwyn-Mayer (MGM)
130980;306;Twentieth Century Fox Film Corporation
131027;7013;Hunnia Filmstúdió
131027;8100;Mafilm
131074;4913;Independent Artists
131074;16211;British Film-Makers
131116;250;Canal+Polska
131116;1664;Zebra Films
131116;6480;Telewizja Polska
131172;76193;Bowden Productions Limited
131433;3153;Sunrise
131457;6194;Warner Bros.
131504;8411;Metro-Goldwyn-Mayer (MGM)
131634;264;Studio Babelsberg
131634;1632;Lionsgate
131634;5420;Color Force
131739;528;Bandai Visual Company
131739;8671;Kinoshita Komuten
131739;9255;Toei Company
131739;9300;TV Asahi
131739;40521;Watanabe Entertainment
131739;40522;SBI Holdings
131739;40523;Broadmedia Studios
131739;40527;Asatsu-DK
131739;40529;Yoshidamasaki
131792;75507;Peter Hutton
131932;56674;Manga Films
131940;81865;United Seven Creations
131944;6194;Warner Bros.
132;10932;The Criterion Collection
132;14563;Maysles Films
132030;10670;Supernova Group
132064;21609;Tony-Seven Films
132122;641;Titanus
132122;10673;Labor Film
132232;33;Universal Pictures
132232;10677;Toma 78
132232;10678;De Milo
132298;6342;Bueprint Pictures
132298;7100;Patagonik Film Group
132298;21915;Televisión Federal (Telefe)
132342;8923;WMG Film
132342;48402;Producciones Insurgentes
132342;48403;San Mateo Films
132344;58;Sony Pictures Classics
132344;97;Castle Rock Entertainment
132344;11510;Detour Filmproduction
132344;19246;Faliro House Productions
132344;20313;Venture Forth
132379;44944;Robert W. Paul
132551;20915;Hrvatska Radiotelevizija (HRT)
132551;46112;Telefilm
132561;328;TLA Releasing
132561;328;TLA Releasing
132608;6194;Warner Bros.
132608;13969;Globo Filmes
132608;18514;Natasha Filmes
132654;306;Twentieth Century Fox Film Corporation
132883;6194;Warner Bros.
133;2401;Drew Associates
133;2402;Time
133119;8411;Metro-Goldwyn-Mayer (MGM)
133121;3361;Digital Frontier
133121;5752;Sony Pictures Entertainment
133121;14788;Capcom Company
133131;4898;Columbia Broadcasting System (CBS)
133183;5754;Rat Pack Filmproduktion
133183;11636;Braindogs Entertainment
133183;11637;YMC Films
133255;10747;Hollywood Pictures Corporation
133255;10747;Hollywood Pictures Corporation
133365;2015;Darlow Smithson Productions
133365;3324;British Broadcasting Corporation (BBC)
133441;5413;image now films
133469;356;TF1 Films Productions
133469;19159;Vito Films
133557;3268;Home Box Office (HBO)
133557;3324;British Broadcasting Corporation (BBC)
133557;9137;Moonlighting Films
133569;93197;Parabólica Brasil
133569;93198;Belavista Cinema e Produção
133575;689;Ventanarosa Productions
133575;2832;Cineville
133575;20873;Columbia TriStar Home Video
133575;80578;Dan Lupovitz Productions
133643;17620;Svenska Biografteatern AB
133701;6908;Blender Foundation
133792;4;Paramount Pictures
133792;14155;AMBL Productions
133879;235;Nordisk Film
133879;10910;Strix Drama AB
133941;1406;Mega Film
133941;3602;Rialto Film Preben-Philipsen
133941;7516;Colt Produzioni Cinematografiche
134;33;Universal Pictures
134;2092;Mike Zoss Productions
134;5870;Studio Canal
134;9195;Touchstone Pictures
134;10163;Working Title Films
134126;3491;Showbox
134168;364;The Rank Organisation
134168;1221;Gainsborough Pictures
134238;6194;Warner Bros.
134350;4673;King Record Co.
134350;17228;T-Joy
134350;28045;Gansis
134350;44805;KH Capital
134350;44806;BizAsset
134360;2;Walt Disney Pictures
134360;5;Columbia Pictures
134366;10935;Death Awaits Cinema
134366;12881;Twin Engine Films
134366;12882;Pink Buffalo Films
134368;2373;Patriot Pictures
134374;4;Paramount Pictures
134374;2609;De Line Pictures
134409;2088;NALA Films
134409;2088;NALA Films
134411;1450;Front Street Productions
134411;6735;Participant Media
134411;6736;Imagenation Abu Dhabi FZ
134411;11448;Exclusive Media Group
134411;14739;Spitfire Pictures
134415;8147;Entertainment One
134427;8411;Metro-Goldwyn-Mayer (MGM)
134597;5176;Fortress Features
134597;10285;LD Entertainment
134777;6644;Lions Gate
134777;21958;Motel Man Productions
134806;63813;Rosemont Productions International
134806;89425;Zeke Productions
134812;52831;Stockholm Syndrome Film
135;39;Docurama
135097;11001;Walkaway Entertainment
135097;11002;Stoned Gremlin
135097;11001;Walkaway Entertainment
135097;11002;Stoned Gremlin
135161;7926;Studio Filmowe Kadr
135161;72548;Kino Świat (koprodukcja)
135161;74832;Silesia Film (coprodukcja)
135161;75746;Chimney Pot, The (koprodukcja)
135161;75747;Polski Instytut Sztuki Filmowej (finansowanie)
135200;39329;Poe/films
135204;12432;Eesti Joonisfilm
135210;6157;Arnold and Gregor Production
135260;53630;Aica Cinematografica S.R.L
135312;10914;Peter Jones Productions
135312;10915;Turner Classic Movies (TCM)
135510;87980;Holiday Cinematografica
135579;68624;KSM
135647;10285;LD Entertainment
135647;11362;Mark Gordon Productions
135659;235;Nordisk Film
135695;7699;Palomar
135799;12424;TV Man Union
1358;1391;Anglia Television
1358;1392;National Broadcasting Company
1358;1393;Tokyo Broadcasting System (TBS)
1359;35;Lions Gate Films
1359;6455;Edward R. Pressman Film
1359;15231;Muse Productions
135921;11594;Passion Pictures
135921;12840;Red Box Films
136;8411;Metro-Goldwyn-Mayer (MGM)
1360;14;Miramax Films
1360;35;Lions Gate Films
1360;689;Ventanarosa Productions
1360;690;Handprint Entertainment
136070;648;Sony Music Entertainment Japan
136070;4673;King Record Co.
136070;7967;Media Factory
136080;3079;Fantefilm
136080;5241;Film Fund FUZZ
1361;688;Rankin/Bass Productions
136190;1872;Bleiberg Entertainment
136190;6242;Barrandov Studios
136190;33629;RWE
1363;37;Gramercy Pictures
1363;691;Cappa Productions
1363;1382;PolyGram Filmed Entertainment
1363;10163;Working Title Films
136311;7901;Harmony Gold
136311;54301;Canned Pictures Inc
1364;693;Alicia Produce S L
1364;694;StudioCanal
1364;6780;Televisión Española TVE
1364;9335;Canal+ España
1364;11954;Sociedad General de Cine (SOGECINE) S.A.
1364;11955;Sogepaq
136437;49473;Frakas Productions
136459;47;Constantin Film
1365;35;Lions Gate Films
1365;695;Lee Daniels Entertainment
136572;23495;titania produzioni
136572;94637;Film 87
136572;94638;Plaza Production International
136576;1415;Capitolina Produzioni Cinematografiche
136582;1666;Rhône-Alpes Cinéma
136582;7131;France Television
136582;12389;Les Films Pelléas
136582;12392;Région Rhône-Alpes
136582;15671;France 2 Cinéma
136582;15894;Soficinéma 8
136582;18367;Centre National de la Cinématographie (CNC)
136582;28452;24 Mai Productions
136582;28453;Wallpaper Productions
1366;60;United Artists
136616;264;Studio Babelsberg
136616;694;StudioCanal
136616;6100;Achte Babelsberg Film
136616;7333;Bayerischer Rundfunk (BR)
136616;10947;ARD Degeto Film
136616;53975;Desert Flower Filmproduktion
136616;70636;MTM West Television & Film
136698;7584;Screen Australia
136698;11840;Film Victoria
1367;60;United Artists
136742;21577;Horosho Production
136742;22083;Nida Filma
136742;22084;Latvijas Nacionalais Kino Centrs
136752;1388;Centro Nacional Autónomo de Cinematografía
136752;6520;Factor RH Producciones
136752;15511;Fundación  Villa del Cine
136752;16952;Blue Post
1368;41;Orion Pictures
136842;21540;Mary Pickford Company
136850;738;Myriad Pictures
136884;8;Fine Line Features
136884;1261;Scala Productions
1369;559;TriStar Pictures
1369;14723;Carolco Pictures
136902;5324;Brigada
136902;51763;Living Pictures
136902;94008;3D Video System
136966;5;Columbia Pictures
136966;10569;Gene Autry Productions
137;5;Columbia Pictures
1370;559;TriStar Pictures
1370;14723;Carolco Pictures
1371;60;United Artists
137174;69696;Marfa
137182;24845;Topkapi Films
137182;24846;Menuet Producties
1372;348;Bedford Falls Productions
1372;430;Lonely Film Productions GmbH & Co. KG.
1372;449;Virtual Studios
1372;705;Spring Creek Productions
1372;6194;Warner Bros.
1372;7380;Initial Entertainment Group (IEG)
1372;20938;Liberty Pictures
137236;7405;Dimension Films
1373;700;Kanzaman S.A.
137315;2683;Rai Cinema
137315;50915;Motorino Amaranto
137347;20643;Mandragora Movies
137347;36299;Agresywna Banda
137347;66146;Denis Friedman Productions
1374;60;United Artists
137409;10284;Edko Films
137409;47037;Irresistible Films
137409;82612;Irresistible Delta
137484;90557;DoubleSee Productions
1375;60;United Artists
137563;8085;Picture Machine
137563;19548;Haven Entertainment
1376;697;Alta Films S.A.
1376;699;TTornasol Films S.A.
1377;4;Paramount Pictures
137757;7159;Star-Film
1378;1615;Fortissimo Films
1378;1616;Process Productions
1378;1617;Q Television
137853;35659;Brooklyn Underground Films
137859;14035;Cité Films
137859;14385;Compagnie Internationale de Productions
1379;706;Sputnik Oy
137968;1286;World Wide Productions
138;33;Universal Pictures
1380;306;Twentieth Century Fox Film Corporation
138022;94708;Right Thinking
138022;94708;Right Thinking
1381;508;Regency Enterprises
1381;6194;Warner Bros.
1381;6438;Muse Entertainment Enterprises
1381;7503;Protozoa Pictures
1381;10104;New Regency Pictures
138118;235;Nordisk Film
1382;307;IFC Films
138202;3017;Present Pictures
138222;16947;KODA Entertainment
138376;8691;Vortex Words Pictures
138486;4928;Allied Artists Pictures
138502;11086;Lunamine
138502;11087;Victoria Deluxe
138544;10345;Active Entertainment
1387;15830;Iced Tea Productions
138754;5351;Acne Film
1389;33;Universal Pictures
1389;216;Jersey Films
139058;12133;Scimitar Productions
1391;1101;Bésame Mucho Pictures
1391;1102;Producciones Anhelo
1391;10932;The Criterion Collection
139159;15530;Les Films Hatari
139195;17645;Stockholm Film
139195;85537;Inge Ivarsson Filmproduction
1392;11489;HBO/Cinemax Documentary
1392;12247;thinkfilm
1392;89129;Creative Visions Productions
1392;93091;Red Light Films
1392;93092;Sundance Institute Documentary Fund
139251;3282;Larry Levinson Productions
1393;823;Telepool
1393;15268;BKM Film
1393;16051;Lüthje & Schneider Filmproduktion
1393;19677;Hochschule für Fernsehen und Film München (HFF)
1393;21338;Schesch Filmproduktion
139325;77322;El Mall
139329;2726;Emperor Motion Pictures
139329;5552;Media Asia Films
139329;35050;Sil-Metropole Organisation Ltd.
139329;39649;Huayi Brothers Media
139329;40890;China Film Co.
139329;78132;Chongoing Film Group
139329;78134;Bon Voyage Film Studio
139329;78135;Shanghai Media Group
139329;78136;Zhejiang Films & TV(Group) Company Ltd.
139329;78137;Hunan Broadcasting System
139329;78138;Anhui Broadcasting Corp.
139329;78139;Beijing TV Station
1394;23119;Rai 2
1394;32054;Sovinfilm
139405;53390;Sony New Technologies
139433;4100;Stick Figure Productions
139455;11517;Buffalo Gal Pictures
139455;18949;Ember Productions
139455;18950;The Genre Co.
139463;3492;Island Pictures
139521;12154;Fox Star Studios
139521;13678;Vishal Bhardwaj Pictures
139559;5332;Utopia Pictures
139567;376;Industry Entertainment
139567;3604;Grindstone Entertainment Group
139567;5830;Cheetah Vision
139567;6667;Mandalay Vision
139567;6819;Paradox Entertainment
139567;10405;Emmett/Furla Films
139567;31832;Envision Entertainment
139567;46961;Knightsbridge Entertainment
139575;3221;Sveriges Television (SVT)
139575;3376;Cinepost Studios
139575;7937;Sonet Film AB
1396;5120;Mosfilm
139651;7453;Armada Films
139651;7460;Vendome Pictures
139651;12813;Armada Films Production
139715;4896;Gala Film
139777;1645;Scott Free Productions
139777;2493;Tandem Communications
139777;20465;Galafilm Productions
139777;39520;Take 5 Productions
139777;1645;Scott Free Productions
139777;2493;Tandem Communications
139777;20465;Galafilm Productions
139777;39520;Take 5 Productions
139799;8411;Metro-Goldwyn-Mayer (MGM)
1398;5120;Mosfilm
139851;1742;Les Films 13
139851;12778;Rizzoli Film
14;27;DreamWorks SKG
14;2721;Jinks/Cohen Company
140;6780;Televisión Española TVE
140;9335;Canal+ España
140;11736;El Deseo S.A.
140174;3991;Asylum, The
140208;328;TLA Releasing
140212;10923;Showbox/Mediaplex
140212;11430;Dasepo Club
140222;11165;Deep Blue Pictures
140222;11166;Red 56
140281;441;Columbia Pictures Corporation
140383;1679;Lux Film
140383;12243;Lux Compagnie Cinématographique de France
1404;698;Scottish Screen
1404;707;Matador Pictures
1404;7680;Tornasol Films
1404;12695;Sixteen Films
1404;19930;Cinéart
1404;27559;Bianca Film
1404;95346;Glasgow Film Office
140413;33;Universal Pictures
140423;20023;Noah Films
140423;77691;Leisure Media
140441;2073;Kadokawa Pictures
140443;2291;Journeyman Pictures
140443;2816;Axiom Films
140443;11843;Goldcrest Pictures
140447;34733;Una Noche Films
140465;10622;Public Broadcasting Service (PBS)
140465;10722;Florentine Films
140465;10725;WETA
140481;2740;Jigsaw Productions
140481;13928;Steps International
140489;60014;One Small Instrument Pictures
140491;72987;Film Base
140491;72988;Shumway Studios
1405;8411;Metro-Goldwyn-Mayer (MGM)
140509;3219;Amuse Soft Entertainment
140509;7831;DesperaDo
140509;11814;Sky Perfect Well Think
140509;12469;Higashinippon Broadcasting Co.
140509;27716;Yomiko Advertising
140509;27717;Ahiru to Kamo no Koin rokkâ Seisaku Iinkai
140509;27718;Dub
140509;27719;Kahoku Shimposha
140513;9255;Toei Company
140527;3324;British Broadcasting Corporation (BBC)
140527;27903;Basilisk Communications
140527;78057;Dangerous To Know
140527;78058;Opal Records
1406;5;Columbia Pictures
1406;12;New Line Cinema
1406;97;Castle Rock Entertainment
1407;3823;TF1 Films Production
1407;5358;Canal+
1407;6586;TPS Star
1407;7799;TF1 International
1407;11942;Sofica Valor 7
1407;22997;Légende Films
1407;31660;Okko Productions
1407;84482;Songbird Pictures
1407;84483;Scotts Atlantic
140733;5928;Česká televize
1408;183;Le Studio Canal+
1408;415;Laurence Mark Productions
1408;8411;Metro-Goldwyn-Mayer (MGM)
1408;14723;Carolco Pictures
140818;3079;Fantefilm
140818;17513;Film i Väst
140818;25713;Ghost VFX
140870;2613;Futurikon
140870;3984;Entre Chien et Loup
140870;16868;Futurikon Production II
140870;22071;Mollywood
140870;67715;Nozon
141;185;Pandora Cinema
141;306;Twentieth Century Fox Film Corporation
141;2214;Flower Films
141;3334;Adam Fields Productions
1410;1901;University of Southern California
1410;8441;Jack H. Harris Enterprises
141010;1125;Midega Film
141010;9152;Devon Film
141052;429;DC Comics
141052;2537;Kennedy Miller Productions
141052;2723;Lin Pictures
141052;6194;Warner Bros.
141052;9993;DC Entertainment
141052;41624;RatPac-Dune Entertainment
141052;78685;Cruel and Unusual Films
141058;35;Lions Gate Films
1411;8;Fine Line Features
141102;4107;NEST Family Entertainment
141102;6575;Crest Animation Production
141102;7431;Sony Pictures Entertainment (SPE)
141131;5798;Shaw Brothers
1412;14;Miramax Films
1412;889;Outlaw Productions
1412;1419;Virgin
141262;60547;Mirage Cinematografica
1413;360;Geffen Pictures
1413;6194;Warner Bros.
1414;15469;Sogetel
1415;1420;ContentFilm
1416;11554;Korea Pictures
1416;12743;Prime Entertainment
1417;2029;Estudios Picasso
1417;7470;Esperanto Filmoj
1417;11628;Tequila Gang
141714;9050;BBC Natural History Unit
141714;11283;CTV-Media Studio Corporation
141733;17457;Whizbang Films
141810;3112;Rodeo Drive
141868;4148;Keystone Film Company
1419;191;Senator Film Produktion
1419;21248;Goldkind Filmproduktion
1419;29008;Europool
142;1246;River Road Entertainment
142;3997;Alberta Film Entertainment
142;10146;Focus Features
142;10565;Good Machine
142012;12245;Robert Lawrence Productions
142012;18880;Showtime Networks
142064;429;DC Comics
1421;53;Les Films du Carrosse
1421;64;Les Productions Artistes Associés
142115;58675;Perry Street Pictures
1422;829;Vertigo Entertainment
1422;5552;Media Asia Films
1422;6194;Warner Bros.
1422;7380;Initial Entertainment Group (IEG)
1422;45778;Plan B Entertainment
142254;441;Columbia Pictures Corporation
142308;3202;Walt Disney Studios Home Entertainment
142478;10202;Columbia TriStar Home Entertainment
142656;5070;Shôchiku Eiga
1427;342;Davis-Films
1427;753;Nouvelles Éditions de Films (NEF)
1427;1208;Rising Star
1427;2116;VIP Medienfonds 4
1427;2875;Ikiru Films
1427;5755;Constantin Film Produktion
1427;7956;Castelao Producciones
142746;13852;Odessa Film Studios
142770;5120;Mosfilm
142797;5120;Mosfilm
1428;441;Columbia Pictures Corporation
1428;7405;Dimension Films
1428;10807;Troublemaker Studios
1429;4319;40 Acres & A Mule Filmworks
1429;9195;Touchstone Pictures
142979;10882;Francinex
142979;54583;Tempo Film
142979;85676;Cinematografica RI.RE
143;33;Universal Pictures
1430;803;Alliance Atlantis Communications
1430;11104;TiMe Film- und TV-Produktions GmbH
1430;26136;Vif Babelsberger Filmproduktion GmbH & Co. Zweite KG
1430;26137;Dog Eat Dog Films
1430;26138;Iconolatry Productions Inc.
1430;26139;Salter Street Films International
1430;26140;United Broadcasting Inc.
143049;10039;Anonymous Content
143049;14580;Treehouse Pictures
143098;157;SVT Drama
143098;55392;Marko Röhr Productions
143277;21540;Mary Pickford Company
143299;11465;Noram Entertainment
1433;1102;Producciones Anhelo
1433;9335;Canal+ España
1433;11628;Tequila Gang
1433;11736;El Deseo S.A.
1433;11955;Sogepaq
143355;10617;Bosna Film
143355;28223;Filmska Radna Zajednica
143355;28713;Sutjeska Film
143355;10617;Bosna Film
143355;28223;Filmska Radna Zajednica
143355;28713;Sutjeska Film
143525;11470;Lähikuva Oy
143547;5358;Canal+
143547;36852;Mire
143547;36853;Belbo Films
143876;72026;EGO Production
1439;711;Fox 2000 Pictures
143946;5070;Shôchiku Eiga
143959;18405;Kinotar
144;45;Road Movies Filmproduktion GmbH
144;6116;Argos Films
144;7025;Westdeutscher Rundfunk (WDR)
1440;12;New Line Cinema
1440;716;Standard Film Company
1440;2570;Bona Fide Productions
144092;5466;Irwin Entertainment
1441;713;Nu Image Entertainment
1441;714;3L Filmverleih
144204;9968;Black Flag
144204;36489;ThanatoFilms
144206;5996;BBC
144206;25570;BBC Drama Productions
144288;6194;Warner Bros.
144288;11671;Studio 4°C
144288;23335;Lucent Pictures Entertainment
144288;29177;Beyond C.
1443;70;American Zoetrope
144326;306;Twentieth Century Fox Film Corporation
144336;10427;Open Road Films
144336;11029;QED International
144336;16311;Albert S. Ruddy Productions
144336;16312;Crave Films
144336;16314;Roth Films
144340;10146;Focus Features
144344;15323;Juventus Film
144344;15324;Primex Italiana
144436;18758;Edison Manufacturing Company
144444;36412;American Mutoscope & Biograph
144464;18758;Edison Manufacturing Company
144498;1177;Rastar Films
144560;86625;Sateenkaarifilmi Oy
144570;3222;Baltic Film Group
144570;74862;IMS 6 LLP
144610;35027;Joe Siu International Film
144610;44338;Movie Impact Ltd
144676;11130;Royal Oaks Entertainment Inc.
144676;21304;Cabin Fever Entertainment
144680;12069;Girl & Chocolate Skateboards
144686;21485;University of Southern California, School of Cinematic Arts
144712;4598;Chesler/Perlmutter Productions
144724;12986;Fennada-Film
144728;12986;Fennada-Film
144784;6;RKO Radio Pictures
1448;719;Film Foundry Partners
1448;721;Zenith Productions
144852;4928;Allied Artists Pictures
144910;3065;American Broadcasting Company (ABC)
144942;5996;BBC
144942;5996;BBC
144982;5333;Zeta Entertainment
145;123;Trust Film
145;125;Danish Film Institute
1450;3689;East Wing Holdings
1450;11552;SAJ
1450;11553;Beijing Happy Pictures Cultural Communications Co.
145066;181;Channel Four Films
145066;185;Pandora Cinema
145066;927;Palace Pictures
145066;12745;British Screen Productions
145132;10559;Koch Media
145132;22778;SEVEN24 Films
145162;8411;Metro-Goldwyn-Mayer (MGM)
145162;13646;Jerry Gershwin-Elliott Kastner
145186;11860;Barnholtz Entertainment
145186;13912;ARO Entertainment
145220;32;Buena Vista
145220;6421;Disney
145312;12467;Nomadic Pictures
145312;21040;ITV Studios America
145312;21041;Annuit Coeptis Entertainment Inc.
145504;6639;Televisión Española (TVE)
145504;43789;Grupo Ukamau
145668;23189;Greeks Productions
145668;23190;Kitchen Sink Productions
146;58;Sony Pictures Classics
146;2269;China Film Co-Production Corporation
146;2798;Columbia Pictures Film Production Asia
146;10565;Good Machine
146;12205;EDKO Film
146;20289;Asia Union Film & Entertainment Ltd.
146;20290;United China Vision
146;20291;Zoom Hunt International Productions Company Ltd.
146030;6147;Tallinnfilm
146198;9015;Worldview Entertainment
146198;30420;Anonymous Content
146198;73493;MadRiver Pictures
146198;78595;Sierra Pictures
146198;78596;Surefire Capital
146198;9015;Worldview Entertainment
146198;30420;Anonymous Content
146198;73493;MadRiver Pictures
146198;78595;Sierra Pictures
146198;78596;Surefire Capital
146216;429;DC Comics
146216;435;Di Bonaventura Pictures
146216;491;Summit Entertainment
146216;9993;DC Entertainment
146238;215;Double Feature Films
146238;508;Regency Enterprises
146238;562;Appian Way
146238;7420;Stone Village Pictures
146238;10104;New Regency Pictures
146301;4;Paramount Pictures
146301;3172;Blumhouse Productions
146313;11624;Visualeyes Productions
146313;42002;Velvet Spoon Productions
146380;34145;Middle Child Productions
146404;3324;British Broadcasting Corporation (BBC)
146404;11808;Whitby Davison Productions Ltd.
146414;27593;Lenfilm Studio
146449;3245;First National Pictures
146712;16441;Pacific Bay Entertainment Canada
146712;16442;Pacific Bay Entertainment
146724;26324;Next Entertainment World
146730;16874;Laugh-O-Gram Films
146916;33;Universal Pictures
146926;7954;Filmwerks
146946;3084;Vallelonga Productions
146946;21729;Black Elk Mountan Prods LLC
146946;21730;Enlightenment Films
147;53;Les Films du Carrosse
147;10897;Sédif Productions
147;10932;The Criterion Collection
147106;5;Columbia Pictures
147106;893;Stanley Kramer Productions
147276;6805;Epix
147441;1645;Scott Free Productions
147441;7076;Chernin Entertainment
147441;20656;Babieka
147441;52184;Volcano Films
147621;88955;Dansk Biograf Compagni
147692;10618;Filmstudio Bucuresti
147698;17281;Aparte Film
147726;4985;20th Century Pictures
147746;7159;Star-Film
147746;37046;Georges Méliès
147829;8411;Metro-Goldwyn-Mayer (MGM)
147843;8411;Metro-Goldwyn-Mayer (MGM)
1479;1597;DSM III
1479;6194;Warner Bros.
147903;441;Columbia Pictures Corporation
148;78;Hotshot Films
1480;10330;Universal International Pictures (UI)
148034;15165;Centar Film
148044;7448;Tobis Filmkunst
148284;7135;Sun Pictures
1483;69112;Theatre Of Material
148357;13133;Universal Film Manufacturing Company
148357;70274;Lois Weber Productions
148380;6377;Media Asia Films Ltd.
1484;1594;Pantera Film
148408;20091;RAI Radiotelevisione Italiana
148410;6194;Warner Bros.
148430;5120;Mosfilm
148478;71825;Lasihelmi Filmi
148482;2303;Villealfa Filmproduction Oy
1485;8411;Metro-Goldwyn-Mayer (MGM)
148622;5120;Mosfilm
148636;1765;Turner Pictures
148636;5173;Warner Bros. Home Video
148636;7258;Alliance
148652;63505;Bauman Entertainment
148675;306;Twentieth Century Fox Film Corporation
1487;5;Columbia Pictures
1487;497;Revolution Studios
1487;552;Dark Horse Entertainment
1487;840;Lawrence Gordon Productions
1487;21497;Starlite Films
1488;727;TV Productions LTD And Beijing Hop Culture Co
148811;79775;Vaughan Films
148857;2387;sabotage film GmbH
148857;4606;Zweites Deutsches Fernsehen (ZDF)
149;528;Bandai Visual Company
149;882;Toho Company
149;3363;Mainichi Broadcasting System (MBS)
149;6999;Kodansha
149;9155;Tokyo Movie Shinsha (TMS)
149;10919;TMS Entertainment
149;10920;Akira Committee Company Ltd.
149;10921;Sumitomo Corporation
149026;4;Paramount Pictures
149114;4928;Allied Artists Pictures
149150;91783;Sota Cinema Group
149170;5120;Mosfilm
149180;1465;Metheus Film
149180;1500;Copercines, Cooperativa Cinematográfica
1493;79;Village Roadshow Pictures
1493;97;Castle Rock Entertainment
1493;172;NPV Entertainment
1493;4258;Fortis Films
149320;1427;Commonwealth United Entertainment
149468;5120;Mosfilm
1495;264;Studio Babelsberg
1495;306;Twentieth Century Fox Film Corporation
1495;1645;Scott Free Productions
1495;4169;Kanzaman
1495;19477;Dune Films
1495;19478;BK
1495;19479;KOH
1495;19480;Reino del Cielo
1495;19482;Inside Track 3
1495;19483;Calle Cruzada
1496;33;Universal Pictures
1496;17823;Alive Films
1496;47030;Koppelmann/Bandier-Carnegie Pictures
1496;47031;Capella
1497;12;New Line Cinema
1497;2521;Golden Harvest Company
149723;3656;GAGA
149727;15406;Qartuli Pilmi
149786;9027;Hallmark Hall of Fame Productions
1498;12;New Line Cinema
1498;2521;Golden Harvest Company
149832;21978;Gorky Film Studios
1499;12;New Line Cinema
1499;969;Golden Harvest Pictures
1499;53677;Clearwater Holdings Limited
15;6;RKO Radio Pictures
15;11447;Mercury Productions
150;4;Paramount Pictures
150010;21978;Gorky Film Studios
150056;585;UFA Filmproduktion GmbH
150140;1957;Warner Bros. Television
150140;9027;Hallmark Hall of Fame Productions
150140;77320;garner-Duchow Productions
150202;12026;Gold Circle Films
150218;1958;Jonia Film
150230;7662;Epic Pictures Group
150338;441;Columbia Pictures Corporation
150338;41571;Pendulum Productions
150540;2;Walt Disney Pictures
150540;3;Pixar Animation Studios
150657;5225;Johnson Production Group
150657;12467;Nomadic Pictures
150778;4;Paramount Pictures
151431;659;London Film Productions
151509;83440;Relevant
151509;83441;Fuzzy Bunny Productions
151679;57288;Max L. Raab Productions
151687;8363;Euston Films
151687;8363;Euston Films
151743;4053;Enlight Pictures
151831;33;Universal Pictures
151911;60;United Artists
151911;10096;Walter Wanger Productions
151911;60;United Artists
151911;10096;Walter Wanger Productions
151923;6135;David Hannay Productions
151923;21318;Pro Filmworks
151933;17008;CC Capital Arts Entertainment SRL
151933;17009;Universal 1440 Entertainment
152;4;Paramount Pictures
152023;12500;Flatland Pictures
152206;10348;Republic Pictures (II)
152206;18880;Showtime Networks
1523;43;Fox Searchlight Pictures
1523;245;Cowboy Films
1523;284;DNA Films
1523;698;Scottish Screen
1523;2452;UK Film Council
1523;6705;Filmfour
1523;20369;Slate Films
1523;20370;Tatfilm
152599;770;Kingsgate Films
152599;9015;Worldview Entertainment
152601;6194;Warner Bros.
152601;13184;Annapurna Pictures
152603;140;Pandora Film
152603;4503;Neue Road Movies
152603;6187;ARD/Degeto Film GmbH
152603;11561;Recorded Picture Company (RPC)
152603;19244;Snow Wolf Produktion
152603;19245;Lago Film
152603;19246;Faliro House Productions
152737;16280;Jean Doumanian Productions
152737;22695;Smokehouse Pictures
152747;6742;Sudden Storm Productions
152747;7493;FilmNation Entertainment
152747;14580;Treehouse Pictures
152747;14861;Before the Door Pictures
152747;14862;Washington Square Films
152747;22146;Black Bear Pictures
152780;5162;Memento Films Production
152780;16804;France 3 Cinema
152912;12514;Slovenská filmová tvorba Koliba (SFT)
152912;55703;Wytwórnia Filmów Fabularnych (WFF) Wroclaw
153;70;American Zoetrope
153102;6529;Fox Television Studios
153102;6790;Discovery Channel
153118;17027;National Film Board of Canada (NFB)
153118;73930;Studio GDS
153158;5517;100 Bares
153158;11408;Ministerio de Cultura
153158;11427;Instituto de Crédito Oficial (ICO)
153158;21915;Televisión Federal (Telefe)
153158;22128;369 Productions
153158;22130;Catmandu Branded Entertainment
153158;22133;JEMPSA
153158;22134;Plural - Jempsa
153158;22135;Prana Animation Studios
153162;8411;Metro-Goldwyn-Mayer (MGM)
153228;6194;Warner Bros.
153228;48591;Joseph Bernhard Productions Inc.
153266;266;Agencja Produkcji Filmowej
153266;37659;HBO Polska
153266;67805;Vilm Production
153266;266;Agencja Produkcji Filmowej
153266;37659;HBO Polska
153266;67805;Vilm Production
1534;306;Twentieth Century Fox Film Corporation
1534;444;Dune Entertainment
1534;445;Major Studio Partners
1534;11317;Phoenix Pictures
153444;19072;Les Films Marcel Vandal et Charles Delac
153444;19072;Les Films Marcel Vandal et Charles Delac
1535;33;Universal Pictures
1535;656;Metropolitan Filmexport
1535;657;Toho-Towa
1535;780;Red Wagon Productions
1535;919;Beacon Communications
1535;7385;Kalima Productions GmbH & Co. KG
153518;5;Columbia Pictures
153518;18642;Rovio Entertainment
153518;30692;Sony Pictures Imageworks (SPI)
153518;50848;Rovio Mobile
153518;91920;Rovio Animation
153652;13665;Raymond Stross Productions
153652;20259;Buckman
1537;4;Paramount Pictures
153738;4592;Dark Sky Films
153738;12142;XYZ Films
153738;16538;Pellicola
153750;955;Nikkatsu
153750;3659;Django Film
153750;4641;Shochiku Company
1538;4;Paramount Pictures
1538;27;DreamWorks SKG
1538;11084;Parkes/MacDonald Productions
1538;11463;Edge City
153820;25206;La Sorcière Rouge
1539;725;Film 1
154073;306;Twentieth Century Fox Film Corporation
1541;841;Pathé Entertainment
1541;8411;Metro-Goldwyn-Mayer (MGM)
1541;21854;Star Partners III Ltd.
1542;306;Twentieth Century Fox Film Corporation
1542;7458;Cubicle Inc.
154226;23839;Creative Entertainment Group
154276;306;Twentieth Century Fox Film Corporation
154276;12590;International Productions
154276;12591;Angeles Entertainment Group
154276;12592;Inverness Productions
1544;288;BBC Films
1544;315;Filmstiftung Nordrhein-Westfalen
1544;1972;X-Filme Creative Pool
1544;2650;Ealing Studios
1544;2651;Fragile Films
1544;10146;Focus Features
1544;42272;RTL
1544;52728;Cougar Films Ltd.
1544;52729;Minotaur Film Partnership No. 3
154400;43;Fox Searchlight Pictures
154400;7076;Chernin Entertainment
154442;84456;Marui-Kobunsha Corporation
154582;21534;Kairos-Film
1546;58;Sony Pictures Classics
1546;12260;Bob Yari Productions
154622;10915;Turner Classic Movies (TCM)
1547;6194;Warner Bros.
1548;60;United Artists
1548;216;Jersey Films
1548;247;Granada Film Productions
1548;826;Capitol Films
1548;2130;Mr. Mudd Production
1549;6301;CinéCinéma
1549;23433;Noé Productions
1549;26466;Lola Films
155;429;DC Comics
155;923;Legendary Pictures
155;6194;Warner Bros.
155;9993;DC Entertainment
155;9996;Syncopy
1550;728;Kalkaska Productions
1550;26468;IFC Productions
155084;6018;Sahamongkol Film International
155084;7405;Dimension Films
155084;7437;IM Global
155084;7625;Automatik Entertainment
155084;20671;Radius-TWC
155084;26470;Little Magic Films
155096;684;Kim Ki-Duk Film
1551;441;Columbia Pictures Corporation
1551;5738;Stonebridge Entertainment
1552;23;Imagine Entertainment
1552;33;Universal Pictures
155288;54275;Mirror Maze
1553;729;Why Not Productions
1554;3492;Island Pictures
1554;10932;The Criterion Collection
1554;21612;Black Snake
1554;42043;Grokenberger Film Produktion
1555;732;Mate Producciones S.A.
155597;8930;Euro International Film (EIA)
155605;5070;Shôchiku Eiga
155685;306;Twentieth Century Fox Film Corporation
155685;11735;Robert E. Kent Productions
1557;161;Claussen + Wöbke Filmproduktion GmbH
155796;86188;Gafer Producciones
155890;15037;Albertine Production
1559;1627;Maran Film
1559;1628;V.M. Productions
155956;1477;Franco London Films
155956;52852;Produzioni Cinematografiche Associate
1561;6116;Argos Films
1561;14680;Parc Film
156141;5120;Mosfilm
156145;819;Mars Films
1562;284;DNA Films
1562;359;Figment Films
1562;785;Sociedad General de Cine S.A.
1562;2452;UK Film Council
1562;2890;Fox Atomic
1562;10890;Koan Films
1563;6116;Argos Films
156317;3245;First National Pictures
156317;9329;The Vitaphone Corporation
156547;1429;Italian International Film
156597;805;Serendipity Point Films
156597;24630;Citizen Jones
1566;1626;Fono Film
156603;4395;Monogram Pictures
156643;4053;Enlight Pictures
156643;17820;Mega-Vision Pictures (MVP)
1567;104;Canal Plus
1567;1157;Les Cinémas de la Zone
1567;1158;Love Streams Productions
156708;25844;72 Productions
157;4;Paramount Pictures
1571;289;Ingenious Film Partners
1571;306;Twentieth Century Fox Film Corporation
1571;444;Dune Entertainment
1571;890;Cheyenne Enterprises
1571;11845;Wintergreen Productions
157174;9266;American International Pictures (AIP)
157174;12692;Gallus Films
157174;12693;Les Films Agiman
1572;306;Twentieth Century Fox Film Corporation
1572;1504;Cinergi Pictures Entertainment
1573;306;Twentieth Century Fox Film Corporation
1573;1073;Gordon Company
1573;1885;Silver Pictures
157336;4;Paramount Pictures
157336;923;Legendary Pictures
157336;6194;Warner Bros.
157336;9996;Syncopy
157336;13769;Lynda Obst Productions
157350;491;Summit Entertainment
157350;14440;Red Wagon Entertainment
157375;22822;La Pistola
157375;22823;Attic Light Films
1574;14;Miramax Films
1574;734;Producers Circle
1574;8797;Storyline Entertainment
157544;126;Lakeshore Entertainment
157544;1632;Lionsgate
157544;20851;H2F Entertainment
157544;58399;Pantelion Films
1577;248;Impact Pictures
1577;53530;Constantin Film Ltd.
157787;6896;EuropaCorp
1578;60;United Artists
157823;1976;Film Science
157823;26952;Maybach Film Productions
157823;30666;RT Features
157823;30667;Tipping Point Productions
157825;729;Why Not Productions
157825;856;Wild Bunch
157825;1474;Desperate Pictures
157825;15433;Orange Studios
157827;2783;Motlys
157827;6916;Arte France Cinéma
157827;26995;Animal Kingdom
157829;738;Myriad Pictures
157829;2372;Unison Films
157829;10425;Kim and Jim Productions
157829;14036;Division Films
157829;14037;Dreambridge Films
157837;7281;British Film Institute (BFI)
157841;7286;Epithète Films
157841;10246;Cross Creek Pictures
157841;12000;Tapioca Films
157843;6692;Benaroya Pictures
157843;51864;H Films
157843;58092;Raslan Company of America
157845;6237;Porchlight Films
157845;7493;FilmNation Entertainment
157845;7584;Screen Australia
157845;10951;Screen NSW
157845;32299;Blue-Tongue Films
157845;32300;Lava Bear Films
157845;33905;South Australian Film Corporation, The
157845;41077;A24
157847;9015;Worldview Entertainment
157847;10989;Muskat Filmed Properties
157847;14037;Dreambridge Films
157847;20848;Rough House Pictures
157849;191;Senator Film Produktion
157849;1632;Lionsgate
157849;7493;FilmNation Entertainment
157849;9349;Film4
157849;13241;Demarest Films
157849;28275;The Ink Factory
157849;36615;Potboiler Productions
157849;36616;Amusement Park Films
157851;1905;Integral Film
157851;2844;Prospero Pictures
157851;8997;SBS Productions
157851;23514;Sentient Entertainment
1579;152;Icon Productions
1579;4564;Icon Entertainment International
1579;9195;Touchstone Pictures
158;7594;Touchstone
1580;1554;Transatlantic Pictures
1580;6194;Warner Bros.
1580;8411;Metro-Goldwyn-Mayer (MGM)
158011;559;TriStar Pictures
158011;10339;WWE Studios
158011;15462;Troika Pictures
158011;15463;Emergency Films
158011;15464;Apotheosis Media Group
158011;15465;Amasia Entertainment
158015;33;Universal Pictures
158015;729;Why Not Productions
158015;2481;Platinum Dunes
158015;3172;Blumhouse Productions
158015;18065;20th Century Fox Russia
158068;882;Toho Company
1581;5;Columbia Pictures
1581;33;Universal Pictures
1581;735;Waverly Films
1581;7295;Relativity Media
158113;6194;Warner Bros.
158262;37664;Belafonte Enterprises
1583;736;Little Shark Entertainment GmbH
1584;4;Paramount Pictures
1584;258;Scott Rudin Productions
1584;2348;Nickelodeon Movies
1584;8647;NEW Century
1584;21409;MFP Munich Film Partners GmbH & Company I. Produktions KG
1584;88628;Sor Productions
158426;5358;Canal+
158426;6877;Grive Productions
158426;6896;EuropaCorp
158439;6;RKO Radio Pictures
1585;6;RKO Radio Pictures
1585;11770;Liberty Films (II)
1587;4;Paramount Pictures
158711;4433;National Geographic Television
158743;49989;Computer Chess
1588;919;Beacon Communications
158811;6;RKO Radio Pictures
158852;2;Walt Disney Pictures
158852;20656;Babieka
158852;59778;A113
158884;4748;Oscilloscope Laboratories
1589;8719;Isle of Man Film Commission
1589;8934;Studio Hamburg WorldWide Pictures
158908;3356;State Street Pictures
158908;3766;iDeal Partners Film Fund
158908;13238;Unified Pictures
158908;19761;Floren Shieh Productions
158908;20313;Venture Forth
158908;41640;Archer Gray
158914;163;Revolution Films
158914;9210;Film Four International
158914;9987;Lipsync Productions
158914;13854;Baby Cow Films
158916;2526;Kickstart Productions
158916;5706;Mythic International Entertainment
158916;23607;Raindance Entertainment
158928;4343;Showtime Networks
158936;8924;RabbitBandini Productions
158968;42045;Sakhkinmretsvi
158990;318;CTB Film Company
158990;20856;Realitism Films
158990;20857;Rubber Films
158990;44486;Timwe
159;47;Constantin Film
159;99;Olga-Film GmbH (München)
1590;737;Sidney Kimmel Entertainment
1590;739;Anomaly Entertainment
159002;308;The Weinstein Company
159002;21864;Cine Mosaic
159002;26470;Little Magic Films
159002;95800;Ex Lion Tamer
159004;34484;Civic Bakery
159004;34485;Big Noise Films
159024;9015;Worldview Entertainment
159095;443;Big Talk Productions
159095;9349;Film4
159095;20664;Anton Capital Entertainment (ACE)
1591;740;MTM Cineteve
1591;1704;Bavaria Film
1591;5755;Constantin Film Produktion
1591;24212;Media Cooperation One
159109;12545;Also Known As Pictures
159109;12545;Also Known As Pictures
159117;15156;The Collective
159117;15157;Bloody Disgusting
159117;15158;8383 Productions
159117;15159;Snoot Entertainment
159117;15160;Haxan Films
159121;9;Gaumont
159121;79420;Légende Films (koprodukcja)
159121;79421;France 2 Cinéma (koprodukcja)
1592;4;Paramount Pictures
159211;2683;Rai Cinema
159211;17517;One More Pictures
159215;6194;Warner Bros.
159281;4268;Les Films du Griffon
159281;9248;Tigielle 33
1593;289;Ingenious Film Partners
1593;306;Twentieth Century Fox Film Corporation
1593;436;1492 Pictures
1593;2575;21 Laps Entertainment
159389;11061;Motion Picture Corporation of America (MPCA)
159389;11073;Sony Pictures Television
159389;12799;Silver Screen Pictures
159389;52429;Lasky Productions
1594;60;United Artists
1594;92221;Mirisch Films Limited
159403;881;Daiei Studios
159447;9340;Enjoy Movies
159469;6;RKO Radio Pictures
1595;741;Emotion Pictures
1595;742;Reverse Angle International
1595;26469;InDigEnt (Independent Digital Entertainment)
1596;1271;Pariah Entertainment Group
159638;16860;Hernany Perla Films
159638;16861;Flying Monkeys Entertainment
1597;27;DreamWorks SKG
1597;33;Universal Pictures
1597;11391;Tribeca Productions
1597;41248;Nancy Tenenbaum Films
159704;1242;Reteitalia
159704;8694;Silvio Berlusconi Communications
159727;632;British Lion Films
159727;1314;Hammer Film Productions
1598;33;Universal Pictures
1598;56;Amblin Entertainment
1598;691;Cappa Productions
1598;11391;Tribeca Productions
159942;2683;Rai Cinema
159942;14819;Asap films
159942;48664;SCCA / pro.ba
159942;49623;Vertigo/Emotionfilm
160;11793;Lumière
160118;13140;Parada Film
160118;13652;Hai Hui Entertainment
160124;7157;Koktebel Film Company
160128;23050;TVP Film & Multimedia
160139;680;Studio Hamburg Filmproduktion
160139;6663;C-Films AG
160139;6715;K5 International
160139;7237;Tele München Fernseh Produktionsgesellschaft (TMG)
160139;8683;Cinemate
160139;21917;Efish Entertainment
160139;23437;K5 Film
160139;24277;PalmStar Entertainment
160165;250;Canal+Polska
160165;11236;Zentropa International Poland
160165;15066;Shot - Szumowski
160265;82128;Filmkraft Productions Pvt. Ltd
160588;12966;Perdido Productions
160660;6194;Warner Bros.
160768;729;Why Not Productions
160768;9015;Worldview Entertainment
160768;15433;Orange Studios
160844;12855;Mitar Group
1609;248;Impact Pictures
1609;718;Arts Council of England
1609;1178;Pathé Pictures International
1609;5358;Canal+
1609;39735;Impact Film & TV
1609;66592;Sarah Radclyffe Productions Limited
161;79;Village Roadshow Pictures
161;129;Section Eight
161;172;NPV Entertainment
161;2596;Jerry Weintraub Productions
161;6194;Warner Bros.
161;24939;WV Films II
1610;1261;Scala Productions
1610;1508;Wildgaze Films
161024;7977;Rizoma Films
161024;12862;Film Suez
161024;7977;Rizoma Films
161024;12862;Film Suez
161056;235;Nordisk Film
161070;247;Granada Film Productions
161070;20928;Majestic Films International
161070;38178;Newcomm
161076;219;The Mirisch Corporation
161076;14983;DFI
161076;42407;TFT Productions
161080;1268;Focus Films
161080;2268;Isle of Man Film
161080;8719;Isle of Man Film Commission
161080;10351;IAC Film
1611;191;Senator Film Produktion
1611;736;Little Shark Entertainment GmbH
1611;1107;Seven Pictures
161143;521;DreamWorks Animation
161187;8142;Lane Street Pictures
161187;41510;Pictures from the Fringe
1613;246;Film Council
1613;803;Alliance Atlantis Communications
1613;1218;The Film Consortium
1613;1268;Focus Films
1613;1269;Momentum Films
1613;1270;National Lottery
1613;8582;Canadian Film or Video Production Tax Credit (CPTC)
1613;18620;Artists Production Group (APG)
1613;52619;Fifty First Films
161512;6194;Warner Bros.
161602;5579;Metro-Goldwyn-Mayer British Studios
161620;1957;Warner Bros. Television
161782;4881;Rapid Heart Pictures
161796;89953;Mascot Picture Corp.
162;306;Twentieth Century Fox Film Corporation
1620;306;Twentieth Century Fox Film Corporation
1620;444;Dune Entertainment
1620;867;Anka Film
1620;6896;EuropaCorp
1620;11746;Daybreak Productions
1620;11747;Prime Universe Productions
162056;15868;Medusa Distribuzione
162056;20091;RAI Radiotelevisione Italiana
1621;4;Paramount Pictures
1621;11142;Cinema Group Ventures
1622;744;Diaphana Films
162234;2511;Zero Film GmbH
162234;5032;Catpics Co Productions AG
162234;10565;Good Machine
162284;8411;Metro-Goldwyn-Mayer (MGM)
1623;306;Twentieth Century Fox Film Corporation
162320;745;Les Films de la Pléiade
162374;17469;Tu Vas Voir Productions
1624;23;Imagine Entertainment
1624;33;Universal Pictures
162458;77195;Elena Films
162512;28872;Climax Fables
162592;11862;Lumiere Film Company
1626;220;Pathé Consortium Cinéma
1626;745;Les Films de la Pléiade
1626;10932;The Criterion Collection
1628;53;Les Films du Carrosse
1628;22657;Sédif Productions (as S.E.D.I.F.)
162818;157;SVT Drama
162818;17593;Filmhuset AS
162818;92850;Channel One
162862;21;Metro-Goldwyn-Mayer
162864;62009;Viennale
162874;1442;Cosmopolitan Productions
162874;8411;Metro-Goldwyn-Mayer (MGM)
162928;8411;Metro-Goldwyn-Mayer (MGM)
162934;14585;Leucadia Film Corporation
163;79;Village Roadshow Pictures
163;129;Section Eight
163;2596;Jerry Weintraub Productions
163;6194;Warner Bros.
163;12202;WV Films III
1630;34;Sony Pictures
1631;243;CB Films
1631;18367;Centre National de la Cinématographie (CNC)
1631;18477;Les Films de la Boétie
1631;25899;Artédis
1632;41;Orion Pictures
163202;5551;Long Shong Pictures
163250;7671;Amblin Television
163250;10915;Turner Classic Movies (TCM)
1633;33;Universal Pictures
163312;38069;Legion Entertainment
163312;93126;Eureka Media
163312;38069;Legion Entertainment
163312;93126;Eureka Media
163376;11496;Jalem Productions
163428;29575;Uzbekfilm
1635;27;DreamWorks SKG
1635;6194;Warner Bros.
1635;11084;Parkes/MacDonald Productions
1636;306;Twentieth Century Fox Film Corporation
1636;508;Regency Enterprises
1636;73949;KirchMedia
163659;1719;Canana Films
163659;8861;Instituto Mexicano de Cinematografía (IMCINE)
163659;11785;Alcove Entertainment
1639;306;Twentieth Century Fox Film Corporation
1639;35304;Blue Tulip Productions
163907;2070;Rastar Pictures
164;4;Paramount Pictures
164;11355;Jurow-Shepherd
164013;1038;Bazelevs Production
1641;27;DreamWorks SKG
1641;1560;Roth-Arnold Productions
164123;4056;Hallmark Entertainment
164123;12959;Showtime Original Pictures for All Ages
1642;5;Columbia Pictures
164286;12972;The Sabi Company
1643;60;United Artists
1643;64;Les Productions Artistes Associés
1643;7508;Produzioni Europee Associati (PEA)
1644;306;Twentieth Century Fox Film Corporation
164443;9027;Hallmark Hall of Fame Productions
164443;9027;Hallmark Hall of Fame Productions
1645;508;Regency Enterprises
1645;6194;Warner Bros.
164558;5;Columbia Pictures
164558;34;Sony Pictures
1646;215;Double Feature Films
1646;216;Jersey Films
1646;20396;Kernos Filmproduktionsgesellschaft & Company
164687;5488;Fox Film Corporation
1647;58262;Birnbaum / Barber Productions
164777;1740;Les Films Copernic
1648;41;Orion Pictures
1649;41;Orion Pictures
1649;365;Nelson Entertainment
165;33;Universal Pictures
165;56;Amblin Entertainment
165;20448;U-Drive Productions
165027;8697;Salzgeber & Company Medien
1651;53;Les Films du Carrosse
1651;64;Les Productions Artistes Associés
1651;34403;Produzioni Associate Delphos
165159;641;Titanus
1652;191;Senator Film Produktion
1653;191;Senator Film Produktion
1653;316;Wildwood Enterprises
1653;1143;Sound for Film
1653;6638;Inca Films S.A.
1653;6705;Filmfour
1653;9962;BD Cine
1653;17469;Tu Vas Voir Productions
1653;19027;Sahara Films
1654;8411;Metro-Goldwyn-Mayer (MGM)
1654;14159;Seven Arts Pictures
1654;79298;MKH
165401;35930;Fidelity Productions
1656;56;Amblin Entertainment
1656;441;Columbia Pictures Corporation
165739;5218;Imprint Entertainment
165739;22506;Most Films
165739;22507;Extravaganza Entertainment
165739;22508;42 Films
166;9;Gaumont
166;7961;Gaumont International
166;28766;Production Marcel Dassault
1660;53;Les Films du Carrosse
1660;64;Les Productions Artistes Associés
166076;429;DC Comics
166076;2785;Warner Bros. Animation
166076;4811;Warner Premiere
166076;9993;DC Entertainment
1661;1972;X-Filme Creative Pool
166161;14217;Odyssee Pictures
1662;41;Orion Pictures
1662;364;The Rank Organisation
1662;761;Cinehaus
166207;8011;Producciones A.S.H. Films S.A.
166221;4063;Trimark Pictures
166221;10399;Cinetel Films
166221;37171;Yankee Entertainment Group
166271;856;Wild Bunch
166271;3388;The Movie Network (TMN)
166271;5106;Copperheart Entertainment
166271;8582;Canadian Film or Video Production Tax Credit (CPTC)
166271;11575;Movie Central
166271;19091;Government of Ontario: Ontario Film and Television Tax Credit Program
1665;7429;HBO Films
1665;11486;Picturehouse Entertainment
1665;13507;Pie Films Inc.
166560;8411;Metro-Goldwyn-Mayer (MGM)
166621;3245;First National Pictures
166643;5488;Fox Film Corporation
166677;6790;Discovery Channel
166747;33365;Mattel Playground Productions
166773;6964;ShowTime
166773;21256;LOL Comedy TV
166773;21684;LOLflix
166798;7059;Aurora Films
166798;17136;L.B.Films International
166874;28520;B.R. Films
166886;74959;Film Studio Tanka
166888;641;Titanus
166888;641;Titanus
1669;4;Paramount Pictures
1669;1693;Nina Saxon Film Design
1669;2767;Mace Neufeld Productions
167;763;Intermedia Films
167;840;Lawrence Gordon Productions
167;1178;Pathé Pictures International
167;19116;IMF Internationale Medien und Film GmbH & Co. 3. Produktions KG
167032;17009;Universal 1440 Entertainment
1673;441;Columbia Pictures Corporation
1673;16326;Ranown Pictures Corp.
167330;46;WDR
167364;6832;Pathé Productions
167424;1618;Komplizen Film
167424;10771;Alexander-Stern Productions
167424;52412;Coop99 Filmproduktion
1675;53;Les Films du Carrosse
1675;1650;PECF
1675;10460;Produzione Intercontinentale Cinematografica (PIC)
167556;6906;LMN Productions
1677;33;Universal Pictures
1677;2233;Bristol Bay Productions
1677;2234;Baldwin Entertainment Group
1677;8833;Anvil Films
167726;11792;Tre Vänner Produktion AB
1678;622;Toho Film (Eiga) Co. Ltd.
167810;2266;Bold Films
167810;2527;Marc Platt Productions
167810;12562;Phantasma
167858;1931;Filmové Studio Barrandov
167858;5120;Mosfilm
167858;7168;Romania Film
1679;882;Toho Company
167956;54957;Eskoria Films
167960;22500;Highland Film Group
168;4;Paramount Pictures
1680;882;Toho Company
1680;46976;RKO General Pictures
168022;328;TLA Releasing
168022;18262;Indie Melbourne Productions
168056;11792;Tre Vänner Produktion AB
168098;5113;120dB Films
168098;6692;Benaroya Pictures
168098;18950;The Genre Co.
168098;34380;Cargo Entertainment
168098;78555;International Film Trust
168112;5674;SF Film
1682;882;Toho Company
168210;13151;Headline Pictures
168210;13152;Nice Guy Productions
168210;13153;Sennet Entertainment
168228;21136;James B. Harris Productions
168228;21136;James B. Harris Productions
1683;79;Village Roadshow Pictures
1683;1786;Dark Castle Entertainment
1683;6194;Warner Bros.
1683;15763;Eyetronics
1683;19965;Chime Films
168300;4641;Shochiku Company
168320;76;Zentropa Entertainments
168320;13160;Severe Features
168408;306;Twentieth Century Fox Film Corporation
168408;641;Titanus
168408;12240;Galatea Film
168478;95341;Dago Productions
1685;306;Twentieth Century Fox Film Corporation
1685;12943;APJAC Productions
168530;33;Universal Pictures
168530;1309;Rainforest Films
168530;2780;Cube Vision
168530;7295;Relativity Media
168538;1444;Cannon Group
168538;8411;Metro-Goldwyn-Mayer (MGM)
168538;1444;Cannon Group
168538;8411;Metro-Goldwyn-Mayer (MGM)
168538;1444;Cannon Group
168538;8411;Metro-Goldwyn-Mayer (MGM)
168538;1444;Cannon Group
168538;8411;Metro-Goldwyn-Mayer (MGM)
168538;1444;Cannon Group
168538;8411;Metro-Goldwyn-Mayer (MGM)
168538;1444;Cannon Group
168538;8411;Metro-Goldwyn-Mayer (MGM)
168538;1444;Cannon Group
168538;8411;Metro-Goldwyn-Mayer (MGM)
168538;1444;Cannon Group
168538;8411;Metro-Goldwyn-Mayer (MGM)
168552;16;United King Films
168552;39719;Green Productions
168552;39720;ONE TWO Films
168672;5;Columbia Pictures
168672;507;Atlas Entertainment
168672;13184;Annapurna Pictures
168676;769;Destination Films
168712;4106;Libra Pictures
168712;29493;Daniel L. Paulson Productions
168712;76857;MTM Entertainment
168742;13185;Red Lamp Films
168758;16820;PingPongFilm
168758;17555;Film i Skåne
168758;34519;SpectreVision
1688;306;Twentieth Century Fox Film Corporation
1688;12943;APJAC Productions
168806;5293;StellaNova Film
1689;14;Miramax Films
168994;10640;Shochiku Ofuna
169;306;Twentieth Century Fox Film Corporation
169;840;Lawrence Gordon Productions
169;1302;Davis Entertainment
169;1885;Silver Pictures
1690;1507;International Production Company
1690;1631;Raw Nerve
1690;1632;Lionsgate
1690;1633;Next Entertainment
1690;3287;Screen Gems
1690;17793;Hostel LLC
169020;9;Gaumont
169066;33;Universal Pictures
169068;10368;Leonard Hill Films
169068;11658;Brainstorm Media
169068;10368;Leonard Hill Films
169068;11658;Brainstorm Media
169090;17587;Lasse Forsberg Produktion AB
169158;4063;Trimark Pictures
169250;168;Jadran Film
169250;16785;Croatia Film
169298;20612;Giant Ape Media
169298;20613;SC Films International
1694;1212;Empire Pictures
169448;48745;Butimar Productions
1696;35;Lions Gate Films
1696;995;Cinerenta Medienbeteiligungs KG
1696;1838;Firm Films
1696;45966;Cinelamda Internationale Filmproduktionsgesellschaft
169652;4990;Ital-Noleggio Cinematografico
169652;38255;Ministero del Turismo e dello Spettacolo
169656;49691;Alert Film
169656;84722;Von Vietinghoff Filmproduktion (VVF)
169656;84723;Ekstaza
169692;53085;First Sun
1697;101;Roxy Film
169758;11675;Duckling A/S
169758;16617;Drama Deluxe
169760;26693;CoPilot Pictures
169788;4;Paramount Pictures
169794;41676;Standard Arts
1698;161;Claussen + Wöbke Filmproduktion GmbH
169800;42039;Arts+Labor
169800;45898;Sixth Street Films
169800;45899;Doki-Doki Productions
169832;13549;Golan-Globus Productions
169836;1448;Pro-ject Filmproduktion
169836;7024;Sender Freies Berlin (SFB)
169836;7025;Westdeutscher Rundfunk (WDR)
169836;9292;Hessischer Rundfunk (HR)
169836;10869;Filmverlag der Autoren
169842;3245;First National Pictures
169962;33;Universal Pictures
17;47;Constantin Film
17;248;Impact Pictures
17;2268;Isle of Man Film
17;2452;UK Film Council
170;284;DNA Films
170;10889;British Film Council
1701;130;Jerry Bruckheimer Films
1701;3589;Kouf/Bigelow Productions
1701;9195;Touchstone Pictures
1701;78338;Hiett Designs of Las Vegas
1701;78339;Runway Pictures Inc
1702;1625;Fugitive Features
170261;90743;Schick Sunn Classics
170263;3221;Sveriges Television (SVT)
170263;13294;Top Story Filmproduktion GmbH
170277;19570;Henry Halstead Productions
170279;62711;Talent United
170315;5347;Magla Productions
170455;3958;Front Street Pictures
170455;60221;Ordinary Road Productions
170477;15660;Longridge Enterprises
1705;306;Twentieth Century Fox Film Corporation
1705;22542;Apjac International
170517;6194;Warner Bros.
170517;16064;William Conrad Productions
170657;3393;Huayi Brothers
170657;12205;EDKO Film
170657;14714;China Film Group Corporation (CFGC)
170657;22838;Bingo Movie Development
170657;22839;Village Roadshow Pictures Asia
170657;22840;Chinavision Media Group
170687;11537;Laika Entertainment
170689;13318;Récifilms
170689;13319;Axel Films
170689;13320;Les Films du Trésor
170767;357;Vía Digital
170767;1429;Italian International Film
170767;6639;Televisión Española (TVE)
170767;6861;Lolafilms
170767;20091;RAI Radiotelevisione Italiana
170967;75341;Dizzy Giant
170967;75342;Grayscale Films
171;9;Gaumont
171;7961;Gaumont International
171;28766;Production Marcel Dassault
1710;508;Regency Enterprises
1710;10104;New Regency Pictures
171045;13324;Oceanstorm Films
171045;44975;Whyte Booth Pictures
171061;10488;21 One Productions
171075;4913;Independent Artists
171213;2926;Alexandre Films
171213;5358;Canal+
171213;75508;Prodève
1713;33;Universal Pictures
1713;4319;40 Acres & A Mule Filmworks
171337;10102;Cattleya
171337;14016;Ministero per i Beni e le Attività Culturali (MiBAC)
171357;13346;Fandor
171363;15098;Antena Latina Films
1714;10326;Anglo Enterprises
1714;10327;Vineyard Film Ltd.
171427;76131;Four Brothers Pictures
171429;15024;Rich-Heape Films
1715;14;Miramax Films
1715;1693;Nina Saxon Film Design
1715;1811;FilmColony
171587;7036;CJ Entertainment
171587;7036;CJ Entertainment
1716;53;Les Films du Carrosse
1716;3823;TF1 Films Production
1716;6849;Société Française de Production (SFP)
1716;10897;Sédif Productions
1717;441;Columbia Pictures Corporation
1717;1208;Rising Star
1717;7295;Relativity Media
1717;11317;Phoenix Pictures
1717;23238;VIP 4 Medienfonds
171759;72408;Kaos Entertainment
171769;1172;Hyde Park Films
171769;39046;Essen Communications
171771;20823;Cicatrice Film inc
171795;1360;Glass Eye Pix
171795;18630;Predestinate Productions
1718;6194;Warner Bros.
172;4;Paramount Pictures
172003;5766;ARTE
172003;12431;SSR SRG Idée Suisse
172011;843;Werner Herzog Filmproduktion
1721;10509;Tiger Film
1721;12063;Delta
172149;7333;Bayerischer Rundfunk (BR)
172149;12360;Vestron Pictures
172149;12427;B.A. Filmproduktion
1722;14;Miramax Films
1722;33;Universal Pictures
172295;44089;Hunnia Filmgyár
172297;11745;Office national du film du Canada (ONF)
172297;17027;National Film Board of Canada (NFB)
1723;441;Columbia Pictures Corporation
1723;624;Persky-Bright Productions
1723;13954;Rollins-Joffe Productions
1723;29119;Devon/Persky-Bright
1724;33;Universal Pictures
1724;420;Marvel Studios
1724;11533;Valhalla Motion Pictures
1724;25121;MVL Incredible Productions
172443;36191;Fine Arts Film Company
172445;36191;Fine Arts Film Company
172457;63716;Álvaro Agustín
172469;13362;Preferred Content
172475;60;United Artists
1725;60;United Artists
1725;8268;Seven Arts
1725;90571;Mirisch Pictures
172533;18346;Burn Later Productions
172535;1807;Warwick Film Productions
172535;34758;Viceroy Films Ltd.
172545;3798;Greentrees Films
172545;5778;Channel 4 Television
172577;3353;Element Pictures
172577;5267;Irish Film Board
172577;11842;Company Pictures
172577;56337;Sky 1
172577;57844;Warner Sisters Productions
1726;4;Paramount Pictures
1726;420;Marvel Studios
172631;20634;Bedford Falls Company, The
172631;35076;Footprint Features
1727;33;Universal Pictures
1727;10201;Interscope Communications
1727;12646;The Badham-Cohen Group
172705;5344;MD Pictures
172747;1679;Lux Film
172747;23868;Tiberius Film
172747;29118;Lovćen Film
172767;3991;Asylum, The
172767;41945;Indy Entertainment
172767;3991;Asylum, The
172767;41945;Indy Entertainment
172785;1811;FilmColony
172785;49967;Unique New York Productions
172803;11565;The Safran Company
172803;24277;PalmStar Entertainment
172803;27408;Hours Capital
172817;27619;Tigmanshu Dhulia Films
172817;27620;Brandsmith Motion Pictures
172817;27621;Select Media Holdings- Moving Pictures
172847;10039;Anonymous Content
172847;15710;Best Medicine Productions
1729;877;Casey Silver Productions
1729;2269;China Film Co-Production Corporation
1729;3393;Huayi Brothers
1729;7295;Relativity Media
172913;8411;Metro-Goldwyn-Mayer (MGM)
173;3166;Walt Disney Productions
1730;373;Asymmetrical Productions
1730;747;Inland Empire Productions
1730;5870;Studio Canal
1730;11608;Fundacja Kultury
1730;11609;Camerimage Festival
1730;11610;Absurda
1731;2254;Egoli Tossell Film AG
1731;2865;Insight Film Studios
1731;19107;Helena Productions
1731;27897;Filmstiftung Nordrhein-Westfalen
173153;7429;HBO Films
173177;5891;Cecchi Gori Group
173185;3823;TF1 Films Production
173185;5358;Canal+
173185;6896;EuropaCorp
173185;7382;Echo Films
173185;10611;Ciné+
173185;22123;TF1
173189;2953;New Wave Entertainment
1732;33;Universal Pictures
173205;14078;The Documentary Group
173205;73067;Vulcan Productions
173299;4077;Crystal Sky Worldwide
1734;33;Universal Pictures
1734;11462;Alphaville Films
1734;20242;Imhotep Productions
173421;173;Village Roadshow Productions
173491;24781;Speak Thunder Films
173495;19175;greenskyFILMS
1735;33;Universal Pictures
1735;2269;China Film Co-Production Corporation
1735;7295;Relativity Media
1735;11462;Alphaville Films
1735;19643;Sommers Company, The
173541;60950;Nob Hill Productions Inc.
173557;3282;Larry Levinson Productions
173631;27899;Telefilm Saar GmbH
173631;58231;Saarländischer Rundfunk (SR)
173689;6194;Warner Bros.
173689;9329;The Vitaphone Corporation
1738;4;Paramount Pictures
1738;449;Virtual Studios
1738;497;Revolution Studios
1738;831;Saturn Films
1738;8000;Broken Road Productions
173805;8411;Metro-Goldwyn-Mayer (MGM)
173845;49124;Metronome Studios AB
173865;90753;Harlin/Selin Productions Oy
173873;2502;Ceskoslovenský Státní Film
173891;8411;Metro-Goldwyn-Mayer (MGM)
173893;659;London Film Productions
173897;47;Constantin Film
173897;248;Impact Pictures
173897;3287;Screen Gems
173897;14175;Davis Films
173917;11311;SeeThink Films
174;4;Paramount Pictures
174195;4395;Monogram Pictures
174593;88955;Dansk Biograf Compagni
174611;16048;Fewdio Entertainment
174645;13498;Margate House Films
174671;850;Eurimages
174671;3307;Ex Nihilo
174671;3353;Element Pictures
174671;7310;Bord Scannan na hEireann / Irish Film Board
174671;17513;Film i Väst
174671;18230;Filmgate Films
174675;21621;Red & Black Films
174751;8873;Handsomecharlie Films
174751;13242;Unanimous Pictures
174751;13403;Straight Up Films
174751;14358;1821 Pictures
174751;14359;Scott Pictures
174751;8873;Handsomecharlie Films
174751;13242;Unanimous Pictures
174751;13403;Straight Up Films
174751;14358;1821 Pictures
174751;14359;Scott Pictures
174759;8411;Metro-Goldwyn-Mayer (MGM)
174865;8411;Metro-Goldwyn-Mayer (MGM)
174905;80180;Neptun-Film
175245;912;Karma Films
175245;2749;Chaos, a Film Company
175291;5124;New Artists Alliance
175291;7787;Snowfort Pictures
175331;5381;Backup Films
175331;8471;Tarantula
175331;11776;Film Fund Luxembourg
175427;4748;Oscilloscope Laboratories
175503;82618;Ilag-Film
175555;6644;Lions Gate
175869;89292;Carl Froelich-Film GmbH
175983;6;RKO Radio Pictures
176;35;Lions Gate Films
176;2061;Twisted Pictures
176;23019;Evolution Entertainment
176;55405;Saw Productions Inc.
176069;13547;NBTV Studios
176069;13548;Thier Productions
176077;4554;Cimarron Productions
176077;34381;Vedette Finance
176085;307;IFC Films
176143;6;RKO Radio Pictures
176167;9;Gaumont
176167;1704;Bavaria Film
176167;11895;Artificial Eye
176167;26206;TMS Film GmbH
177;559;TriStar Pictures
1770;360;Geffen Pictures
1770;6194;Warner Bros.
1771;4;Paramount Pictures
1771;420;Marvel Studios
1773;441;Columbia Pictures Corporation
1774;3324;British Broadcasting Corporation (BBC)
1774;26137;Dog Eat Dog Films
1774;34237;Mayfair Entertainment International
1779;6194;Warner Bros.
1779;26137;Dog Eat Dog Films
178;2231;Trilogy Entertainment Group
178;8411;Metro-Goldwyn-Mayer (MGM)
1781;2253;Lawrence Bender Productions
1781;2315;Paramount Classics
1781;6735;Participant Media
1782;749;Christal Films
1783;1159;Argyll Film Partners
1783;1160;Gummshoe Productions
1783;1161;Integrity Partners
1783;1162;Pray For Rain Pictures
1785;750;Ellepi Films
1787;755;Alexandra Films
1788;4;Paramount Pictures
1788;959;IndieProd Company Productions
1789;8411;Metro-Goldwyn-Mayer (MGM)
1789;13999;Avon Productions (II)
179;33;Universal Pictures
179;694;StudioCanal
179;932;Mirage Enterprises
179;10163;Working Title Films
179;11581;Misher Films
179;20194;Motion Picture JOTA Produktions
1791;201;Arte
1791;5358;Canal+
1791;7333;Bayerischer Rundfunk (BR)
1791;11731;Bavaria Film International
1791;18367;Centre National de la Cinématographie (CNC)
1792;306;Twentieth Century Fox Film Corporation
1792;1156;Conundrum Entertainment
1793;306;Twentieth Century Fox Film Corporation
18;5;Columbia Pictures
18;9;Gaumont
180;27;DreamWorks SKG
180;44;Cruise/Wagner Productions
180;56;Amblin Entertainment
180;306;Twentieth Century Fox Film Corporation
180;766;Blue Tulip Productions
180;26265;Ronald Shusett/Gary Goldman
180;76068;Digital Image Associates
1807;7429;HBO Films
1807;7430;Fearmakers Studios
1809;770;Kingsgate Films
1810;306;Twentieth Century Fox Film Corporation
1811;1474;Desperate Pictures
1811;1475;UGC Images
1812;8;Fine Line Features
1815;60;United Artists
1815;1155;Incorporated Television Company
1817;711;Fox 2000 Pictures
1819;33;Universal Pictures
1819;11844;Kaplan/Perrone Entertainment
1819;59957;MMCB Film Produktion 2004
182;6194;Warner Bros.
182;14315;Section Eight Productions
182;70319;Sunset Gower Studios
1824;441;Columbia Pictures Corporation
1824;2608;Happy Madison Productions
1824;10039;Anonymous Content
1824;19813;Flower Films (II)
1825;1444;Cannon Group
1825;1445;Golan-Globus
1825;6194;Warner Bros.
1826;694;StudioCanal
1826;884;TPS Cinéma
1826;2568;Lunar Films
1826;5358;Canal+
1826;10572;Ce Qui Me Meut Motion Pictures
1826;15671;France 2 Cinéma
1829;53;Les Films du Carrosse
1829;64;Les Productions Artistes Associés
1829;15749;Les Artistes Associés
183;33;Universal Pictures
1830;831;Saturn Films
1830;1204;Ascendant Pictures
1830;1205;Endgame Entertainment
1830;1206;Entertainment Manufacturing Company
1830;1208;Rising Star
1830;21938;Copag V
1831;4;Paramount Pictures
1831;126;Lakeshore Entertainment
1832;6644;Lions Gate
1832;16934;View Askew Productions
1833;5;Columbia Pictures
1833;436;1492 Pictures
1833;497;Revolution Studios
1834;6;RKO Radio Pictures
1835;1584;ITC Entertainment
1835;3537;E.K.
1837;760;Les Productions Bagheera
184;14;Miramax Films
1840;306;Twentieth Century Fox Film Corporation
1841;8411;Metro-Goldwyn-Mayer (MGM)
1842;15583;P & L
1844;414;Fountainbridge Films
1844;508;Regency Enterprises
1845;702;3L Filmproduktion GmbH
1845;764;Polaris Film Productions & Finance
1845;765;Tempête Sous Un Crâne Productions
1845;1268;Focus Films
1846;2418;Cherokee Productions
1846;2419;Katzka-Berne Productions
1846;8411;Metro-Goldwyn-Mayer (MGM)
1847;35;Lions Gate Films
1847;18339;E-K-Corporation
1848;932;Mirage Enterprises
1848;3268;Home Box Office (HBO)
1848;34998;Avnet/Kerner Productions
1849;2409;Red Lion
1849;11865;Twentieth Century-Fox Productions
185;88;Hawk Films
185;6194;Warner Bros.
1850;762;Mutual Film Company
1852;4;Paramount Pictures
1852;215;Double Feature Films
1852;763;Intermedia Films
1852;20396;Kernos Filmproduktionsgesellschaft & Company
1853;1151;Diorama Films
1853;1152;Independent Television Service
1857;484;De Laurentiis Entertainment Group (DEG)
1857;2301;Marvel Productions
1857;2598;Hasbro
1857;3313;Sunbow Productions
1858;4;Paramount Pictures
1858;27;DreamWorks SKG
1858;56;Amblin Entertainment
1858;435;Di Bonaventura Pictures
1858;2481;Platinum Dunes
1858;12247;thinkfilm
1858;20011;SprocketHeads
1858;22826;Hasbro Studios
1858;76043;Revolution Sun Studios
1859;8411;Metro-Goldwyn-Mayer (MGM)
186;308;The Weinstein Company
186;816;FilmEngine
186;826;Capitol Films
186;1204;Ascendant Pictures
186;2116;VIP Medienfonds 4
186;21962;The Complex Studio
1863;1714;Les Films Concordia
1863;5120;Mosfilm
1863;10000;Compagnia Cinematografica Champion
1865;2;Walt Disney Pictures
1865;130;Jerry Bruckheimer Films
1865;20478;Moving Picture Company (MPC)
187;7405;Dimension Films
187;10807;Troublemaker Studios
187;53009;Miramax
1870;9;Gaumont
1870;1124;P.A.C.
1870;16058;Da Ma Produzione
1870;22665;Victory Film
1870;22666;Story Film
1871;1124;P.A.C.
1871;22396;Société Nouvelle des Établissements Gaumont (SNEG)
1871;22663;P.C.M. FIlm
1872;768;Ghost House Pictures
1872;769;Destination Films
1872;770;Kingsgate Films
1872;771;Mandate Pictures
1873;5;Columbia Pictures
1873;97;Castle Rock Entertainment
1874;773;Film Afrika
1875;249;Société Nouvelle de Cinématographie
1875;1124;P.A.C.
1875;1399;Fair Film
1875;7961;Gaumont International
1877;4867;Full Moon Entertainment
1878;33;Universal Pictures
1878;491;Summit Entertainment
1878;1591;Rhino Films
1878;53460;Fear and Loathing LLC
1878;53461;Shark Productions
1879;893;Stanley Kramer Productions
1880;60;United Artists
1880;774;Valkyrie Films
1882;893;Stanley Kramer Productions
1883;182;JVC Entertainment
1883;4319;40 Acres & A Mule Filmworks
1883;6194;Warner Bros.
1884;1;Lucasfilm
1884;775;Korty Films
1885;441;Columbia Pictures Corporation
1885;2596;Jerry Weintraub Productions
1885;4267;Delphi Films
1887;70;American Zoetrope
1887;441;Columbia Pictures Corporation
1887;6542;Pricel
1887;12387;Tohokushinsha Film
1887;20637;Commission du Film France
1887;20638;Commission du Film Île-de-France
1888;776;Phalanx-Jaelem
189;14;Miramax Films
189;10807;Troublemaker Studios
189;11005;AR Films
189;11006;Aldamisa Entertainment
189;13241;Demarest Films
189;29076;Solipsist Film
189;41658;Residaco
1890;4;Paramount Pictures
1891;1;Lucasfilm
1891;306;Twentieth Century Fox Film Corporation
1892;1;Lucasfilm
1892;306;Twentieth Century Fox Film Corporation
1893;1;Lucasfilm
1894;1;Lucasfilm
1895;1;Lucasfilm
1896;777;Future Film Group
1896;12010;Mediapro
1899;83;France 2 Cinéma
1899;6896;EuropaCorp
1899;7828;Max Films Productions
19;4;Paramount Pictures
19;12372;Universum Film (UFA)
1900;987;USA Films
1900;7380;Initial Entertainment Group (IEG)
1900;20634;Bedford Falls Company, The
1900;58333;Compulsion Inc.
1900;58334;Splendid Medien AG
1901;1473;Depth of Field
1902;635;Les Films Alain Sarde
1902;778;Las Producciones del Escorpion
1902;779;Lucky Red
1902;9335;Canal+ España
1902;20295;Sociedad General de Televisión (Sogetel)
1903;4;Paramount Pictures
1903;349;Cruise-Wagner Productions
1903;485;Vinyl Films
1904;27;DreamWorks SKG
1904;158;Spyglass Entertainment
1904;441;Columbia Pictures Corporation
1904;780;Red Wagon Productions
1907;359;Figment Films
1908;893;Stanley Kramer Productions
1909;12;New Line Cinema
1909;70;American Zoetrope
1911;9195;Touchstone Pictures
1912;122;Coop 99
1912;783;kahuuna films
1912;3391;Österreichischer Rundfunk (ORF)
1913;104;Canal Plus
1913;692;Sogecine
1913;784;Himenóptero
1913;850;Eurimages
1913;6639;Televisión Española (TVE)
1913;7248;Union Générale Cinématographique (UGC)
1913;10050;Televisión de Galicia (TVG) S.A.
1913;11408;Ministerio de Cultura
1913;11955;Sogepaq
1913;12012;Eyescreen S.r.l.
1913;28812;Filmanova
1914;44224;Egoli Tossell Film
1915;13096;Neue Constantin Film
1918;786;Bizibi
1918;5358;Canal+
1918;26629;Transfax Film Productions
192;4606;Zweites Deutsches Fernsehen (ZDF)
192;7110;Les Films Ariane
192;20091;RAI Radiotelevisione Italiana
192;45693;Cristaldifilm
1920;60;United Artists
1920;5266;Robert Goldstein Productions
1921;788;Bel Air Entertainment
1921;6194;Warner Bros.
1922;789;Pallas Film
1922;790;Samsa Film
1922;791;IPSO Facto Films
1922;792;Radio Télévision Belge Francophone
1923;12;New Line Cinema
1923;105;Ciby 2000
1923;533;Janus Films
1924;6194;Warner Bros.
1924;51861;Dovemead Films
1924;51862;Film Export A.G.
1926;793;Galatée Films
1927;33;Universal Pictures
1927;10565;Good Machine
1927;11533;Valhalla Motion Pictures
1927;19551;Marvel Enterprises
193;4;Paramount Pictures
1930;5;Columbia Pictures
1930;326;Laura Ziskin Productions
1930;7505;Marvel Entertainment
1931;1309;Rainforest Films
1933;44;Cruise/Wagner Productions
1933;104;Canal Plus
1933;692;Sogecine
1933;778;Las Producciones del Escorpion
1933;779;Lucky Red
1933;7405;Dimension Films
1933;53009;Miramax
1934;14;Miramax Films
1934;33;Universal Pictures
1934;348;Bedford Falls Productions
1936;306;Twentieth Century Fox Film Corporation
1937;800;Wheel Productions
1938;6;RKO Radio Pictures
1939;306;Twentieth Century Fox Film Corporation
194;591;France 3 Cinéma
194;592;Claudie Ossard Productions
194;4411;MMC Independent
194;5358;Canal+
194;12000;Tapioca Films
194;23446;Sofica Sofinergie 5
194;25020;Victoires Productions
194;27897;Filmstiftung Nordrhein-Westfalen
194;30994;Union Générale Cinématographique (UGC)
1940;28205;Samuel Goldwyn Company, The
1941;799;Carlyle Productions
1942;800;Wheel Productions
1944;1043;Revere Pictures
1944;10146;Focus Features
1945;306;Twentieth Century Fox Film Corporation
1945;802;Egg Pictures
1945;1382;PolyGram Filmed Entertainment
1946;803;Alliance Atlantis Communications
1946;804;Natural Nylon Entertainment
1946;805;Serendipity Point Films
1946;806;Téléfilm Canada
1946;807;The Harold Greenberg Fund
1946;808;The Movie Network
1946;809;Union Générale Cinématographique
1946;20170;Canadian Television Fund
1947;14;Miramax Films
1947;497;Revolution Studios
1947;810;Persistent Entertainment
1947;7380;Initial Entertainment Group (IEG)
1947;7965;The Ladd Company
1947;20376;Kalis Productions GmbH & Co. Zweite KG
1947;20377;Unfinished Films
1948;35;Lions Gate Films
1948;126;Lakeshore Entertainment
1948;2152;GreeneStreet Films
1948;11152;Radical Media
1949;4;Paramount Pictures
1949;6194;Warner Bros.
1949;11317;Phoenix Pictures
195;4;Paramount Pictures
1950;79;Village Roadshow Pictures
1950;430;Lonely Film Productions GmbH & Co. KG.
1950;812;Deuce Three Productions
1950;813;DiNovi Pictures
1950;6194;Warner Bros.
1951;76;Zentropa Entertainments
1951;119;Danmarks Radio (DR)
1951;201;Arte
1951;321;Memfis Film
1951;814;Isabella Films BV
1951;986;Degeto Film
1951;1711;Ognon Pictures
1951;3221;Sveriges Television (SVT)
1951;5358;Canal+
1951;5975;Yleisradio (YLE)
1951;6916;Arte France Cinéma
1951;7025;Westdeutscher Rundfunk (WDR)
1951;11499;Alan Young Pictures
1951;12023;Nederlandse Programma Stichting (NPS)
1951;12927;Canal+ Television AB
1951;17513;Film i Väst
1951;23207;Invicta Capital
1951;25491;Edith Film Oy
1951;30268;Pain Unlimited GmbH Filmproduktion
1951;53874;Sigma Films
1951;55428;Manderlay
1954;12;New Line Cinema
1954;816;FilmEngine
1954;817;Katalyst Films
1954;6363;BenderSpink
1954;12200;Province of British Columbia Production Services Tax Credit
1955;5612;Brooksfilms
1956;1171;Epsilon Motion Pictures
1956;32598;Tango Films
1956;32599;My Cactus
1957;8880;Winkler Films
1958;83;France 2 Cinéma
1958;147;Fidélité Productions
1958;183;Le Studio Canal+
1958;310;Centre National de la Cinématographie
1958;818;Gimages 5
1958;819;Mars Films
1959;820;Tapson Steel Films Productions
196;33;Universal Pictures
196;56;Amblin Entertainment
196;20448;U-Drive Productions
1961;552;Dark Horse Entertainment
1961;3086;Image Entertainment
1963;684;Kim Ki-Duk Film
1963;822;Happinet Pictures
1964;823;Telepool
1965;824;Kopelson Entertainment
1965;6194;Warner Bros.
1966;591;France 3 Cinéma
1966;763;Intermedia Films
1966;866;Pathé Renn Productions
1966;4588;Egmond Film & Television
1966;6194;Warner Bros.
1966;10926;Pacifica Film
1966;19116;IMF Internationale Medien und Film GmbH & Co. 3. Produktions KG
1966;54997;WR Universal Group
1967;4;Paramount Pictures
1967;44;Cruise/Wagner Productions
1967;826;Capitol Films
1967;1204;Ascendant Pictures
1967;19501;Noble House Entertainment Pictures
1968;5;Columbia Pictures
1969;828;Ultra Films
1969;3823;TF1 Films Production
1969;5358;Canal+
1969;6586;TPS Star
1969;6896;EuropaCorp
1969;11473;A.J.O.Z. Films
197;4564;Icon Entertainment International
197;7965;The Ladd Company
197;11353;B.H. Finance C.V.
1970;768;Ghost House Pictures
1970;829;Vertigo Entertainment
1970;830;Senator International
1970;4154;Colombia Pictures
1970;4710;Fellah Pictures
1975;441;Columbia Pictures Corporation
1975;768;Ghost House Pictures
1975;829;Vertigo Entertainment
1976;6194;Warner Bros.
1977;768;Ghost House Pictures
1977;2617;Ozla Pictures
1977;11341;Stage 6 Films
1978;6194;Warner Bros.
1979;289;Ingenious Film Partners
1979;306;Twentieth Century Fox Film Corporation
1979;436;1492 Pictures
1979;444;Dune Entertainment
1979;5755;Constantin Film Produktion
1979;10881;Bernd Eichinger Productions
1979;19551;Marvel Enterprises
198;60;United Artists
1984;441;Columbia Pictures Corporation
1984;76206;Holiday Film Productions Ltd.
1985;264;Studio Babelsberg
1985;1171;Epsilon Motion Pictures
1985;2452;UK Film Council
1985;7419;Scion Films
1985;10146;Focus Features
1985;33680;Blue Sky Films
1985;36615;Potboiler Productions
1986;591;France 3 Cinéma
1986;836;Elzévir Films
1986;837;Oï  Oï  Oï Productions
1987;224;Wega Film
1988;81;Plan B Entertainment
1988;163;Revolution Films
1988;838;Paramount Vantage
1989;539;Block 2 Pictures
1989;540;Jet Tone Production
1989;694;StudioCanal
1989;839;Lou Yi Inc.
199;4;Paramount Pictures
199;76068;Digital Image Associates
1990;310;Centre National de la Cinématographie
1990;7428;Meno Films
1990;9209;MK2 Productions
1991;308;The Weinstein Company
1991;7405;Dimension Films
1991;10807;Troublemaker Studios
1991;45194;Rodriguez International Pictures
1992;7405;Dimension Films
1993;847;Banque Populaire Images 6
1993;848;Cofimage 16
1993;849;Cofinova 2
1993;851;MEDIA Programme of the European Union
1993;852;mementoFilm
1993;853;Respiro
1993;854;Sofica Europacorp
1993;855;Titti Film
1993;856;Wild Bunch
1994;6;RKO Radio Pictures
1995;4;Paramount Pictures
1995;657;Toho-Towa
1995;762;Mutual Film Company
1995;840;Lawrence Gordon Productions
1995;3324;British Broadcasting Corporation (BBC)
1995;4650;Marubeni
1995;19105;Eidos Interactive
1996;4;Paramount Pictures
1996;657;Toho-Towa
1996;762;Mutual Film Company
1996;840;Lawrence Gordon Productions
1996;3324;British Broadcasting Corporation (BBC)
1996;14362;October Pictures
1996;19105;Eidos Interactive
1997;866;Pathé Renn Productions
1997;3823;TF1 Films Production
1997;5358;Canal+
1997;7396;Pathe
1997;19238;Two Brothers Productions
1998;104;Canal Plus
1998;356;TF1 Films Productions
1998;635;Les Films Alain Sarde
1998;844;Sofica Valor 6
1998;845;Sogécinéma 2
1998;104;Canal Plus
1998;356;TF1 Films Productions
1998;635;Les Films Alain Sarde
1998;844;Sofica Valor 6
1998;845;Sogécinéma 2
1999;14;Miramax Films
1999;842;GreeneStreet/SKE Films
2;2303;Villealfa Filmproduction Oy
2;2396;Finnish Film Foundation
20;49;El Deseo
20;77;Milestone Productions
200;4;Paramount Pictures
2000;843;Werner Herzog Filmproduktion
2000;9292;Hessischer Rundfunk (HR)
2001;5;Columbia Pictures
2001;376;Industry Entertainment
2001;846;2929 Productions
2002;243;CB Films
2002;694;StudioCanal
2002;951;Burskin Film
2002;5358;Canal+
2002;6586;TPS Star
2002;8277;Flach Film
2002;11246;Région Ile-de-France
2002;16804;France 3 Cinema
2002;18367;Centre National de la Cinématographie (CNC)
2003;104;Canal Plus
2003;243;CB Films
2003;310;Centre National de la Cinématographie
2003;324;Flach Films
2003;328;TLA Releasing
2004;204;Wüste Filmproduktion
2005;9195;Touchstone Pictures
2006;857;Julian Blaustein Productions
2007;33;Universal Pictures
2009;859;Saga Film
2009;5545;Mobra Films
2009;35020;Mindshare Media
2009;69462;Centrul National al Cinematografiei (CNC)
2009;73925;McCann-Erickson
2009;73926;Televiziunea Romana (TVR1)
2009;73927;Hubert Bals Fund of the Rotterdam Festival, The
201;4;Paramount Pictures
2010;860;Celluloid Dreams
2010;861;Visual Arts College
2012;863;Mantarraya Producciones
2012;864;No Dream Cinema
2012;865;Motel Films
2013;591;France 3 Cinéma
2013;862;The Kennedy/Marshall Company
2013;866;Pathé Renn Productions
2013;1997;Banques Populaire Image 7
2013;5358;Canal+
2013;6301;CinéCinéma
2013;11433;C.R.R.A.V. Nord Pas de Calais
2013;11434;Région Nord-Pas-de-Calais
2014;315;Filmstiftung Nordrhein-Westfalen
2014;867;Anka Film
2014;1760;Dorje Film
2014;2406;Filmförderung Hamburg
2014;4247;Filmförderungsanstalt (FFA)
2014;7201;Norddeutscher Rundfunk (NDR)
2014;75411;BKM
2014;75412;Kulturelle Filmförderung Schleswig-Holstein
2014;75413;nordmedia Fonds GmbH
2015;868;Cinema Service
2016;858;Tessalit Productions
2017;4298;Remstar Productions
2017;16850;ApolloMedia Distribution
2017;16921;Kismet Entertainment Group
2017;18516;Seven Arts Films
2018;441;Columbia Pictures Corporation
2018;763;Intermedia Films
2018;869;Dee Gee Entertainment
2018;870;Tapestry Films
2018;34207;Prufrock Pictures
2018;65403;IMF Internationale Medien und Film GmbH & Co. Produktions KG
2019;33;Universal Pictures
2019;467;Renaissance Pictures
2019;11462;Alphaville Films
2020;12;New Line Cinema
2020;872;George Street Pictures
2020;873;The Lloyd Segan Company
2021;247;Granada Film Productions
2021;271;Mainstream S.A.
2021;5358;Canal+
2021;20777;British Screen Productions
2021;31080;Polygram Filmed Entertainment
2022;12;New Line Cinema
2022;441;Columbia Pictures Corporation
2022;879;Out of the Blue... Entertainment
2022;2608;Happy Madison Productions
2023;877;Casey Silver Productions
2023;9195;Touchstone Pictures
2023;19477;Dune Films
2024;347;Centropolis Entertainment
2024;441;Columbia Pictures Corporation
2024;762;Mutual Film Company
2024;9269;Global Entertainment Productions GmbH & Company Medien KG
2026;14;Miramax Films
2026;890;Cheyenne Enterprises
2026;2448;Yari Film Group
2026;11027;Stratus Film Co.
2026;26947;Syndicate Films International
2026;26948;Equity Pictures Medienfonds GmbH & Co. KG II
2026;26949;Hostage GmbH
2028;18;Gracie Films
2028;306;Twentieth Century Fox Film Corporation
2029;883;Les Productions du Champ Poirier
2029;884;TPS Cinéma
2029;3823;TF1 Films Production
2029;63893;Téléma
203;120;Scorsese Productions
2033;887;Neo Productions
2033;888;Overseas FilmGroup
2034;79;Village Roadshow Pictures
2034;172;NPV Entertainment
2034;6194;Warner Bros.
2034;19507;Outlaw Productions (I)
2034;24939;WV Films II
2038;14159;Seven Arts Pictures
2038;14723;Carolco Pictures
2039;8411;Metro-Goldwyn-Mayer (MGM)
2039;67823;Star Partners
204;141;Véra Films
204;144;Fono Roma
204;534;Filmsonor
204;11788;Compagnie Industrielle et Commerciale Cinématographique (CICC)
2042;7380;Initial Entertainment Group (IEG)
2043;4;Paramount Pictures
2043;902;AZL Productions KG
2043;903;David Brown Productions
2043;904;MFP Munich Film Partners
2043;905;Phase 1 Productions
2043;906;Revelations Entertainment
2044;79;Village Roadshow Pictures
2044;829;Vertigo Entertainment
2044;1143;Sound for Film
2044;6194;Warner Bros.
2045;8411;Metro-Goldwyn-Mayer (MGM)
2045;10308;Dino De Laurentiis Company
2045;10355;Spelling Films
2046;126;Lakeshore Entertainment
2046;11462;Alphaville Films
2047;33;Universal Pictures
2048;306;Twentieth Century Fox Film Corporation
2048;415;Laurence Mark Productions
2048;1302;Davis Entertainment
2048;12485;Overbrook Entertainment
2048;19354;Mediastream Vierte Film GmbH & Co. Vermarktungs KG
2048;19355;Canlaws Productions
2049;910;MFA Filmdistribution
2049;912;Karma Films
2049;914;Filmladen
205;35;Lions Gate Films
205;60;United Artists
205;564;Industrial Development Corporation of South Africa
205;1205;Endgame Entertainment
205;2760;Miracle Pictures
205;7495;Sixth Sense Productions
205;11912;Mikado Film
205;19834;Inside Track Films
2054;915;Hollywood Pictures
2054;916;The Charlie Mopic Company
2054;1382;PolyGram Filmed Entertainment
2054;10201;Interscope Communications
2055;335;Tig Productions
2055;9195;Touchstone Pictures
2055;10157;Beacon Pictures
2055;18619;Cobalt Media Group
2056;921;Next Wednesday Productions
2056;922;SenArt Films
2057;763;Intermedia Films
2057;813;DiNovi Pictures
2057;1171;Epsilon Motion Pictures
2057;8411;Metro-Goldwyn-Mayer (MGM)
2057;10103;Via Rosa Productions
2057;13816;Hyde Park Entertainment
2057;76083;UGC DA International
2059;2;Walt Disney Pictures
2059;130;Jerry Bruckheimer Films
2059;831;Saturn Films
2059;19097;Junction Entertainment
2061;20987;Balboa Entertainment
2062;2;Walt Disney Pictures
2062;3;Pixar Animation Studios
2064;175;Caravan Pictures
2064;915;Hollywood Pictures
2067;158;Spyglass Entertainment
2067;3638;The Jacobson Company
2067;9195;Touchstone Pictures
2067;22103;Red Horizon Productions
207;9195;Touchstone Pictures
207;10282;Silver Screen Partners IV
2071;927;Palace Pictures
2071;8411;Metro-Goldwyn-Mayer (MGM)
2072;928;Catalyst Films International
2072;929;Fuji Eight Company
2074;14;Miramax Films
2075;634;ABC Pictures
2077;930;Lone Star Corporation
2078;930;Lone Star Corporation
2079;930;Lone Star Corporation
2082;7405;Dimension Films
2082;10370;Spectacle Entertainment Group
2082;21438;Nightfall Productions
2084;931;HAL Films
2084;932;Mirage Enterprises
2084;9349;Film4
2085;1885;Silver Pictures
2085;6194;Warner Bros.
2086;4;Paramount Pictures
2087;33;Universal Pictures
2087;1644;Largo Entertainment
2088;10163;Working Title Films
2088;31080;Polygram Filmed Entertainment
2088;36907;Hilary Henkin
2089;934;Cutting Edge Entertainment
2089;935;Golden ParaShoot Entertainment
2091;278;Propaganda Films
2091;924;The Turman-Morrissey Company
2091;925;Nu Image Films
2093;938;First Floor Features
2095;1164;City Heat Productions
2095;34206;Sagg Main Productions
2095;34207;Prufrock Pictures
2097;955;Nikkatsu
2098;5484;Winters Hollywood Entertainment Holdings Corporation
2098;8411;Metro-Goldwyn-Mayer (MGM)
2098;13980;Jack Cummings Productions
2099;484;De Laurentiis Entertainment Group (DEG)
2099;3418;Famous Films (II)
2099;22847;International Film Corporation
21;13723;Bruce Brown Films
2100;27;DreamWorks SKG
2102;958;Japan America Picture Company
2103;306;Twentieth Century Fox Film Corporation
2103;574;Lightstorm Entertainment
2104;147;Fidélité Productions
2104;819;Mars Films
2104;5358;Canal+
2105;33;Universal Pictures
2105;491;Summit Entertainment
2105;506;Newmarket Capital Group
2105;3169;Zide-Perry Productions
2107;559;TriStar Pictures
2107;960;L.A. Films
2107;14723;Carolco Pictures
2108;33;Universal Pictures
2108;8812;Channel Productions
2108;11043;A&M Films
2109;12;New Line Cinema
211;402;Luna Filmproduktion
2110;104;Canal Plus
2110;356;TF1 Films Productions
2110;480;Tobis
2110;963;Destiny
2110;6896;EuropaCorp
2111;943;Les Films de la Suane
2111;944;Le Film
2112;4;Paramount Pictures
2112;4564;Icon Entertainment International
2114;5;Columbia Pictures
2114;4164;Square USA
2114;20033;Chris Lee Productions
2115;964;Keith Barish Productions
2115;965;TAFT Entertainment Pictures
2115;3268;Home Box Office (HBO)
2116;333;Original Film
2116;966;Monarch Pictures
2116;8411;Metro-Goldwyn-Mayer (MGM)
2117;21248;Goldkind Filmproduktion
2117;50286;Broth Film
2118;508;Regency Enterprises
2118;2428;Wolper Organization
2118;6194;Warner Bros.
2119;4;Paramount Pictures
2119;10288;Don Simpson/Jerry Bruckheimer Films
2123;306;Twentieth Century Fox Film Corporation
2123;1156;Conundrum Entertainment
2124;915;Hollywood Pictures
2124;1504;Cinergi Pictures Entertainment
213;8411;Metro-Goldwyn-Mayer (MGM)
2133;6194;Warner Bros.
2133;16061;Baltimore Spring Creek Productions
2133;18990;Radiant Productions
2134;4864;George Pal Productions
2134;40552;Galaxy Films Inc.
2135;27;DreamWorks SKG
2135;6194;Warner Bros.
2139;3302;Harbor Productions
2139;5798;Shaw Brothers
2139;6194;Warner Bros.
214;35;Lions Gate Films
214;2061;Twisted Pictures
214;23019;Evolution Entertainment
2140;306;Twentieth Century Fox Film Corporation
2140;972;Current Entertainment
2140;973;Immortal Entertainment
2140;5358;Canal+
2140;6896;EuropaCorp
2140;73954;Quality Growth International Ltd.
2141;974;Five Mile River Films
2141;975;Gerber Pictures
2141;976;Marvin Worth Productions
2141;977;Splendid Television
2142;14;Miramax Films
2142;978;Across the River Productions
2142;979;Woods Entertainment
2143;181;Channel Four Films
2143;697;Alta Films S.A.
2143;980;The Glasgow Film Fund
2143;981;Televisión Española
2143;982;Road Movies Dritte Produktionen
2143;983;Parallax Pictures
2143;984;Institute of Culture
2143;985;Filmstiftung NRW
2143;986;Degeto Film
2144;987;USA Films
2148;41;Orion Pictures
2148;427;PSO International
2148;991;Totally Independent
2149;8411;Metro-Goldwyn-Mayer (MGM)
215;35;Lions Gate Films
215;1053;Got Films
215;2061;Twisted Pictures
215;23019;Evolution Entertainment
215;64651;Saw 2 Productions
2151;992;ApolloProScreen
2153;306;Twentieth Century Fox Film Corporation
2153;8263;EMI Films
2154;993;Wildstreet Pictures
2155;7405;Dimension Films
2155;12552;Marty Katz Productions
2157;12;New Line Cinema
2157;14024;Irwin Allen Productions
2157;19902;Prelude Pictures
2157;30253;Saltire Entertainment
216;10869;Filmverlag der Autoren
216;11626;Tango Film
2160;306;Twentieth Century Fox Film Corporation
2160;79401;Windsor Productions
2161;306;Twentieth Century Fox Film Corporation
2162;6194;Warner Bros.
2162;10210;Morgan Creek Productions
2163;4;Paramount Pictures
2163;10308;Dino De Laurentiis Company
2163;10355;Spelling Films
2164;347;Centropolis Entertainment
2164;694;StudioCanal
2164;10320;Carolco Entertainment
2165;35;Lions Gate Films
2165;995;Cinerenta Medienbeteiligungs KG
2165;996;Pearl Pictures
2165;997;Still Productions
2166;718;Arts Council of England
2166;3268;Home Box Office (HBO)
2166;4790;IMA Productions
2166;15671;France 2 Cinéma
2169;998;Royal Film
217;1;Lucasfilm
217;4;Paramount Pictures
2171;1002;Eureka Pictures
2172;1003;Filmkameratene A/S
2172;14723;Carolco Pictures
2176;333;Original Film
2179;12;New Line Cinema
2179;12178;Red Hour Films
218;41;Orion Pictures
218;1280;Pacific Western
218;3952;Hemdale Film
218;4764;Cinema 84
218;7745;Euro Film Funding
2180;1005;Sweetwater
2182;989;Four Square Productions
2185;9195;Touchstone Pictures
2189;1009;Crown International Pictures
2189;1010;Marimark Productions
219;49;El Deseo
2192;2410;Filmes
2192;10786;Capitole Films
2193;1009;Crown International Pictures
2193;1010;Marimark Productions
2196;737;Sidney Kimmel Entertainment
2196;1012;Parabolic Pictures
2196;1013;Stable Way Entertainment
2196;1014;Target Media Entertainment
2196;3801;VIP 2 Medienfonds
2196;10760;VIP 1 Medienfonds
2199;1017;Hairy Productions
22;2;Walt Disney Pictures
22;130;Jerry Bruckheimer Films
220;6194;Warner Bros.
2202;8411;Metro-Goldwyn-Mayer (MGM)
2204;7025;Westdeutscher Rundfunk (WDR)
2204;10869;Filmverlag der Autoren
2210;484;De Laurentiis Entertainment Group (DEG)
2210;27023;Kestrel Films
2210;78875;Earth Girls
2212;1011;Michael Obel Productions
222;50;Deutsche Vereinsfilm AG
222;51;Fox Europa Produktion
223;1553;Selznick International Pictures
2241;230;Boje Buck Produktion
2246;5;Columbia Pictures
2246;12;New Line Cinema
2246;97;Castle Rock Entertainment
2246;1023;Nelvana Limited
2251;508;Regency Enterprises
2251;711;Fox 2000 Pictures
2251;1171;Epsilon Motion Pictures
2251;58248;Unfaithful Filmproduktion GmbH & Co. KG
2252;288;BBC Films
2252;805;Serendipity Point Films
2252;806;Téléfilm Canada
2252;2743;Astral Media
2252;7419;Scion Films
2252;10146;Focus Features
2252;11550;Corus Entertainment
2252;16880;Shine Pictures
2252;20244;Kudos Film and Television
2253;60;United Artists
2253;6100;Achte Babelsberg Film
2253;8411;Metro-Goldwyn-Mayer (MGM)
2253;9168;Bad Hat Harry Productions
2255;14;Miramax Films
2255;16934;View Askew Productions
2259;118;Det Danske Filminstitut
2259;705;Spring Creek Productions
2259;850;Eurimages
2259;10598;Costa do Castelo Filmes
2259;13096;Neue Constantin Film
2259;33027;House of Spirits Film
226;43;Fox Searchlight Pictures
226;54;The Independent Film Channel Productions
226;307;IFC Films
226;1422;Killer Films
226;11351;Hart-Sharp Entertainment
2261;19704;Wolper Productions
2261;95356;Stax Records
2262;1627;Maran Film
2262;11626;Tango Film
2262;16814;Süddeutscher Rundfunk (SDR)
2262;29165;Rialto Film
2262;33352;Trio Film
2262;67081;Laura Film
2263;559;TriStar Pictures
2263;14723;Carolco Pictures
2264;7025;Westdeutscher Rundfunk (WDR)
2264;29165;Rialto Film
2264;33352;Trio Film
2266;1031;Filmazure
2266;1032;Pirol Stiftung
2266;1033;Victoires International
2267;12;New Line Cinema
2267;20569;Michael Phillips Productions
2268;12;New Line Cinema
2268;289;Ingenious Film Partners
2268;1473;Depth of Field
2268;1938;Scholastic Productions
2269;1038;Bazelevs Production
2269;1039;Channel One Russia
2269;1040;TABBAK
227;70;American Zoetrope
227;6194;Warner Bros.
2270;4;Paramount Pictures
2270;289;Ingenious Film Partners
2270;435;Di Bonaventura Pictures
2270;5374;Marv Films
2270;23420;Vaughn Productions
2274;306;Twentieth Century Fox Film Corporation
2274;2527;Marc Platt Productions
2274;10221;Walden Media
2275;4;Paramount Pictures
2275;21409;MFP Munich Film Partners GmbH & Company I. Produktions KG
2275;25358;Krane Entertainment
2275;38005;Neufeld Rehme Productions
2277;415;Laurence Mark Productions
2277;436;1492 Pictures
2277;441;Columbia Pictures Corporation
2277;9195;Touchstone Pictures
2277;18990;Radiant Productions
228;12372;Universum Film (UFA)
2280;18;Gracie Films
2280;306;Twentieth Century Fox Film Corporation
2280;21451;American Entertainment Partners II L.P.
2284;771;Mandate Pictures
2284;1811;FilmColony
2284;10221;Walden Media
2284;11576;Ontario Media Development Corporation (OMDC)
2284;66078;Gang of Two Productions
2286;1049;Kasander Film Company
2287;1050;David LaChapelle Studios
2287;1051;HSI Productions
2287;1052;Darkfibre Entertainment Ltd.
2287;1053;Got Films
2288;5;Columbia Pictures
2289;14;Miramax Films
2289;932;Mirage Enterprises
2289;1370;Castel Film Romania
2289;2570;Bona Fide Productions
2289;10102;Cattleya
229;33;Universal Pictures
2290;5;Columbia Pictures
2290;9269;Global Entertainment Productions GmbH & Company Medien KG
2290;10230;Blue Wolf
2290;22684;Kasso Inc. Productions
2291;559;TriStar Pictures
2291;14723;Carolco Pictures
2292;14;Miramax Films
2292;16934;View Askew Productions
2293;33;Universal Pictures
2293;37;Gramercy Pictures
2293;11462;Alphaville Films
2293;16934;View Askew Productions
2294;7405;Dimension Films
2294;16934;View Askew Productions
2294;53009;Miramax
2295;308;The Weinstein Company
2295;16934;View Askew Productions
2297;82;Renn Productions
2297;6542;Pricel
2297;11407;Baltimore Pictures
2300;3592;Warner Bros. Family Entertainment
2300;8816;Northern Lights Entertainment
2300;55527;Courtside Seats Productions
2302;559;TriStar Pictures
2302;11407;Baltimore Pictures
2307;915;Hollywood Pictures
2309;12;New Line Cinema
2309;20360;Internationale Filmproduktion Blackbird Erste
231;129;Section Eight
231;6194;Warner Bros.
231;6735;Participant Media
231;7786;FilmWorks
231;20665;4M
231;20666;MID Foundation
2310;4;Paramount Pictures
2310;2265;Shangri-La Entertainment
2310;11395;ImageMovers
2310;24955;Paramount Animation
2312;1062;Boll Kino Beteiligungs GmbH & Co. KG
2312;1063;Brightlight Pictures
2312;1064;Herold Productions
2313;33;Universal Pictures
2313;598;Team Todd
2313;1046;Prime Film Productions LLC
2313;1047;Younger Than You
232;33;Universal Pictures
2320;1885;Silver Pictures
2320;6194;Warner Bros.
2321;41;Orion Pictures
2321;1072;Mysterious Arts
2321;14150;Orion Pictures Corporation
2322;33;Universal Pictures
2323;13;Universal Studios
2324;2226;Media 8 Entertainment
2324;2324;Empire Films
2324;2959;Alla Prima Productions
2324;2960;Brushwork Pictures
233;14150;Orion Pictures Corporation
233;14772;Warner Bros. Home Entertainment Group
2330;189;ARP Sélection
2330;1074;Cofimage 9
2330;3823;TF1 Films Production
2330;5358;Canal+
2330;6896;EuropaCorp
2330;79076;Studio Image 4
2332;189;ARP Sélection
2332;356;TF1 Films Productions
2333;1084;Colonia Media
2333;1085;FilmInterest
2334;1075;Europa Corp
2335;1076;Apipoulaï
234;55;Decla Film Gesellschaft Holz & Co.
2348;915;Hollywood Pictures
2348;1087;Aurora Productions
2348;1382;PolyGram Filmed Entertainment
2348;10201;Interscope Communications
235;5;Columbia Pictures
235;1153;Act III Communications
235;90896;The Body
235;90897;Act III
2355;5;Columbia Pictures
2355;2608;Happy Madison Productions
2355;3800;Sunlight Productions
2355;7295;Relativity Media
2355;11708;Madison 23
2357;906;Revelations Entertainment
2357;1092;Mockingbird Pictures
2357;41251;Reveal Entertainment
2359;308;The Weinstein Company
236;105;Ciby 2000
236;11840;Film Victoria
236;39250;House & Moorhouse Films
2360;8;Fine Line Features
2360;1094;Homerun Productions
2360;1095;Portman Entertainment Group
2360;1096;Rich Pickings
2360;1097;Sky Pictures
2360;1098;Wave Pictures
2362;8411;Metro-Goldwyn-Mayer (MGM)
2363;1099;AJYM-Films
237;11561;Recorded Picture Company (RPC)
2370;33;Universal Pictures
238;4;Paramount Pictures
238;10211;Alfran Productions
2383;82;Renn Productions
2383;1121;Price
239;219;The Mirisch Corporation
239;11982;Ashton Productions
2395;47;Constantin Film
2395;356;TF1 Films Productions
2395;866;Pathé Renn Productions
2395;1992;La Petite Reine
2395;1994;Tri Pictures
2395;1995;Sorolla Films
2395;1996;Novo RPI
2395;5358;Canal+
2395;8676;uFilm
2395;9335;Canal+ España
2395;11921;Le Tax Shelter du Gouvernement Fédéral de Belgique
2395;20409;Les Editions Albert René
24;14;Miramax Films
24;59;A Band Apart
24;39121;Super Cool ManChu
240;4;Paramount Pictures
240;536;The Coppola Company
241;508;Regency Enterprises
241;644;Alcor Films
241;4198;Ixtlan
241;6194;Warner Bros.
241;10104;New Regency Pictures
241;68551;J D Productions
242;4;Paramount Pictures
2428;13579;George Stevens Productions
243;32;Buena Vista
243;9195;Touchstone Pictures
2433;1147;Madeleine Films
2436;37;Gramercy Pictures
2438;4;Paramount Pictures
244;6;RKO Radio Pictures
2440;2479;Myung Film Company
2440;7036;CJ Entertainment
2441;9974;Instituto de la Cinematografía y de las Artes Audiovisuales (ICAA)
2441;32718;Departamento de Cultura del Gobierno Vasco
2441;82310;Idea
2442;37892;Keystone Entertainment
2442;38303;Cine Cut Films Inc.
2447;12;New Line Cinema
2447;1143;Sound for Film
2447;12292;Temple Hill Entertainment
245;33;Universal Pictures
2453;8411;Metro-Goldwyn-Mayer (MGM)
2453;22058;Krisjair
2453;22059;Laredo
2454;5888;Walt Disney
2454;10221;Walden Media
2454;11345;Stillking Films
2454;11440;Ozumi Films
2454;11441;Propeler
2454;11442;Silverbell Films
2454;76043;Revolution Sun Studios
2455;53;Les Films du Carrosse
2455;472;Soprofilms
2455;875;Films A2
2457;643;Société Nouvelle Pathé Cinéma
2459;7961;Gaumont International
2459;17873;Les Productions de la Guéville
246;567;Office Kitano
246;568;Saito Entertainment
246;569;Tokyo FM Broadcasting Company
246;570;Bandai Visual Company (JAPAN)
2462;9;Gaumont
2462;1131;Rizzoli Films
2469;49;El Deseo
247;60;United Artists
247;52795;Harris-Kubrick Productions
2470;11955;Sogepaq
2470;16320;Animatógrafo
2470;21108;Fernando trueba Producciones Cinematográficas
248;1044;Franton Production
2486;289;Ingenious Film Partners
2486;306;Twentieth Century Fox Film Corporation
2486;444;Dune Entertainment
2486;445;Major Studio Partners
2486;711;Fox 2000 Pictures
2486;1302;Davis Entertainment
2486;2735;Mid Atlantic Films
2487;622;Toho Film (Eiga) Co. Ltd.
249;18;Gracie Films
249;306;Twentieth Century Fox Film Corporation
2493;1153;Act III Communications
2493;49243;The Princess Bride Ltd.
2493;49244;Buttercup Films Ltd.
25;33;Universal Pictures
25;1522;Neal Street Productions
25;14440;Red Wagon Entertainment
25;19934;Motion Picture KAPPA Produktionsgesellschaft
250;165;Steen Herdel Filmproduktion
2501;33;Universal Pictures
2501;7383;Kennedy/Marshall Company, The
2501;7384;Hypnotic
2501;7385;Kalima Productions GmbH & Co. KG
2501;11345;Stillking Films
2502;33;Universal Pictures
2502;862;The Kennedy/Marshall Company
2502;7384;Hypnotic
2502;11346;Motion Picture THETA Produktionsgesellschaft
2502;11347;Ludlum Entertainment
2503;33;Universal Pictures
2503;862;The Kennedy/Marshall Company
2503;11347;Ludlum Entertainment
2503;11348;Motion Picture BETA Produktionsgesellschaft
2503;11349;Bourne Again
251;4;Paramount Pictures
2516;1138;Filmways Pictures
2516;1139;Heron Film Productions
2516;8411;Metro-Goldwyn-Mayer (MGM)
2517;570;Bandai Visual Company (JAPAN)
2517;1140;Dare mo Shiranai Seisaku Iinkai
2517;1141;Engine Films
2517;1142;c-style
252;4;Paramount Pictures
252;3434;David L. Wolper Productions
2525;516;Seven Arts Productions
2525;1216;Dino de Laurentiis Cinematografica
2525;49775;Thalia AG
2527;12778;Rizzoli Film
2527;18477;Les Films de la Boétie
253;60;United Artists
253;7576;Eon Productions
253;10761;Danjaq
2539;18;Gracie Films
2539;441;Columbia Pictures Corporation
254;11;WingNut Films
254;33;Universal Pictures
254;68;Big Primate Pictures
254;69;MFPV Film
255;53;Les Films du Carrosse
255;64;Les Productions Artistes Associés
256;65;Ulysse Production
256;66;Town
256;67;Unitec Films
2565;56;Amblin Entertainment
2565;6194;Warner Bros.
257;355;R.P. Productions
257;2979;ETIC Films
257;6732;Runteam III Ltd.
25735;3760;King Brothers Productions
25736;8411;Metro-Goldwyn-Mayer (MGM)
25738;19760;Roberts Pictures Inc.
2574;661;Nouvelles Éditions de Film
25741;3922;A. Film
25744;14606;Tornado Film
25744;14607;For-side.com
25744;14608;Twin Co. Ltd.
25744;14610;Earl Grey Film
25746;3923;Strand Releasing
25746;4868;Asahi Broadcasting
25746;5070;Shôchiku Eiga
25746;6516;Tokyo FM Broadcasting Co.
25746;7542;Yahoo Japan
25746;9177;Eisei Gekijo
25746;9300;TV Asahi
25746;10921;Sumitomo Corporation
25746;11726;The Yomiuri Shimbun
25746;11846;Hakuhodo DY Media Partners
25748;4415;Corn Cobb Productions
25748;7405;Dimension Films
25748;15342;Fifth Avenue Entertainment
25749;4416;Park Avenue Productions
25749;15343;Trans Atlantic Entertainment
2575;5;Columbia Pictures
2575;3201;Merlin Films
25750;7405;Dimension Films
25751;2623;Blue Rider Pictures
25752;2623;Blue Rider Pictures
25753;2811;Neo Art & Logic
25753;19576;Creepersin Films
25755;7173;Five Stars Production Company
25755;9142;Five Star Production Co. Ltd.
25755;79086;THA Film Factory
25757;4419;Creative Light Entertainment
2576;306;Twentieth Century Fox Film Corporation
2576;13579;George Stevens Productions
25763;306;Twentieth Century Fox Film Corporation
25767;4448;Grandon Productions
25768;12190;Buster Keaton Productions
25769;838;Paramount Vantage
25769;1785;Likely Story
25769;4482;Ivy Boy Productions
25769;10059;This Is That Productions
2577;288;BBC Films
25770;12190;Buster Keaton Productions
25773;31465;Chosen Film Company
25783;10031;Morena Films
25783;14914;HBO Documentary
25783;50800;Pentagrama Films
25783;71379;Media Produccion
25787;5296;Hugo Haas Productions
25795;2029;Estudios Picasso
25796;33;Universal Pictures
25796;8855;Boy of the Year
25796;10535;All Girl Productions
25796;27128;The Bubble Factory
25797;4313;AVRO Television
25797;30636;Bos Bros. Film & TV Productions
258;72;Valoria Films
258;73;Fida cinematografica
25807;15957;Roy Del Ruth Productions
25831;2;Walt Disney Pictures
25832;4878;Virgin Vision
25832;23915;R.V.P. Productions
25832;23916;A Don Boyd Production
25834;24257;Amalgamated Film Enterprises
25846;6246;Medusa Film
25852;12807;Overture Films
25855;4206;Baa-Ram-Ewe
25855;7726;Sahamongkolfilm International
25858;882;Toho Company
25869;3653;Eros International
25869;16854;Orion Films
2587;4;Paramount Pictures
2587;8930;Euro International Film (EIA)
2587;11707;Vic Films Productions
25872;10778;Joseph Hamilton International Productions
25874;6131;SKM
25875;4713;CMC Entertainment
2588;692;Sogecine
2588;14688;Alicia Produce
25884;6194;Warner Bros.
25890;446;Thinkfilm
25890;1490;Kintop Pictures
25890;2265;Shangri-La Entertainment
25890;34842;Seventh Picture Productions LLC
25893;4;Paramount Pictures
25893;14069;Hope Enterprises
25894;8411;Metro-Goldwyn-Mayer (MGM)
25898;8411;Metro-Goldwyn-Mayer (MGM)
259;53;Les Films du Carrosse
25900;8411;Metro-Goldwyn-Mayer (MGM)
25902;1406;Mega Film
25903;42203;New Films International
25904;66848;Filmové studio Barrandov
25905;1931;Filmové Studio Barrandov
25908;1931;Filmové Studio Barrandov
25913;13;Universal Studios
25914;45725;Metro-Goldwyn-Mayer
25915;441;Columbia Pictures Corporation
25918;893;Stanley Kramer Productions
25918;37668;Screen Plays
25919;2224;Plum Pictures
25919;62329;GWS Media
25921;908;Mystery Clock Cinema
25921;8724;Australian Film Finance Corporation (AFFC)
25922;4434;Green Moon Productions
25922;36920;Maestranza Films
25922;50800;Pentagrama Films
25927;547;Open City Films
25927;729;Why Not Productions
25927;6896;EuropaCorp
2593;753;Nouvelles Éditions de Films (NEF)
25934;16124;Columbia British Productions
25935;3102;Renaissance Films
25935;14161;Kanzaman, M.D.A. Films S.L.
25936;9342;Central Partnership
2594;356;TF1 Films Productions
2594;1168;Novo Arturo Films
2594;1169;RF2K Productions
2594;1170;Turkhoise
25941;2395;HanWay Films
25941;2452;UK Film Council
25941;5374;Marv Films
25943;4;Paramount Pictures
25944;10000;Compagnia Cinematografica Champion
25944;10001;Andy Warhol Productions
25950;3282;Larry Levinson Productions
25950;4056;Hallmark Entertainment
25950;6355;Silverstar Ltd.
25951;6853;Kaijyu Theater
25952;4;Paramount Pictures
25956;91181;Tres Malandros
25970;60;United Artists
25970;1801;Rene Clair Productions
25975;87986;rusty bear entertainment
25975;87987;lucky crow films
25993;4630;Amicus Productions
25998;5686;Sil-Metropole Organisation
26;15;Lama Films
26;16;United King Films
260;4978;Gaumont British Picture Corporation
260;10932;The Criterion Collection
26005;5922;Nicetop Independent
26005;5923;Nicetop Independent Ltd
26009;5;Columbia Pictures
26009;14249;Motion Picture Investors
26010;13433;Seasonal Film Corporation
26010;37152;Gold Label Entertainment
26010;37153;Neway Star Pictures
26018;93492;Permacology Productions
26022;43;Fox Searchlight Pictures
26022;2343;Red Chillies Entertainment
26022;4450;Foxstar
26028;11490;Pennebaker Films
26028;11491;Are You Experienced?
26030;1826;Play Art
26030;5349;Productions Cyme
26030;13715;Mondial
26035;3095;Whitewater Films
26035;11201;Rafter H Entertainment
26038;306;Twentieth Century Fox Film Corporation
2604;33;Universal Pictures
2604;4198;Ixtlan
26042;4063;Trimark Pictures
26044;6194;Warner Bros.
2605;427;PSO International
2605;496;David Foster Productions
2605;559;TriStar Pictures
26056;4456;Ruff Nation Films
2608;4535;Vista Organization
2609;4;Paramount Pictures
261;100;Avon Production
261;8411;Metro-Goldwyn-Mayer (MGM)
2610;1171;Epsilon Motion Pictures
2610;1172;Hyde Park Films
2610;1173;Shopgirl
2610;9195;Touchstone Pictures
2611;306;Twentieth Century Fox Film Corporation
2611;477;Hughes Entertainment
26111;6181;Svensk Filmindustri (SF)
26119;18039;Scimitar Films
2612;9195;Touchstone Pictures
26123;33;Universal Pictures
26123;2365;Capital Arts Entertainment
26124;288;BBC Films
26125;6956;Lucky UKFS
26125;7817;Defender Production
26125;7818;Frame Werk Produktion GmbH & Co. KG
26125;34999;Bauer Martinez Studios
26125;35002;Lucky 7 Productions LLC
26127;3470;Stone Group Pictures
26127;19474;Epico Productions
26127;50289;Horned Toad Productions
2613;306;Twentieth Century Fox Film Corporation
2613;89313;Gruskoff/Levy Company
2613;89314;ML Film Entertainment International
26133;2476;Carlton America
26133;70230;Harpo Productions
26138;19104;프로덕션M
2614;56;Amblin Entertainment
2614;4357;The Guber-Peters Company
2614;6194;Warner Bros.
26141;8411;Metro-Goldwyn-Mayer (MGM)
26142;9195;Touchstone Pictures
26146;12180;Warp Films
26147;4463;Talent House
26152;856;Wild Bunch
26152;3823;TF1 Films Production
26152;22761;Produire à Paris
26152;22763;Télégraphe
26153;6583;Reliance Big Pictures
26153;35831;Shaboo Arts
26155;8411;Metro-Goldwyn-Mayer (MGM)
26158;5328;Ivan Tors Productions
2616;33;Universal Pictures
2616;477;Hughes Entertainment
26162;13913;Joseph M. Schenck Productions
26162;19598;Art Cinema Corporation
26167;4927;Eagle-Lion Films
26167;13479;Edward Small Productions
2617;33;Universal Pictures
2617;477;Hughes Entertainment
26170;33;Universal Pictures
26170;171;Malpaso Productions
26171;14;Miramax Films
26171;2994;Hollywood Gang Productions
26171;14718;Radar Pictures
26172;1445;Golan-Globus
26174;13479;Edward Small Productions
26175;8411;Metro-Goldwyn-Mayer (MGM)
26177;670;Walt Disney Television
26177;8797;Storyline Entertainment
26177;10470;Chris Montan Productions
26177;10471;Columbia TriStar Television
26178;8808;McElroy & McElroy
26178;22040;UAA Films
26178;22041;Western Film Productions
26180;441;Columbia Pictures Corporation
26181;364;The Rank Organisation
26181;12161;Ashdown Film Productions
26185;2532;Batjac Productions
26185;6194;Warner Bros.
26191;3060;Soudaine Compagnie
26198;4;Paramount Pictures
26198;15124;Associated Capital
26198;15125;Capital Equipment Leasing
26199;8411;Metro-Goldwyn-Mayer (MGM)
26199;8411;Metro-Goldwyn-Mayer (MGM)
262;306;Twentieth Century Fox Film Corporation
262;10214;Embassy International Pictures
2620;5;Columbia Pictures
2620;1174;Delphi V Productions
2620;1175;Frostbacks
26203;12;New Line Cinema
26204;14091;Arcola Pictures
26205;306;Twentieth Century Fox Film Corporation
2621;8411;Metro-Goldwyn-Mayer (MGM)
2621;65402;JLT Productions
26223;5356;Pierce-Williams Entertainment
26223;5357;Zero Gravity Management
26225;26468;IFC Productions
2623;4;Paramount Pictures
2623;1176;Lorimar Film Entertainment
26230;3052;Troma Entertainment
26232;7038;Quad Productions
26235;3047;Dead Gentlemen Productions
26242;17662;Samuel Fuller Productions
26243;306;Twentieth Century Fox Film Corporation
26246;4473;Spanish Fork Motion Picture
2625;559;TriStar Pictures
2625;1177;Rastar Films
26252;7046;Paris Film
26255;306;Twentieth Century Fox Film Corporation
26255;11018;Penta Pictures
26258;306;Twentieth Century Fox Film Corporation
26259;5798;Shaw Brothers
26263;1444;Cannon Group
26264;2;Walt Disney Pictures
26266;806;Téléfilm Canada
26266;31014;SpyChimp Productions
26266;31015;Keystone Family Pictures
26267;21221;Evolution Film & Tape
26268;6194;Warner Bros.
26269;4;Paramount Pictures
26269;258;Scott Rudin Productions
26269;761;Cinehaus
26270;15580;Galaxy Pictures Inc.
26271;272;Spelling Entertainment
26271;1930;IRS Media
26271;10348;Republic Pictures (II)
26277;1569;Yash Raj Films
26280;4476;Mililifilms
26280;25562;Novem
26280;25563;Indie Dandy Productions
26282;6;RKO Radio Pictures
26283;6;RKO Radio Pictures
26290;3857;Fireworks Pictures
26290;19578;Momentum Pictures
26291;1930;IRS Media
26299;10463;Levy-Gardner-Laven
26299;60535;Rhodes Pictures
26302;14619;Armenfilm Studios
26306;915;Hollywood Pictures
26316;14830;Oakmont Productions
26317;25065;VUFKU
26320;10146;Focus Features
26323;6194;Warner Bros.
26325;8411;Metro-Goldwyn-Mayer (MGM)
26326;1950;New World Pictures
26333;8411;Metro-Goldwyn-Mayer (MGM)
26334;4747;Freak Show Entertainment
26337;41;Orion Pictures
26347;4491;Avventura Films
26347;4492;P%C3%A9riph%C3%A9ria
26347;4493;Télévision Suisse Romande
26350;4495;REF Productions
26356;4496;Les Films Number One
26356;4497;Janus Film und Fernsehen
26357;7894;Arena Productions
26357;8411;Metro-Goldwyn-Mayer (MGM)
2636;2596;Jerry Weintraub Productions
2636;6194;Warner Bros.
2636;11134;Iguana Producciones
26367;35;Lions Gate Films
26369;5126;Beyond Infinity
26369;8443;Gaucamolle Pictures
26369;8444;Phantom Productions
2637;126;Lakeshore Entertainment
26370;34469;Silver River Productions
26371;2370;Merchant Ivory Productions
26371;9210;Film Four International
26372;6181;Svensk Filmindustri (SF)
26372;7445;Cinematograph AB
26378;6194;Warner Bros.
26379;4502;A B Corp
26379;4502;A B Corp
26380;6194;Warner Bros.
26386;9195;Touchstone Pictures
26388;2577;Studio 37
26388;11564;Versus Entertainment
26388;11565;The Safran Company
26388;11566;Dark Trick Films
26389;1076;Apipoulaï
26389;1115;M6 Films
26389;5358;Canal+
26389;6586;TPS Star
26389;6877;Grive Productions
26389;6896;EuropaCorp
26389;11261;M6
26389;34774;W9
2639;8;Fine Line Features
26391;9195;Touchstone Pictures
26393;508;Regency Enterprises
26393;6194;Warner Bros.
26397;10722;Florentine Films
26397;10723;American Documentaries Inc.
26397;10724;Kenneth Lauren Burns
26397;10725;WETA
26397;10726;Time-Life Video
26398;4630;Amicus Productions
26398;9266;American International Pictures (AIP)
26398;14389;Burroughs Productions Inc.
2640;1950;New World Pictures
2640;10170;Cinemarque Entertainment
2642;79;Village Roadshow Pictures
2642;97;Castle Rock Entertainment
2642;172;NPV Entertainment
2642;4258;Fortis Films
26422;4506;Kasander & Wigman Productions
26422;4507;Alpha Films
26422;4508;Nederlands Fonds voor de Film
26422;53268;Woodline Films Ltd.
26425;5358;Canal+
26425;16647;CineSon Entertainment
26431;7429;HBO Films
26431;10157;Beacon Pictures
26431;57939;Plutonium Production Limited
26444;2521;Golden Harvest Company
26444;16379;Northshore Investments Ltd.
26450;66256;Grossbart Barnett Productions
26452;1444;Cannon Group
26452;8411;Metro-Goldwyn-Mayer (MGM)
26452;13549;Golan-Globus Productions
26452;21712;Cannon Italia Srl
26475;8;Fine Line Features
26475;178;Ghoulardi Film Company
26475;84361;Pas de Quoi
26479;7429;HBO Films
26480;1314;Hammer Film Productions
26480;5798;Shaw Brothers
26483;4519;alta vista productions
26483;9266;American International Pictures (AIP)
26484;4820;Alta Vista Productions
26486;9195;Touchstone Pictures
26486;10227;Mandeville Films
26486;59952;Morra, Brezner, Steinberg and Tenenbaum Entertainment (MBST)
26486;59955;Burro Productions
26488;357;Vía Digital
26488;1181;Telespan 2000
26488;1182;Telecinco
26488;2029;Estudios Picasso
26488;11672;Nimbus Film Productions
26488;31123;Euskal Irrati Telebisa (EITB)
26488;57380;Mama Films
2649;1382;PolyGram Filmed Entertainment
2649;1519;A&B Producoes
2649;10164;Popaganda Films
26491;5996;BBC
26491;31183;BBC Two
265;101;Roxy Film
265;7333;Bayerischer Rundfunk (BR)
265;8658;Rialto Films
265;14309;CIP Filmproduktion GmbH
26502;2532;Batjac Productions
26504;1124;P.A.C.
26504;8411;Metro-Goldwyn-Mayer (MGM)
26504;16058;Da Ma Produzione
26505;854;Sofica Europacorp
26505;1076;Apipoulaï
26505;2525;Avalanche Productions
26505;3823;TF1 Films Production
26505;5358;Canal+
26505;6896;EuropaCorp
26509;11289;Oscar Lewenstein Productions
26513;40806;Chartwell
26513;40807;Francoise
26514;1949;Doty-Dayton Production
26515;484;De Laurentiis Entertainment Group (DEG)
26515;29393;Lion Films
2652;12355;Vulcan Productions Inc.
26521;4526;Ensueño Films
26530;33;Universal Pictures
26538;688;Rankin/Bass Productions
26539;688;Rankin/Bass Productions
2654;12;New Line Cinema
26540;17;Warner Bros. Entertainment
26547;688;Rankin/Bass Productions
2655;27;DreamWorks SKG
2655;306;Twentieth Century Fox Film Corporation
2655;11395;ImageMovers
26550;4529;Alba Cinematografica
26550;4530;Estela Films
26550;4531;Films Dara
26550;4529;Alba Cinematografica
26550;4530;Estela Films
26550;4531;Films Dara
26554;3052;Troma Entertainment
26555;6194;Warner Bros.
26558;3052;Troma Entertainment
26560;33;Universal Pictures
26560;56;Amblin Entertainment
26561;14;Miramax Films
26561;288;BBC Films
26561;12918;Greenpoint Films
26564;4532;Superior Pictures
26569;4534;Hong Hwa Motion Picture Company
2657;12;New Line Cinema
2657;1163;Larger Than Life Productions
26574;4535;Vista Organization
26578;41;Orion Pictures
26578;3952;Hemdale Film
26580;4319;40 Acres & A Mule Filmworks
26581;14786;AARU Productions
26587;707;Matador Pictures
26587;22056;Midnight Picture Show
26587;46382;Essential Entertainment
26593;2532;Batjac Productions
26593;3070;Cinema Center Films
26593;10696;Malabar
26596;1432;Republic Pictures
26599;1221;Gainsborough Pictures
266;109;Rome Paris Films
266;1714;Les Films Concordia
266;10000;Compagnia Cinematografica Champion
26600;6194;Warner Bros.
26602;2184;Tollin/Robbins Productions
26602;6194;Warner Bros.
26603;441;Columbia Pictures Corporation
26606;4597;Goodtimes Enterprises
2661;306;Twentieth Century Fox Film Corporation
2661;429;DC Comics
2661;1188;William Dozier Productions
2661;1189;Greenlawn Productions
26612;4542;Agamemnon Films
26612;6189;Turner Pictures (I)
26612;19980;British Lion Film Corporation
26614;68167;Les Établissements Braunberger-Richebé
26615;5798;Shaw Brothers
26617;4541;Raybert Productions
2662;1632;Lionsgate
2662;10370;Spectacle Entertainment Group
26622;3268;Home Box Office (HBO)
26622;11371;Palomar Pictures (II)
26630;328;TLA Releasing
26631;328;TLA Releasing
26631;4546;Superstitious Entertainment (II)
26638;5774;Film Duemila
26638;5775;Federiz
26638;10932;The Criterion Collection
26643;18582;Bert I. Gordon Productions
26644;718;Arts Council of England
26644;3324;British Broadcasting Corporation (BBC)
26644;12745;British Screen Productions
2665;4;Paramount Pictures
26655;10999;Twentieth Century Fox Home Entertainment
2666;12;New Line Cinema
2666;908;Mystery Clock Cinema
26663;6194;Warner Bros.
2667;2188;Artisan Entertainment
2667;15160;Haxan Films
26670;56;Amblin Entertainment
26670;9195;Touchstone Pictures
26676;4554;Cimarron Productions
26677;4555;Interstate 5 Productions
2668;4;Paramount Pictures
2668;70;American Zoetrope
2668;551;Mandalay Pictures
2668;8601;Tim Burton Productions
2668;23310;Karol Film Productions
26680;4559;Zopix Company
26682;18881;Spelling Films International
26685;22136;Murder Inc.
26686;5;Columbia Pictures
26686;1177;Rastar Films
26688;491;Summit Entertainment
26688;4194;Karz Entertainment
26689;41;Orion Pictures
26689;4561;Cohiba Pictures
2669;10308;Dino De Laurentiis Company
26690;306;Twentieth Century Fox Film Corporation
26691;83;France 2 Cinéma
26691;7799;TF1 International
26691;8953;Miroir Magique
26691;19159;Vito Films
26693;4562;Cell
26693;4563;Oz Company
26693;9221;Toei Video Company
26699;6194;Warner Bros.
26699;9329;The Vitaphone Corporation
267;49;El Deseo
267;591;France 3 Cinéma
267;7832;CiBy 2000
26701;6194;Warner Bros.
26702;46012;Zeitman-Landers-Roberts Productions
26703;20260;EMI Television
26703;81475;VIC Productions
26703;20260;EMI Television
26703;81475;VIC Productions
2671;1194;Kadokawa Shoten Publishing Co. Ltd.
2671;1195;Omega Project
26712;6194;Warner Bros.
26712;11276;United States Pictures
26714;3245;First National Pictures
26718;6194;Warner Bros.
26719;4565;Filmhaus
26736;3213;Disney Channel
26744;3333;Enterprise Productions
26744;19760;Roberts Pictures Inc.
2675;7383;Kennedy/Marshall Company, The
2675;9195;Touchstone Pictures
2675;12236;Blinding Edge Pictures
26752;4573;Castel Film Studio
26758;11983;Formosa Productions
26761;6194;Warner Bros.
26761;11276;United States Pictures
26762;8411;Metro-Goldwyn-Mayer (MGM)
26765;4574;Dark Horse Indie
26765;4575;Vivendi Entertainment
26766;4100;Stick Figure Productions
26766;8857;Independent Film Channel (IFC)
26769;6303;Rakontur
26774;4579;Tigon British Film Productions
26774;21719;Chilton Films
26776;73345;Collier Young Associates
26791;6337;Main Street Movie Company
26792;4585;Вертикаль
26796;4586;Aspiration Films
268;1382;PolyGram Filmed Entertainment
268;4357;The Guber-Peters Company
268;6194;Warner Bros.
26801;33;Universal Pictures
26803;4587;Allied Stars
26809;6125;Walt Disney Animation Studios
26813;83;France 2 Cinéma
26813;208;Bac Films
26813;793;Galatée Films
26813;5358;Canal+
26813;17873;Les Productions de la Guéville
26813;19289;Les Productions JMH
26813;95810;Antelope Films
26813;95811;National Studio Limited (Katmandu)
26814;4593;Artists Alliance
26815;1569;Yash Raj Films
26826;4595;Negativ
26827;4357;The Guber-Peters Company
26827;6194;Warner Bros.
26838;8411;Metro-Goldwyn-Mayer (MGM)
26841;21703;Top Line Production
26842;29110;Filmco International Productions
26843;22814;Falcon International Productions
26849;441;Columbia Pictures Corporation
26850;441;Columbia Pictures Corporation
26850;1130;The Rank Organisation Film Productions
26850;6196;Carnival Films
26850;6197;London Weekend Television (LWT)
26860;73571;Victor & Edward Halperin Productions
26861;4610;Alumbra Films
26861;4611;Grow Pictures
26861;4612;Scheherazade
26865;1314;Hammer Film Productions
2687;508;Regency Enterprises
2687;644;Alcor Films
2687;5358;Canal+
2687;6194;Warner Bros.
2687;67992;Cornelius Productions
26873;3681;Gorky Film Studio
26880;14937;Icelandic Film
26880;18507;Metro Film
26880;36913;Max Film
269;249;Société Nouvelle de Cinématographie
269;10906;Les Films Impéria
269;10907;Les Productions Georges de Beauregard
2690;219;The Mirisch Corporation
2690;1167;Phalanx Productions
26900;47853;Filma-Cass
26900;75290;ArtCam
26900;75291;Geopoly
26914;6082;Filmirage
2692;1235;Neue Visionen
26925;441;Columbia Pictures Corporation
26928;441;Columbia Pictures Corporation
26928;37663;E & R Productions Corp.
26928;37664;Belafonte Enterprises
26933;635;Les Films Alain Sarde
26933;4790;IMA Productions
26933;5358;Canal+
26933;6849;Société Française de Production (SFP)
26933;11332;La Sept-Arte
26933;18367;Centre National de la Cinématographie (CNC)
26933;30576;Ima Films
26939;6068;HBO
26939;84087;Joseph Cates Productions
2694;1252;Xian Motion Picture Company
26940;6428;Loma Vista Productions
26940;6429;Castle Hill Productions
26941;58;Sony Pictures Classics
26945;528;Bandai Visual Company
26945;4288;Madhouse
26945;11376;NHK Enterprises
26945;15505;NHK
26945;20206;Shelty
26946;4928;Allied Artists Pictures
26946;13751;Los Altos Productions
26947;3214;Daiei Motion Picture Company
26948;4928;Allied Artists Pictures
26949;12;New Line Cinema
26949;15846;Dimitri Villard Productions
26954;4867;Full Moon Entertainment
26958;4867;Full Moon Entertainment
26962;19528;ApolloProScreen Filmproduktion
26962;23564;Jeff Franklin Productions
26964;12800;Ego Film Arts
26964;24725;Ontario Arts Council
26964;24726;Canada Council for the Arts
26969;63713;Tesela P.C. / Impala
26973;4;Paramount Pictures
26973;5773;Synthetic Fur Productions
26974;45494;Korean Film
26976;7429;HBO Films
26978;441;Columbia Pictures Corporation
26978;24373;Delphi Productions
26978;24374;Zone Productions
2698;5;Columbia Pictures
2698;33;Universal Pictures
2698;158;Spyglass Entertainment
2698;159;Shady Acres Entertainment
2698;333;Original Film
2698;4171;Playtone
2698;7295;Relativity Media
2699;70;American Zoetrope
26990;769;Destination Films
26990;1634;truenorth Productions
26990;2365;Capital Arts Entertainment
26990;2448;Yari Film Group
26990;5677;Flavor Unit Entertainment
27;163;Revolution Films
27003;441;Columbia Pictures Corporation
27004;4624;Immortal Thoughts
27004;22712;Three Good Men
2701;1080;Beta Film
2701;6370;Quinta Communications
2701;7196;Lube
27016;4;Paramount Pictures
27016;553;Barclays Mercantile Industrial Finance
27016;56519;Red Stripe
27018;27110;Beyond Productions
27022;2;Walt Disney Pictures
27022;130;Jerry Bruckheimer Films
27022;831;Saturn Films
27022;8000;Broken Road Productions
27022;19097;Junction Entertainment
27031;882;Toho Company
27031;75232;Mifune Productions Co. Ltd.
27033;4;Paramount Pictures
27036;5235;Hunt Stromberg Productions
27046;4651;Фокс
27064;1;Lucasfilm
27064;70;American Zoetrope
27064;38100;Tristone Entertainment Inc.
27064;84815;M Company
27067;311;Procirep
27067;5358;Canal+
27067;5609;3b productions
27067;11434;Région Nord-Pas-de-Calais
27067;11694;Ministère de la Culture de la Republique Française
27067;18367;Centre National de la Cinématographie (CNC)
27067;23677;Fondation GAN pour le Cinéma
27067;38038;Pictanovo Nord-Pas-de-Calais
27067;48368;C.R.R.A.V
27067;87493;Norfilm
27070;3052;Troma Entertainment
27092;302;Ibermedia
27092;357;Vía Digital
27092;6458;Instituto Nacional de Cine y Artes Audiovisuales (INCAA)
27092;7680;Tornasol Films
27092;37352;Oscar Kramer S.A.
27092;44709;Cuatro Cabezas
27092;74894;Estudios Darwin
27092;74895;Romikin S.A.
27092;74896;Patricio Tobal
27092;74897;Editorial Capayán
27092;74898;Fundación Octubre
27092;74899;Mandarin Films S.A.
27092;74900;Punto B.S.R.L. Planificación y Medios
27092;74901;Taxi Films
27093;8210;M6 Métropole Télévision
27093;27807;Image et Compagnie
27094;976;Marvin Worth Productions
27095;729;Why Not Productions
27095;5358;Canal+
27095;6586;TPS Star
271;113;AB Svenska Ord
271;115;AB Film-Teknik
271;3221;Sveriges Television (SVT)
271;6181;Svensk Filmindustri (SF)
271;12984;Norsk Film
27103;310;Centre National de la Cinématographie
27103;5358;Canal+
27105;8411;Metro-Goldwyn-Mayer (MGM)
27112;49755;Apollo Films
27114;6;RKO Radio Pictures
27134;2274;Element Films
27134;2568;Lunar Films
27134;5267;Irish Film Board
27171;33;Universal Pictures
27171;1951;Aspen Film Society
27172;6194;Warner Bros.
27197;881;Daiei Studios
272;429;DC Comics
272;923;Legendary Pictures
272;6194;Warner Bros.
272;9993;DC Entertainment
272;9996;Syncopy
272;19231;Patalex III Productions Limited
27205;923;Legendary Pictures
27205;6194;Warner Bros.
27205;9996;Syncopy
2721;72;Valoria Films
27212;15856;Bischoff-Diamond Corporation
27215;328;TLA Releasing
27215;18655;Morning View Films
2722;1181;Telespan 2000
2722;1183;Impala
27221;843;Werner Herzog Filmproduktion
27221;1448;Pro-ject Filmproduktion
27221;4606;Zweites Deutsches Fernsehen (ZDF)
27223;2956;The Geffen Company
27223;12552;Marty Katz Productions
27232;4420;Clemi Cinematografica
27232;6087;Conquest Productions
27232;6088;Esme
27232;6089;Golden Sun
27236;33;Universal Pictures
27236;15747;Michael Laughlin Enterprises
27263;8411;Metro-Goldwyn-Mayer (MGM)
27271;5087;Scotti Brothers Pictures
27271;49915;International Video Entertainment (IVE)
27273;688;Rankin/Bass Productions
27274;4648;Levins-Henenlotter
27274;16636;Shapiro-Glickenhaus Entertainment
27276;4650;Marubeni
27277;33;Universal Pictures
27277;2532;Batjac Productions
27277;8425;Marvin Schwartz Productions
2728;1199;Running With Scissors
2728;4575;Vivendi Entertainment
27292;3070;Cinema Center Films
27297;4658;Ace Deuce Entertainment
273;116;Cameo Film- und Fernsehproduktion
273;117;Kunsthochschule für Medien Köln (KHM)
27306;4662;Cinemancer Pte Ltd.
27310;3635;20th Century Fox Home Entertainment
27310;10339;WWE Studios
27310;89638;Marine 2 Productions
27316;4663;Key Plus Pictures
27320;14280;A-Pix Entertainment
27322;12;New Line Cinema
27322;4665;Addis Wechsler Pictures
27327;306;Twentieth Century Fox Film Corporation
27327;3302;Harbor Productions
27328;22950;Production Concepts Ltd.
27328;22951;Today Productions Inc.
27329;70;American Zoetrope
27329;8972;Prommitr International Production
27332;3166;Walt Disney Productions
27338;16323;20th Century Fox Television
2734;678;Turner Network Television
2734;974;Five Mile River Films
2734;1080;Beta Film
2734;1082;Lux Vide
27344;77890;Bernard Woolner Productions
27350;4672;Marble Hall
27351;328;TLA Releasing
27351;4673;King Record Co.
27359;4674;The Film Company
27362;9210;Film Four International
27362;30966;Stimuleringsfonds Nederlandse Culturele Omroepproducties
27362;30967;Elsevier-Vendex Film Beheer
27362;30968;Allarts Production
27370;1311;The Asylum
27372;5070;Shôchiku Eiga
27376;4519;alta vista productions
27378;843;Werner Herzog Filmproduktion
27395;533;Janus Films
27396;10463;Levy-Gardner-Laven
27396;16685;United Artists Pictures
27396;61092;Wellborn
27397;6194;Warner Bros.
274;41;Orion Pictures
274;55072;Strong Heart/Demme Production
27408;4677;Charter Entertainment
2742;806;Téléfilm Canada
2742;1200;Film Trustees Ltd.
2742;1201;Naked Lunch Productions
2742;11561;Recorded Picture Company (RPC)
2742;22210;Ontario Film Development Corporation
2742;88919;Nippon Film Development and Finance
2742;88920;Pierson, Heldring & Pierson N.V.
27431;1400;Labrador Films
27431;3570;Seda Spettacoli
27431;4784;Terra-Filmkunst
27432;93224;Milestone FIlms
27441;4051;Warner Brothers/Seven Arts
27444;20917;Better Than
27444;20919;France Télévision Distribution
27444;20920;Meercat Films
27444;20922;New Vision Films
27449;6194;Warner Bros.
27450;12;New Line Cinema
27451;35;Lions Gate Films
27451;21097;Worldwide Media
27455;16718;No Limit Films
27455;40648;Shooting Star Pictures
27456;4;Paramount Pictures
27457;11446;Lereby Productions
27457;13969;Globo Filmes
27458;4;Paramount Pictures
27459;306;Twentieth Century Fox Film Corporation
27461;4;Paramount Pictures
27472;4;Paramount Pictures
27475;77413;Santa Fe Productions (I)
2748;1210;Sveva Film
27480;1380;Australian Film Finance Corporation
27480;2806;South Australian Film Corporation
27480;8081;Last Ride
27480;11840;Film Victoria
27480;15089;Talk Films
2749;12;New Line Cinema
2749;376;Industry Entertainment
2749;11391;Tribeca Productions
2749;67171;New Redemption Pictures
27496;4905;Paragon International Pictures
27496;13088;Productions Enterprises Inc.
275;1382;PolyGram Filmed Entertainment
275;10163;Working Title Films
2750;60;United Artists
2750;163;Revolution Films
2750;1218;The Film Consortium
2750;1219;Baby Cow Productions
2750;2452;UK Film Council
2750;7981;Pathé
2750;9349;Film4
27506;8411;Metro-Goldwyn-Mayer (MGM)
27509;31789;Goldwyn Pictures Corporation
27509;33014;Eminent Authors Pictures Inc
27511;8411;Metro-Goldwyn-Mayer (MGM)
2752;14;Miramax Films
2752;33;Universal Pictures
2752;10163;Working Title Films
27523;1679;Lux Film
27523;12111;Vides Cinematografica
27523;12240;Galatea Film
27526;14;Miramax Films
2753;1567;Fons Rademakers Produktie
27544;6;RKO Radio Pictures
27548;73770;Bare Bones Productions
27548;73770;Bare Bones Productions
27549;1113;Les Films 21
27549;1432;Republic Pictures
2755;12;New Line Cinema
2755;1565;Avery Pix
2756;306;Twentieth Century Fox Film Corporation
2756;574;Lightstorm Entertainment
2756;1280;Pacific Western
27563;6194;Warner Bros.
2757;267;Beverly Detroit
2757;278;Propaganda Films
2757;1274;Clinica Estetico
2757;8856;Intermedia
2757;10565;Good Machine
2757;23227;Magnet Productions
27573;5;Columbia Pictures
27573;333;Original Film
27573;7295;Relativity Media
27573;12199;Madhouse Entertainment
27576;5;Columbia Pictures
27576;435;Di Bonaventura Pictures
27576;7295;Relativity Media
27576;11845;Wintergreen Productions
2758;4;Paramount Pictures
2758;41;Orion Pictures
2758;258;Scott Rudin Productions
27584;25755;Donau Filmproduktion
2759;1382;PolyGram Filmed Entertainment
27595;4692;Instinct Entertainment
27598;2491;Artfilm
27598;6181;Svensk Filmindustri (SF)
276;121;Y3 Film
276;122;Coop 99
276;124;Südwestrundfunk
276;201;Arte
2760;1222;Carlyle Blackwell Productions
2761;4978;Gaumont British Picture Corporation
27618;33453;Chaotic Rampage American Pictures
2762;4978;Gaumont British Picture Corporation
27624;66728;Rajshri Productions
27636;641;Titanus
27636;3920;Leone Film
27642;4698;Cinema West Productions
27644;5;Columbia Pictures
27644;16326;Ranown Pictures Corp.
27646;14159;Seven Arts Pictures
27646;18665;Project 8 Films
27646;18666;Cold Fusion Media Group
27646;18667;Parallel Media
27646;18668;Voodoo Production Services
27658;612;Artists Entertainment Complex
27658;1950;New World Pictures
2767;461;Les Films Christian Fechner
2767;875;Films A2
2767;7961;Gaumont International
27671;47687;Population 1280 Films
27674;3283;ACH
27674;3284;Regent Productions
27674;3285;Christopher Filmcapital
2768;4;Paramount Pictures
27699;9240;Hispamer Films
27699;9241;Leo Lax Production
27699;9242;Ydex Eurociné
277;126;Lakeshore Entertainment
277;7733;Laurinfilm
277;7734;Subterranean Productions LLC
277;7735;Subterranean Productions UK Ltd.
277;7736;Underworld Produktions GmbH
2770;33;Universal Pictures
2770;2200;Liveplanet
2770;3169;Zide-Perry Productions
27703;12778;Rizzoli Film
27703;17741;Cinecompany
27706;1429;Italian International Film
27706;25151;Magdalena Produzione
27711;1369;Full Moon Pictures
27711;15627;Big City Pictures
27716;4;Paramount Pictures
27716;4921;Bakshi Productions
27716;16311;Albert S. Ruddy Productions
27717;4704;Four Crown Productions
27724;8979;Illustrated Films LLC
27726;4705;Arkoff International
27726;17069;Larco Productions
27742;5072;Twins Japan
27742;7549;Kansai Telecasting Corporation
27759;4928;Allied Artists Pictures
27759;10253;Samuel Bronston Productions
2777;1215;Boogui Cinema
27771;4063;Trimark Pictures
27777;4;Paramount Pictures
27777;13866;The Caddo Company
2778;41;Orion Pictures
27786;35;Lions Gate Films
27786;11601;Silver Lion Films
27786;12360;Vestron Pictures
27786;38209;Toron Screen Corporation
27786;89445;Independent Film Centre
2779;27;DreamWorks SKG
2779;1824;Gravier Productions
27793;264;Studio Babelsberg
27793;1766;Dieter Geissler Filmproduktion
27793;1979;Cinevox Filmproduktion GmbH
27793;6194;Warner Bros.
27793;53009;Miramax
27799;2487;Rockwell Eyes
27799;5897;Toho
278;97;Castle Rock Entertainment
278;6194;Warner Bros.
27805;14112;Intertamar
27805;14113;Trenchard Productions
27815;16636;Shapiro-Glickenhaus Entertainment
27827;56290;Persistence of Vision Productions
27834;60;United Artists
27841;33;Universal Pictures
27847;40417;Rigel Independent Entertainment
27847;40418;Catalyst Entertainment Production
27847;40419;Durrant Fox Productions Inc.
27850;47440;Ventura Valley Films
27850;47441;Just Singer Entertainment
27857;4721;civilhand
27858;6194;Warner Bros.
2786;1216;Dino de Laurentiis Cinematografica
27862;5120;Mosfilm
27864;897;Taurus Films
27864;10492;WNET Channel 13 New York
2787;10201;Interscope Communications
27873;26769;Battletruck Films Ltd.
2788;33;Universal Pictures
2788;216;Jersey Films
27881;3052;Troma Entertainment
27883;1432;Republic Pictures
2789;7154;One Race Films
2789;14718;Radar Pictures
27899;3245;First National Pictures
279;6194;Warner Bros.
27904;310;Centre National de la Cinématographie
27904;5381;Backup Films
27904;22625;Fonds Sud Cinéma
27904;24372;Illuminations Films
27904;25818;Ministère de la Culture et de la Communication
27904;28410;TIFA
27904;61201;Anna Sanders Films
27904;61202;Kick the Machine
27904;75515;French Ministry of Foriegn Affairs
27904;78242;New Crowned Hope
27905;1701;Dania Film
27905;15868;Medusa Distribuzione
2791;33;Universal Pictures
2791;3487;Universal Home Video
27919;3291;Provident Films
27919;36108;Ruckus Films
27919;71808;Cedar Partners
27922;5120;Mosfilm
27922;15326;Gruzia-Film
27922;15406;Qartuli Pilmi
2798;9;Gaumont
28;60;United Artists
28;26663;Zoetrope Studios
280;574;Lightstorm Entertainment
280;1280;Pacific Western
280;5358;Canal+
280;14723;Carolco Pictures
280;61409;T2 Productions
2800;79;Village Roadshow Pictures
2800;129;Section Eight
2800;705;Spring Creek Productions
2800;6194;Warner Bros.
281;574;Lightstorm Entertainment
2817;83;France 2 Cinéma
2817;1243;Arena Films
2817;8138;Vega Film
2817;12918;Greenpoint Films
2830;7405;Dimension Films
2832;85;Konrad Pictures
2832;441;Columbia Pictures Corporation
284;60;United Artists
284;11241;The Mirisch Company
2841;975;Gerber Pictures
2841;1232;2003 Productions
2841;3823;TF1 Films Production
2841;5358;Canal+
2841;6194;Warner Bros.
2841;11246;Région Ile-de-France
2841;12000;Tapioca Films
2841;18367;Centre National de la Cinématographie (CNC)
2841;20346;Région Bretagne
2841;76911;Région Poitou-Charentes
285;2;Walt Disney Pictures
285;130;Jerry Bruckheimer Films
285;19936;Second Mate Productions
286;736;Little Shark Entertainment GmbH
2860;223;Les Films du Losange
2861;53;Les Films du Carrosse
2861;223;Les Films du Losange
287;41;Orion Pictures
287;1312;The Mount Company
288;60;United Artists
288;893;Stanley Kramer Productions
2882;356;TF1 Films Productions
2882;3012;Pathé Distribution
2887;7429;HBO Films
289;6194;Warner Bros.
