movie_id;genre_id;genre_name
100;35;Comedy
100;80;Crime
100010;18;Drama
100010;10752;War
100017;18;Drama
100032;18;Drama
100032;28;Action
100042;35;Comedy
100046;35;Comedy
100046;18;Drama
100046;10749;Romance
100167;18;Drama
100183;28;Action
100183;27;Horror
100196;35;Comedy
100196;18;Drama
100196;10749;Romance
100246;16;Animation
100246;35;Comedy
100257;18;Drama
100270;35;Comedy
100270;27;Horror
100272;35;Comedy
100272;18;Drama
100272;27;Horror
100275;27;Horror
100275;35;Comedy
100287;99;Documentary
100287;878;Science Fiction
100490;18;Drama
100490;10749;Romance
100529;35;Comedy
100540;28;Action
100830;35;Comedy
101;53;Thriller
101;80;Crime
101;18;Drama
101006;18;Drama
101176;27;Horror
101176;53;Thriller
101226;35;Comedy
101226;10751;Family
101281;35;Comedy
101289;35;Comedy
101289;10749;Romance
101289;10752;War
101299;12;Adventure
101299;28;Action
101299;878;Science Fiction
101307;18;Drama
101352;35;Comedy
101362;35;Comedy
101362;12;Adventure
101362;80;Crime
101383;99;Documentary
101444;80;Crime
101444;12;Adventure
101444;28;Action
101444;10752;War
101514;18;Drama
101514;10751;Family
101514;35;Comedy
101514;10770;TV Movie
101538;16;Animation
101538;10751;Family
101653;18;Drama
1018;53;Thriller
1018;18;Drama
1018;9648;Mystery
101801;10402;Music
101801;35;Comedy
101801;99;Documentary
101803;99;Documentary
101887;35;Comedy
101887;18;Drama
101897;12;Adventure
101897;35;Comedy
101904;14;Fantasy
101904;18;Drama
101908;18;Drama
101916;53;Thriller
101916;18;Drama
102;18;Drama
102;10749;Romance
102039;35;Comedy
102039;878;Science Fiction
102051;35;Comedy
102051;10749;Romance
102051;35;Comedy
102051;10749;Romance
102078;10752;War
102078;18;Drama
102165;18;Drama
102165;10752;War
102197;28;Action
102197;53;Thriller
102242;10402;Music
102242;18;Drama
102286;18;Drama
102292;18;Drama
1023;18;Drama
1023;35;Comedy
1023;80;Crime
102305;18;Drama
1024;18;Drama
1024;14;Fantasy
102419;53;Thriller
102461;18;Drama
102517;10770;TV Movie
102517;35;Comedy
102526;12;Adventure
102526;18;Drama
102541;10752;War
102541;18;Drama
102541;10749;Romance
102596;99;Documentary
102596;10752;War
102807;99;Documentary
102841;35;Comedy
102858;18;Drama
102860;18;Drama
102860;10769;Foreign
102862;18;Drama
102862;35;Comedy
102862;53;Thriller
102862;99;Documentary
102870;80;Crime
102870;18;Drama
102870;35;Comedy
102899;878;Science Fiction
102899;28;Action
102899;12;Adventure
102949;28;Action
102949;35;Comedy
102949;37;Western
102961;28;Action
102961;18;Drama
103;80;Crime
103;18;Drama
103048;10769;Foreign
103066;35;Comedy
103066;10749;Romance
103066;10769;Foreign
103162;35;Comedy
103162;99;Documentary
103164;37;Western
103203;10752;War
103203;18;Drama
103210;28;Action
103210;53;Thriller
103210;80;Crime
103212;53;Thriller
103212;10769;Foreign
103243;35;Comedy
103243;10749;Romance
103269;16;Animation
103269;28;Action
103299;18;Drama
103299;28;Action
103299;53;Thriller
103299;80;Crime
103299;9648;Mystery
103301;35;Comedy
103328;18;Drama
103328;14;Fantasy
103370;18;Drama
103370;35;Comedy
103370;80;Crime
103413;18;Drama
103433;27;Horror
103433;35;Comedy
103433;80;Crime
103502;18;Drama
103502;10769;Foreign
103528;99;Documentary
103539;18;Drama
103539;10769;Foreign
103590;18;Drama
103635;10770;TV Movie
103635;53;Thriller
103635;18;Drama
103635;9648;Mystery
103663;18;Drama
103667;99;Documentary
103688;18;Drama
103688;10402;Music
103688;99;Documentary
103731;18;Drama
103745;99;Documentary
103747;18;Drama
103747;35;Comedy
103753;18;Drama
103851;35;Comedy
103851;99;Documentary
103851;35;Comedy
103851;99;Documentary
103875;53;Thriller
1039;18;Drama
1039;10769;Foreign
103972;18;Drama
103972;10769;Foreign
104;28;Action
104;18;Drama
104;53;Thriller
1040;18;Drama
104041;10770;TV Movie
104041;28;Action
104041;18;Drama
104041;10770;TV Movie
104041;28;Action
104041;18;Drama
104043;18;Drama
104103;18;Drama
104103;35;Comedy
104155;99;Documentary
104211;10749;Romance
104211;14;Fantasy
104239;9648;Mystery
104239;18;Drama
104241;18;Drama
104241;10769;Foreign
104274;28;Action
104274;18;Drama
104274;80;Crime
104285;18;Drama
104285;14;Fantasy
104301;18;Drama
104301;10749;Romance
104317;14;Fantasy
104317;27;Horror
104343;18;Drama
104354;18;Drama
104374;18;Drama
104376;18;Drama
104431;18;Drama
104431;10769;Foreign
104449;35;Comedy
104449;10749;Romance
104462;35;Comedy
104462;27;Horror
104524;18;Drama
104524;14;Fantasy
104524;27;Horror
104556;35;Comedy
104606;35;Comedy
104606;28;Action
104638;37;Western
104638;35;Comedy
104644;27;Horror
104776;18;Drama
1049;18;Drama
1049;53;Thriller
1049;9648;Mystery
1049;10749;Romance
104954;18;Drama
104973;18;Drama
104973;27;Horror
105;12;Adventure
105;35;Comedy
105;878;Science Fiction
105;10751;Family
1050;35;Comedy
1050;18;Drama
1050;10769;Foreign
105073;9648;Mystery
105077;878;Science Fiction
105077;28;Action
105077;12;Adventure
105077;18;Drama
105079;18;Drama
105079;53;Thriller
105098;18;Drama
105098;9648;Mystery
105098;27;Horror
1051;28;Action
1051;80;Crime
1051;53;Thriller
105121;99;Documentary
105130;80;Crime
105130;35;Comedy
105130;28;Action
105184;27;Horror
1052;18;Drama
1052;9648;Mystery
1052;53;Thriller
105246;35;Comedy
105254;18;Drama
105299;35;Comedy
105304;99;Documentary
105304;10751;Family
105325;16;Animation
105325;35;Comedy
105347;35;Comedy
105347;10769;Foreign
105347;12;Adventure
105388;18;Drama
105388;99;Documentary
105388;10751;Family
105404;35;Comedy
105404;18;Drama
105406;35;Comedy
105448;18;Drama
105465;35;Comedy
105470;10749;Romance
105470;18;Drama
105506;9648;Mystery
105506;53;Thriller
105509;18;Drama
105526;18;Drama
105531;18;Drama
105531;27;Horror
105531;10749;Romance
105538;35;Comedy
105538;10749;Romance
105538;878;Science Fiction
105583;99;Documentary
105593;9648;Mystery
105593;18;Drama
105593;53;Thriller
105703;18;Drama
105759;35;Comedy
105759;80;Crime
105763;18;Drama
105763;35;Comedy
105763;10749;Romance
105763;10769;Foreign
105778;18;Drama
105778;99;Documentary
105778;10749;Romance
105778;10751;Family
1058;28;Action
1058;18;Drama
1058;10749;Romance
1058;53;Thriller
105833;18;Drama
105833;10749;Romance
1059;12;Adventure
1059;18;Drama
1059;28;Action
1059;35;Comedy
105906;28;Action
105906;53;Thriller
105906;10769;Foreign
105915;9648;Mystery
105915;27;Horror
105915;14;Fantasy
105945;28;Action
105945;18;Drama
105945;10751;Family
105945;36;History
105945;10752;War
105965;35;Comedy
105965;10751;Family
105972;99;Documentary
105978;10402;Music
105978;99;Documentary
105980;53;Thriller
105980;18;Drama
106;878;Science Fiction
106;28;Action
106;12;Adventure
106;53;Thriller
106006;99;Documentary
106017;18;Drama
106017;10752;War
106017;53;Thriller
106113;35;Comedy
106134;18;Drama
106136;10749;Romance
106136;18;Drama
106222;35;Comedy
106222;10749;Romance
106222;35;Comedy
106222;10749;Romance
106224;18;Drama
106230;35;Comedy
106230;18;Drama
106254;18;Drama
106326;18;Drama
106326;28;Action
106326;12;Adventure
106344;99;Documentary
106348;14;Fantasy
106348;18;Drama
106348;53;Thriller
106348;878;Science Fiction
106355;28;Action
106355;12;Adventure
106355;878;Science Fiction
106417;53;Thriller
106417;18;Drama
106495;35;Comedy
106495;80;Crime
106495;18;Drama
106495;35;Comedy
106495;80;Crime
106495;18;Drama
106515;35;Comedy
106515;10751;Family
106515;14;Fantasy
106538;10749;Romance
106538;18;Drama
106599;99;Documentary
106599;36;History
106646;80;Crime
106646;18;Drama
106646;35;Comedy
106682;27;Horror
106682;9648;Mystery
106682;53;Thriller
106729;18;Drama
106739;99;Documentary
106739;99;Documentary
106747;28;Action
106747;80;Crime
106747;53;Thriller
106824;12;Adventure
106848;18;Drama
106887;18;Drama
106887;10749;Romance
106922;28;Action
106922;12;Adventure
106922;35;Comedy
106922;878;Science Fiction
106970;28;Action
106970;80;Crime
106970;53;Thriller
107;53;Thriller
107;80;Crime
107028;12;Adventure
107028;10749;Romance
107039;18;Drama
107039;10769;Foreign
107052;35;Comedy
107081;35;Comedy
107096;28;Action
107096;53;Thriller
107096;878;Science Fiction
107100;28;Action
107100;878;Science Fiction
107246;18;Drama
107246;10402;Music
107248;10402;Music
107262;80;Crime
107262;18;Drama
1073;18;Drama
1073;53;Thriller
1073;9648;Mystery
107352;12;Adventure
107352;18;Drama
107352;28;Action
107352;53;Thriller
107357;80;Crime
107357;18;Drama
107357;53;Thriller
107406;18;Drama
107412;28;Action
107412;18;Drama
107412;80;Crime
107426;18;Drama
107430;27;Horror
107430;35;Comedy
107445;35;Comedy
107499;18;Drama
1075;35;Comedy
1075;10749;Romance
107548;10749;Romance
107548;18;Drama
107548;10769;Foreign
107569;18;Drama
107569;35;Comedy
107612;35;Comedy
107625;28;Action
107625;37;Western
107643;18;Drama
107643;28;Action
107643;10769;Foreign
107682;18;Drama
107682;10749;Romance
107743;35;Comedy
107743;10749;Romance
107745;10749;Romance
107745;18;Drama
107745;10769;Foreign
107767;18;Drama
107846;28;Action
107846;53;Thriller
107916;18;Drama
107916;35;Comedy
107966;35;Comedy
107966;28;Action
107966;12;Adventure
107976;27;Horror
107976;53;Thriller
107978;35;Comedy
107999;35;Comedy
107999;10749;Romance
108;18;Drama
108;10402;Music
108;9648;Mystery
108003;35;Comedy
108010;10749;Romance
108010;35;Comedy
108010;10402;Music
108048;878;Science Fiction
108048;16;Animation
108048;12;Adventure
108048;14;Fantasy
108063;18;Drama
108063;878;Science Fiction
108200;35;Comedy
108209;10402;Music
108209;35;Comedy
108220;35;Comedy
108220;10402;Music
108241;18;Drama
108241;35;Comedy
108246;18;Drama
108246;18;Drama
108267;28;Action
108267;12;Adventure
108267;37;Western
108282;18;Drama
108282;28;Action
108282;53;Thriller
108282;9648;Mystery
108316;35;Comedy
108401;35;Comedy
108401;18;Drama
108476;99;Documentary
108476;99;Documentary
108501;28;Action
108512;18;Drama
108512;35;Comedy
108512;10769;Foreign
108540;99;Documentary
108564;36;History
108564;18;Drama
108639;18;Drama
108639;10402;Music
108639;14;Fantasy
108639;10749;Romance
108789;37;Western
108789;28;Action
108789;18;Drama
1088;18;Drama
1088;10751;Family
108852;35;Comedy
108852;10749;Romance
108879;99;Documentary
1089;28;Action
1089;53;Thriller
1089;80;Crime
108901;99;Documentary
108930;35;Comedy
108949;18;Drama
109;35;Comedy
109;18;Drama
109;9648;Mystery
1090;53;Thriller
1090;878;Science Fiction
1090;9648;Mystery
109008;18;Drama
109008;53;Thriller
109074;27;Horror
1091;27;Horror
1091;9648;Mystery
1091;878;Science Fiction
109102;27;Horror
109161;80;Crime
109161;28;Action
109161;35;Comedy
1092;53;Thriller
1092;9648;Mystery
109235;35;Comedy
109235;10402;Music
109251;18;Drama
109251;10749;Romance
1093;18;Drama
1093;53;Thriller
1093;80;Crime
109323;16;Animation
109379;18;Drama
109379;10752;War
109379;10749;Romance
109416;35;Comedy
109416;10749;Romance
109418;35;Comedy
109425;28;Action
109425;53;Thriller
109441;12;Adventure
109441;35;Comedy
109441;10749;Romance
109455;18;Drama
109459;99;Documentary
109459;18;Drama
109463;878;Science Fiction
109463;27;Horror
109472;18;Drama
109472;53;Thriller
109472;10749;Romance
109479;18;Drama
109479;53;Thriller
109479;10749;Romance
109481;35;Comedy
109481;10749;Romance
109520;99;Documentary
109565;27;Horror
109600;18;Drama
109600;10749;Romance
109667;10749;Romance
109667;18;Drama
109669;18;Drama
109669;10749;Romance
109669;10752;War
109669;10770;TV Movie
109835;18;Drama
109835;10769;Foreign
109841;9648;Mystery
109841;53;Thriller
109841;27;Horror
109843;80;Crime
109843;18;Drama
109881;10749;Romance
109891;18;Drama
109891;35;Comedy
109912;10770;TV Movie
109912;80;Crime
109912;18;Drama
109991;18;Drama
109991;36;History
11;12;Adventure
11;28;Action
11;878;Science Fiction
110;18;Drama
110;9648;Mystery
110;10749;Romance
110001;80;Crime
110001;18;Drama
110130;28;Action
110130;878;Science Fiction
110130;53;Thriller
110227;10751;Family
110227;14;Fantasy
110253;10749;Romance
110253;18;Drama
1103;878;Science Fiction
1103;28;Action
110372;27;Horror
110372;53;Thriller
110372;878;Science Fiction
110372;10769;Foreign
110372;27;Horror
110372;53;Thriller
110372;878;Science Fiction
110372;10769;Foreign
110390;18;Drama
110390;35;Comedy
110412;27;Horror
110415;28;Action
110415;878;Science Fiction
110415;18;Drama
110419;9648;Mystery
110419;53;Thriller
110433;10751;Family
110433;14;Fantasy
110447;18;Drama
110457;35;Comedy
110457;35;Comedy
110486;18;Drama
110486;10751;Family
110491;99;Documentary
110491;12;Adventure
110491;36;History
110501;35;Comedy
110501;10769;Foreign
110501;18;Drama
110548;10770;TV Movie
110548;53;Thriller
110548;28;Action
110553;35;Comedy
110555;10769;Foreign
110555;18;Drama
110568;35;Comedy
110588;27;Horror
110588;35;Comedy
110588;878;Science Fiction
110603;12;Adventure
110603;28;Action
110603;35;Comedy
110643;18;Drama
110669;10402;Music
110748;99;Documentary
110748;36;History
110761;18;Drama
110779;878;Science Fiction
110779;28;Action
110790;35;Comedy
111;28;Action
111;80;Crime
111;18;Drama
111;53;Thriller
111031;10749;Romance
111031;35;Comedy
111031;10402;Music
111042;35;Comedy
111042;10402;Music
111042;10749;Romance
111100;35;Comedy
111103;99;Documentary
111109;18;Drama
111170;53;Thriller
111237;28;Action
111237;12;Adventure
111237;14;Fantasy
111237;10752;War
111261;99;Documentary
111310;18;Drama
111310;37;Western
111310;10752;War
111310;10749;Romance
111310;36;History
111312;12;Adventure
111332;99;Documentary
1114;99;Documentary
1114;18;Drama
111443;18;Drama
111443;53;Thriller
111460;35;Comedy
1115;18;Drama
111570;35;Comedy
1116;18;Drama
1116;36;History
1116;10752;War
111642;35;Comedy
111642;18;Drama
111718;18;Drama
111732;35;Comedy
111752;10752;War
111759;37;Western
111759;12;Adventure
111759;10749;Romance
111815;18;Drama
111854;35;Comedy
111913;99;Documentary
111913;10769;Foreign
112;35;Comedy
112;18;Drama
112;10749;Romance
112072;99;Documentary
112072;10402;Music
112072;10769;Foreign
112083;35;Comedy
112083;10402;Music
112087;18;Drama
112293;9648;Mystery
112293;35;Comedy
112293;18;Drama
1123;28;Action
1123;18;Drama
1123;53;Thriller
112355;27;Horror
112355;18;Drama
112355;53;Thriller
112383;18;Drama
112383;35;Comedy
1124;18;Drama
1124;9648;Mystery
1124;53;Thriller
112454;27;Horror
112460;27;Horror
112460;53;Thriller
112481;27;Horror
1125;18;Drama
112501;18;Drama
112501;35;Comedy
112582;35;Comedy
1126;18;Drama
1126;53;Thriller
112601;37;Western
112655;18;Drama
112655;10749;Romance
112672;28;Action
112672;10752;War
112672;37;Western
112674;35;Comedy
112674;10749;Romance
1127;18;Drama
112705;14;Fantasy
112705;35;Comedy
112705;10749;Romance
112731;18;Drama
112735;35;Comedy
112767;53;Thriller
112767;10769;Foreign
112882;35;Comedy
112882;18;Drama
112931;99;Documentary
112961;35;Comedy
112961;10749;Romance
112999;18;Drama
113;18;Drama
113105;28;Action
113105;878;Science Fiction
113190;99;Documentary
113190;36;History
113209;878;Science Fiction
113214;10749;Romance
113214;37;Western
113284;99;Documentary
113286;99;Documentary
113300;99;Documentary
113364;99;Documentary
113374;99;Documentary
113432;18;Drama
113432;10751;Family
113582;28;Action
113582;12;Adventure
113582;35;Comedy
113582;80;Crime
113582;53;Thriller
113638;18;Drama
113739;27;Horror
113739;53;Thriller
113743;12;Adventure
113757;18;Drama
113757;35;Comedy
113757;10402;Music
113757;10749;Romance
113843;18;Drama
113843;18;Drama
113947;18;Drama
113947;10749;Romance
113947;35;Comedy
114;10749;Romance
114;35;Comedy
114003;10770;TV Movie
114003;28;Action
114003;878;Science Fiction
114033;99;Documentary
114044;18;Drama
114044;878;Science Fiction
114046;35;Comedy
114046;878;Science Fiction
114060;35;Comedy
114060;10752;War
114146;12;Adventure
114146;35;Comedy
114146;878;Science Fiction
114172;18;Drama
114184;18;Drama
114242;18;Drama
114242;14;Fantasy
114246;18;Drama
114333;28;Action
114333;18;Drama
114371;16;Animation
114371;28;Action
114394;18;Drama
114426;99;Documentary
114464;9648;Mystery
114464;18;Drama
114514;99;Documentary
114577;35;Comedy
114638;35;Comedy
114719;35;Comedy
114719;10749;Romance
114719;18;Drama
114838;35;Comedy
114875;18;Drama
114888;35;Comedy
114922;35;Comedy
114922;10769;Foreign
114931;18;Drama
114931;10769;Foreign
114958;27;Horror
114958;878;Science Fiction
115;35;Comedy
115;80;Crime
115023;18;Drama
115042;878;Science Fiction
115042;28;Action
115109;18;Drama
115109;10749;Romance
115109;12;Adventure
115111;35;Comedy
115111;10749;Romance
115162;80;Crime
115162;18;Drama
115162;80;Crime
115162;18;Drama
115210;27;Horror
115283;35;Comedy
115348;18;Drama
115348;53;Thriller
115353;37;Western
115373;28;Action
115373;80;Crime
115373;53;Thriller
115463;99;Documentary
115531;10770;TV Movie
115531;18;Drama
115565;18;Drama
115565;80;Crime
115565;9648;Mystery
115565;53;Thriller
115821;18;Drama
115834;28;Action
115834;12;Adventure
115834;10752;War
115871;18;Drama
115871;36;History
115873;35;Comedy
115893;35;Comedy
115893;18;Drama
115903;18;Drama
115909;27;Horror
115929;18;Drama
115929;10769;Foreign
115929;10751;Family
115929;10749;Romance
116;18;Drama
116;53;Thriller
116;80;Crime
116;10749;Romance
116008;35;Comedy
116008;18;Drama
116014;35;Comedy
116014;18;Drama
116014;10749;Romance
116094;18;Drama
116094;10749;Romance
116155;35;Comedy
116155;10749;Romance
116167;99;Documentary
116185;28;Action
1162;18;Drama
116227;53;Thriller
116227;9648;Mystery
116227;10769;Foreign
116231;35;Comedy
116231;18;Drama
116231;10749;Romance
1163;18;Drama
1163;10770;TV Movie
116323;18;Drama
116345;18;Drama
1164;18;Drama
116463;27;Horror
116463;878;Science Fiction
116495;99;Documentary
1165;18;Drama
116746;80;Crime
116746;18;Drama
116746;10749;Romance
116760;35;Comedy
116760;10749;Romance
116811;27;Horror
116811;18;Drama
116811;53;Thriller
116853;18;Drama
116853;10770;TV Movie
116973;12;Adventure
116973;9648;Mystery
116977;16;Animation
116977;28;Action
116977;35;Comedy
116977;10751;Family
116979;27;Horror
116979;53;Thriller
116983;27;Horror
116983;53;Thriller
116991;18;Drama
117;80;Crime
117;18;Drama
117;36;History
117;53;Thriller
117129;35;Comedy
117129;10769;Foreign
117129;18;Drama
117142;18;Drama
117316;18;Drama
117316;10749;Romance
117316;53;Thriller
117316;18;Drama
117316;10749;Romance
117316;53;Thriller
117340;18;Drama
117340;35;Comedy
117340;10749;Romance
117428;18;Drama
117428;80;Crime
117452;10769;Foreign
117452;10751;Family
117464;35;Comedy
117472;10749;Romance
117472;18;Drama
117472;80;Crime
117478;10749;Romance
117478;35;Comedy
117506;28;Action
117506;80;Crime
117531;18;Drama
117531;10749;Romance
117553;18;Drama
117553;35;Comedy
117565;99;Documentary
117618;10749;Romance
117678;35;Comedy
117905;27;Horror
117913;80;Crime
117913;18;Drama
117924;99;Documentary
118;12;Adventure
118;35;Comedy
118;10751;Family
118;14;Fantasy
118195;18;Drama
118195;35;Comedy
118204;10769;Foreign
118204;18;Drama
118236;53;Thriller
118236;18;Drama
118236;53;Thriller
118236;18;Drama
118340;28;Action
118340;878;Science Fiction
118340;12;Adventure
118390;18;Drama
118446;37;Western
118536;18;Drama
118576;18;Drama
118690;35;Comedy
118716;878;Science Fiction
118760;18;Drama
118762;18;Drama
118762;14;Fantasy
118762;10749;Romance
118778;18;Drama
118778;53;Thriller
118778;10769;Foreign
118792;16;Animation
118792;878;Science Fiction
118872;18;Drama
118876;18;Drama
118876;28;Action
118876;53;Thriller
118876;10769;Foreign
118876;80;Crime
118900;35;Comedy
118900;10752;War
118910;18;Drama
118910;10752;War
118936;35;Comedy
118936;10749;Romance
118946;80;Crime
118946;18;Drama
118946;53;Thriller
118948;35;Comedy
118948;53;Thriller
118948;80;Crime
118948;9648;Mystery
119430;99;Documentary
119450;878;Science Fiction
119450;28;Action
119450;18;Drama
119450;53;Thriller
119569;878;Science Fiction
119569;28;Action
119569;14;Fantasy
119575;18;Drama
119593;18;Drama
119637;18;Drama
119675;18;Drama
119675;10749;Romance
119685;16;Animation
119685;28;Action
119685;878;Science Fiction
119687;10749;Romance
119687;18;Drama
119820;35;Comedy
119844;53;Thriller
12;16;Animation
12;10751;Family
120;12;Adventure
120;14;Fantasy
120;28;Action
120122;18;Drama
120268;35;Comedy
120268;18;Drama
120280;35;Comedy
120292;35;Comedy
120292;10749;Romance
120478;27;Horror
120588;10402;Music
120637;35;Comedy
120637;10749;Romance
120637;10769;Foreign
120771;35;Comedy
120771;27;Horror
120831;18;Drama
120833;18;Drama
120833;10402;Music
120835;35;Comedy
120835;10749;Romance
120837;18;Drama
120843;35;Comedy
120885;35;Comedy
120932;18;Drama
120932;12;Adventure
120942;35;Comedy
120942;18;Drama
120942;10749;Romance
120942;10769;Foreign
121;12;Adventure
121;14;Fantasy
121;28;Action
121003;10749;Romance
121003;35;Comedy
121015;28;Action
121015;12;Adventure
121015;80;Crime
121111;35;Comedy
121111;10749;Romance
121111;18;Drama
121113;35;Comedy
121113;878;Science Fiction
121135;36;History
121135;99;Documentary
121173;35;Comedy
121173;18;Drama
121245;18;Drama
1213;53;Thriller
1213;80;Crime
1213;18;Drama
121342;35;Comedy
121354;18;Drama
121455;35;Comedy
121491;53;Thriller
121491;10769;Foreign
121493;18;Drama
121493;35;Comedy
121598;18;Drama
121707;37;Western
121707;28;Action
121707;12;Adventure
121707;10749;Romance
121727;18;Drama
121727;28;Action
121727;10751;Family
121831;99;Documentary
121835;18;Drama
121835;10752;War
121835;53;Thriller
121873;18;Drama
121879;10402;Music
121879;18;Drama
121959;12;Adventure
121959;37;Western
121959;10752;War
122;12;Adventure
122;14;Fantasy
122;28;Action
122019;18;Drama
122019;14;Fantasy
122019;9648;Mystery
122088;18;Drama
122163;53;Thriller
122268;18;Drama
122268;35;Comedy
122270;18;Drama
122325;35;Comedy
122325;18;Drama
122325;10749;Romance
122331;36;History
122331;10749;Romance
122435;18;Drama
122435;12;Adventure
122515;35;Comedy
122671;18;Drama
122677;27;Horror
122677;878;Science Fiction
122709;18;Drama
122787;37;Western
122884;18;Drama
122884;37;Western
122894;14;Fantasy
122894;28;Action
122894;878;Science Fiction
122894;10751;Family
122924;28;Action
122924;53;Thriller
122928;18;Drama
122930;35;Comedy
122930;53;Thriller
122982;27;Horror
122982;18;Drama
123;14;Fantasy
123;18;Drama
123;16;Animation
123;12;Adventure
123103;27;Horror
123103;53;Thriller
123105;27;Horror
123105;878;Science Fiction
123105;53;Thriller
123107;27;Horror
123107;35;Comedy
123107;53;Thriller
123109;27;Horror
123109;53;Thriller
123229;35;Comedy
123235;35;Comedy
123235;10749;Romance
123320;99;Documentary
123337;878;Science Fiction
123359;27;Horror
123359;53;Thriller
123431;10402;Music
123431;99;Documentary
123723;10749;Romance
123723;35;Comedy
123757;35;Comedy
123961;10752;War
123961;35;Comedy
124;18;Drama
124;14;Fantasy
124013;80;Crime
124029;35;Comedy
124071;99;Documentary
124085;18;Drama
124085;35;Comedy
124091;35;Comedy
124091;18;Drama
124101;99;Documentary
124157;28;Action
124157;80;Crime
124277;18;Drama
124277;16;Animation
124294;28;Action
124294;18;Drama
124294;10749;Romance
124298;35;Comedy
124304;10749;Romance
124304;18;Drama
1244;10402;Music
1244;18;Drama
1244;35;Comedy
124414;99;Documentary
124470;27;Horror
1245;18;Drama
1245;10749;Romance
124517;18;Drama
124517;14;Fantasy
124521;80;Crime
124521;18;Drama
124521;53;Thriller
124527;80;Crime
124527;18;Drama
124527;80;Crime
124527;18;Drama
124581;28;Action
124581;53;Thriller
1246;18;Drama
124619;18;Drama
124623;99;Documentary
124625;18;Drama
124633;18;Drama
124645;10752;War
124645;18;Drama
1247;18;Drama
1247;53;Thriller
1247;36;History
1248;80;Crime
1248;18;Drama
1248;53;Thriller
124829;99;Documentary
124837;99;Documentary
124839;10402;Music
124839;99;Documentary
124843;18;Drama
124853;18;Drama
124853;28;Action
124857;18;Drama
124857;10749;Romance
124857;10769;Foreign
1249;18;Drama
1249;53;Thriller
1249;80;Crime
124905;28;Action
124905;878;Science Fiction
124905;53;Thriller
124963;80;Crime
124963;18;Drama
124963;10752;War
124993;18;Drama
124993;10749;Romance
1250;53;Thriller
1250;28;Action
1250;14;Fantasy
1250;27;Horror
125039;80;Crime
125039;18;Drama
125077;14;Fantasy
125077;10751;Family
125077;35;Comedy
125087;18;Drama
1251;28;Action
1251;12;Adventure
1251;18;Drama
1251;10752;War
125141;28;Action
125141;18;Drama
1252;18;Drama
1252;53;Thriller
1252;80;Crime
1252;10749;Romance
125229;18;Drama
125229;28;Action
125233;18;Drama
125233;10770;TV Movie
125249;28;Action
125257;18;Drama
125263;18;Drama
125271;10769;Foreign
125271;35;Comedy
1253;18;Drama
1253;10749;Romance
125313;18;Drama
125337;53;Thriller
125337;10749;Romance
1254;18;Drama
125409;18;Drama
125409;53;Thriller
125409;80;Crime
125413;18;Drama
125495;53;Thriller
1255;27;Horror
1255;18;Drama
1255;878;Science Fiction
125509;27;Horror
125509;53;Thriller
125513;12;Adventure
125513;16;Animation
125513;35;Comedy
125513;14;Fantasy
125521;12;Adventure
125521;16;Animation
125521;35;Comedy
125521;14;Fantasy
125527;18;Drama
125527;10749;Romance
125527;10769;Foreign
125531;99;Documentary
125537;35;Comedy
125537;10749;Romance
125587;18;Drama
125619;35;Comedy
125619;99;Documentary
125619;18;Drama
125623;18;Drama
1257;35;Comedy
125700;18;Drama
125795;18;Drama
125874;10749;Romance
125874;18;Drama
125882;18;Drama
1259;18;Drama
1259;10749;Romance
125926;18;Drama
125946;18;Drama
125948;80;Crime
125948;18;Drama
125948;53;Thriller
125952;18;Drama
125952;10769;Foreign
125958;18;Drama
125958;10749;Romance
125990;18;Drama
125990;53;Thriller
1260;12;Adventure
1260;16;Animation
1260;35;Comedy
1260;10751;Family
126004;18;Drama
126004;10769;Foreign
126016;10402;Music
126090;35;Comedy
126090;18;Drama
126104;35;Comedy
126104;18;Drama
126108;18;Drama
126122;18;Drama
126122;9648;Mystery
126132;99;Documentary
126132;27;Horror
126136;18;Drama
126136;10749;Romance
126152;27;Horror
126152;878;Science Fiction
126172;27;Horror
1262;35;Comedy
1262;18;Drama
1262;14;Fantasy
1262;10749;Romance
126219;18;Drama
126227;37;Western
126300;18;Drama
126300;10769;Foreign
126331;10749;Romance
126331;99;Documentary
126418;35;Comedy
126418;18;Drama
126420;14;Fantasy
126432;10749;Romance
126432;18;Drama
1265;12;Adventure
1265;18;Drama
1265;10751;Family
126550;37;Western
126560;18;Drama
126560;37;Western
126597;16;Animation
126597;27;Horror
126597;9648;Mystery
1266;28;Action
1266;80;Crime
1266;18;Drama
1266;53;Thriller
1267;16;Animation
1267;35;Comedy
1267;10751;Family
126749;18;Drama
126749;9648;Mystery
126777;12;Adventure
126777;36;History
126781;18;Drama
126783;10752;War
126783;99;Documentary
126797;35;Comedy
126797;18;Drama
1268;10751;Family
1268;35;Comedy
1269;35;Comedy
1269;80;Crime
126919;80;Crime
126919;18;Drama
126919;9648;Mystery
126919;53;Thriller
126927;53;Thriller
126927;27;Horror
126929;99;Documentary
126947;18;Drama
126963;16;Animation
126963;28;Action
126969;18;Drama
127;18;Drama
127021;35;Comedy
127021;16;Animation
127040;35;Comedy
127092;80;Crime
127094;35;Comedy
127094;14;Fantasy
127098;35;Comedy
1271;28;Action
1271;12;Adventure
1271;10752;War
127142;18;Drama
127144;27;Horror
127144;14;Fantasy
127144;16;Animation
127146;18;Drama
127186;18;Drama
1272;878;Science Fiction
1272;53;Thriller
127224;99;Documentary
127236;18;Drama
127236;10769;Foreign
1273;12;Adventure
1273;16;Animation
1273;35;Comedy
1273;10751;Family
127445;18;Drama
127585;28;Action
127585;12;Adventure
127585;14;Fantasy
127585;878;Science Fiction
127642;18;Drama
127642;27;Horror
127642;53;Thriller
127642;18;Drama
127642;27;Horror
127642;53;Thriller
1277;10749;Romance
1277;18;Drama
127728;18;Drama
1278;18;Drama
1278;10749;Romance
127867;35;Comedy
127867;14;Fantasy
127867;53;Thriller
1279;18;Drama
127987;28;Action
127987;18;Drama
127987;10769;Foreign
128;12;Adventure
128;14;Fantasy
128;16;Animation
1280;18;Drama
1280;10749;Romance
1280;80;Crime
128081;28;Action
128081;35;Comedy
128081;18;Drama
128089;18;Drama
1281;35;Comedy
128113;35;Comedy
128113;80;Crime
128113;10749;Romance
128149;18;Drama
128169;10769;Foreign
128169;35;Comedy
128169;10749;Romance
128177;18;Drama
1282;99;Documentary
128201;99;Documentary
128203;18;Drama
128203;35;Comedy
128209;18;Drama
128215;18;Drama
128237;18;Drama
128241;53;Thriller
128241;18;Drama
128241;80;Crime
1283;35;Comedy
1283;80;Crime
128395;18;Drama
1284;35;Comedy
1284;80;Crime
128437;37;Western
1285;35;Comedy
1285;80;Crime
128508;18;Drama
128564;35;Comedy
128598;37;Western
128598;28;Action
128598;27;Horror
128606;28;Action
128606;12;Adventure
128606;37;Western
128612;878;Science Fiction
128612;10749;Romance
128614;18;Drama
128634;878;Science Fiction
128634;18;Drama
128634;14;Fantasy
128679;10402;Music
128679;16;Animation
128766;99;Documentary
128842;80;Crime
128842;18;Drama
128846;9648;Mystery
128846;18;Drama
128846;36;History
128848;37;Western
128854;10751;Family
128854;12;Adventure
128854;28;Action
128854;18;Drama
128856;18;Drama
128856;28;Action
128856;53;Thriller
128856;10769;Foreign
128862;35;Comedy
128876;53;Thriller
128946;35;Comedy
128960;35;Comedy
128960;16;Animation
129;14;Fantasy
129;12;Adventure
129;16;Animation
129;10751;Family
129009;35;Comedy
129009;10749;Romance
129062;37;Western
129229;16;Animation
129237;18;Drama
129311;18;Drama
129311;53;Thriller
129311;80;Crime
129405;18;Drama
129405;36;History
129405;10752;War
129415;35;Comedy
129417;18;Drama
129432;35;Comedy
129432;10769;Foreign
129530;80;Crime
129820;18;Drama
129830;35;Comedy
129830;9648;Mystery
129847;37;Western
129851;37;Western
129933;18;Drama
129943;18;Drama
13;35;Comedy
13;18;Drama
13;10749;Romance
130150;18;Drama
130233;18;Drama
130233;10749;Romance
130267;53;Thriller
130267;28;Action
130267;80;Crime
130267;18;Drama
130275;35;Comedy
130275;18;Drama
130275;35;Comedy
130275;18;Drama
130296;80;Crime
130296;12;Adventure
130296;35;Comedy
130374;35;Comedy
130374;10749;Romance
130398;10749;Romance
130398;18;Drama
130398;10402;Music
130402;18;Drama
130424;10749;Romance
130452;35;Comedy
130452;10402;Music
130452;10749;Romance
130474;18;Drama
130492;80;Crime
130492;28;Action
130492;53;Thriller
130612;99;Documentary
130624;18;Drama
130638;99;Documentary
130694;35;Comedy
130694;18;Drama
130804;99;Documentary
130882;53;Thriller
130882;9648;Mystery
130900;10402;Music
130900;35;Comedy
131074;53;Thriller
131074;80;Crime
131074;18;Drama
131116;18;Drama
131172;35;Comedy
131433;12;Adventure
131433;16;Animation
131433;10749;Romance
131433;878;Science Fiction
131457;18;Drama
131457;10749;Romance
131478;10749;Romance
131478;18;Drama
131504;10749;Romance
131504;35;Comedy
131634;28;Action
131634;12;Adventure
131634;878;Science Fiction
131739;36;History
131739;10752;War
131914;9648;Mystery
131914;18;Drama
131914;27;Horror
131916;27;Horror
131932;35;Comedy
131940;10749;Romance
131940;18;Drama
131944;10749;Romance
131944;18;Drama
131966;18;Drama
131966;53;Thriller
131966;80;Crime
132;99;Documentary
132;10402;Music
132030;18;Drama
132064;27;Horror
132064;53;Thriller
132128;36;History
132128;99;Documentary
132128;10769;Foreign
132144;99;Documentary
132148;99;Documentary
132150;99;Documentary
132232;27;Horror
132236;53;Thriller
132298;16;Animation
132298;35;Comedy
132342;18;Drama
132342;36;History
132344;10749;Romance
132344;18;Drama
132379;878;Science Fiction
132379;14;Fantasy
132379;35;Comedy
132422;18;Drama
132422;28;Action
132422;35;Comedy
132551;18;Drama
132551;53;Thriller
132561;18;Drama
132561;18;Drama
132608;18;Drama
132608;35;Comedy
132654;18;Drama
132654;10749;Romance
132883;80;Crime
132883;18;Drama
132883;10402;Music
132883;10749;Romance
132894;10770;TV Movie
132894;12;Adventure
132894;14;Fantasy
132894;27;Horror
132912;99;Documentary
132936;28;Action
132936;35;Comedy
133;99;Documentary
133115;18;Drama
133115;35;Comedy
133115;10749;Romance
133119;18;Drama
133119;10749;Romance
133121;16;Animation
133123;18;Drama
133123;28;Action
133131;10751;Family
133131;16;Animation
133131;35;Comedy
133131;18;Drama
133137;27;Horror
133183;53;Thriller
133241;35;Comedy
133241;10749;Romance
133255;37;Western
133255;37;Western
133339;27;Horror
133339;878;Science Fiction
133365;18;Drama
133369;27;Horror
133369;53;Thriller
133373;18;Drama
133441;12;Adventure
133441;99;Documentary
133463;53;Thriller
133463;27;Horror
133463;35;Comedy
133469;18;Drama
133469;35;Comedy
133469;10749;Romance
133557;10770;TV Movie
133557;18;Drama
133569;18;Drama
133575;18;Drama
133575;10749;Romance
133643;18;Drama
133701;878;Science Fiction
133741;99;Documentary
133792;18;Drama
133879;28;Action
133879;80;Crime
133879;53;Thriller
133941;80;Crime
133964;18;Drama
134;28;Action
134;12;Adventure
134;35;Comedy
134126;18;Drama
134126;28;Action
134158;99;Documentary
134158;10402;Music
134168;18;Drama
134238;35;Comedy
134238;10749;Romance
134350;18;Drama
134350;28;Action
134350;35;Comedy
134360;16;Animation
134362;99;Documentary
134362;18;Drama
134366;27;Horror
134374;53;Thriller
134374;80;Crime
134374;28;Action
134409;99;Documentary
134409;99;Documentary
134411;53;Thriller
134411;18;Drama
134415;10751;Family
134427;18;Drama
134569;16;Animation
134569;10751;Family
134569;10769;Foreign
134597;27;Horror
134597;53;Thriller
134680;35;Comedy
134777;28;Action
134777;14;Fantasy
134777;9648;Mystery
134806;10770;TV Movie
134806;18;Drama
134806;37;Western
134806;10749;Romance
134812;53;Thriller
134812;27;Horror
134881;35;Comedy
134908;18;Drama
135;99;Documentary
135;10402;Music
135097;35;Comedy
135097;35;Comedy
135161;18;Drama
135161;10402;Music
135200;18;Drama
135200;35;Comedy
135204;16;Animation
135204;35;Comedy
135204;28;Action
135204;53;Thriller
135210;80;Crime
135210;27;Horror
135210;53;Thriller
135214;18;Drama
135214;36;History
135260;53;Thriller
135286;35;Comedy
135312;99;Documentary
135362;18;Drama
135510;80;Crime
135561;27;Horror
135579;12;Adventure
135579;35;Comedy
135579;27;Horror
135647;35;Comedy
135647;18;Drama
135659;28;Action
135659;80;Crime
135659;53;Thriller
135695;18;Drama
135697;35;Comedy
135713;99;Documentary
135713;99;Documentary
135787;36;History
135787;99;Documentary
135799;18;Drama
1358;99;Documentary
1359;53;Thriller
1359;18;Drama
1359;80;Crime
135921;99;Documentary
136;18;Drama
136;27;Horror
1360;18;Drama
1360;10749;Romance
136058;36;History
136058;99;Documentary
136070;10749;Romance
136070;35;Comedy
136070;18;Drama
136080;28;Action
136080;36;History
1361;16;Animation
1361;10751;Family
1361;14;Fantasy
136190;80;Crime
136190;18;Drama
1363;18;Drama
1363;28;Action
1363;37;Western
1363;10749;Romance
136311;28;Action
136311;35;Comedy
136339;35;Comedy
136345;10769;Foreign
1364;18;Drama
1364;10749;Romance
136437;10749;Romance
136437;18;Drama
136459;12;Adventure
136459;10751;Family
136459;9648;Mystery
1365;18;Drama
1365;10749;Romance
136558;35;Comedy
136572;36;History
136572;18;Drama
136576;80;Crime
136582;18;Drama
1366;18;Drama
136616;35;Comedy
136698;18;Drama
1367;18;Drama
136742;18;Drama
136742;14;Fantasy
136752;18;Drama
136752;28;Action
136752;80;Crime
136762;99;Documentary
136762;35;Comedy
136786;99;Documentary
1368;28;Action
1368;12;Adventure
1368;53;Thriller
1368;10752;War
136842;18;Drama
136842;10749;Romance
136850;80;Crime
136850;53;Thriller
136884;53;Thriller
1369;28;Action
1369;12;Adventure
1369;53;Thriller
1369;10752;War
136902;35;Comedy
136928;18;Drama
136966;10402;Music
136966;37;Western
137;10749;Romance
137;14;Fantasy
137;18;Drama
137;35;Comedy
1370;28;Action
1370;12;Adventure
1370;53;Thriller
1370;10752;War
137008;99;Documentary
137014;10749;Romance
137014;35;Comedy
1371;18;Drama
137144;35;Comedy
137174;18;Drama
137174;10749;Romance
137182;18;Drama
1372;18;Drama
1372;53;Thriller
1372;28;Action
1373;18;Drama
1373;14;Fantasy
137315;35;Comedy
137347;35;Comedy
137347;18;Drama
137381;99;Documentary
1374;18;Drama
137409;53;Thriller
137409;28;Action
137475;10751;Family
137475;35;Comedy
137475;10749;Romance
137484;10749;Romance
137484;35;Comedy
137484;18;Drama
1375;18;Drama
137563;99;Documentary
137563;10402;Music
1376;80;Crime
1376;18;Drama
137654;99;Documentary
1377;35;Comedy
1377;18;Drama
1377;10751;Family
1377;10749;Romance
137757;35;Comedy
137757;14;Fantasy
137757;27;Horror
1378;10749;Romance
1378;18;Drama
1378;35;Comedy
137853;99;Documentary
137859;18;Drama
1379;80;Crime
1379;18;Drama
137968;18;Drama
138;27;Horror
1380;18;Drama
138014;99;Documentary
138022;99;Documentary
138022;99;Documentary
138030;10749;Romance
138030;18;Drama
138038;35;Comedy
138038;10751;Family
138038;878;Science Fiction
138038;35;Comedy
138038;10751;Family
138038;878;Science Fiction
1381;18;Drama
1381;12;Adventure
1381;878;Science Fiction
1381;10749;Romance
138118;28;Action
138118;80;Crime
138118;53;Thriller
138122;35;Comedy
138122;18;Drama
138122;10402;Music
1382;35;Comedy
1382;18;Drama
138202;18;Drama
138222;35;Comedy
138222;18;Drama
138308;37;Western
138372;35;Comedy
138372;9648;Mystery
138372;53;Thriller
138376;28;Action
138376;53;Thriller
138486;37;Western
138496;27;Horror
138496;878;Science Fiction
138496;9648;Mystery
138496;53;Thriller
138502;18;Drama
138544;27;Horror
138686;35;Comedy
138686;18;Drama
1387;18;Drama
1387;10402;Music
138754;18;Drama
138754;35;Comedy
1389;10749;Romance
1389;35;Comedy
1389;80;Crime
139;10749;Romance
139;35;Comedy
139;18;Drama
139058;35;Comedy
139058;18;Drama
1391;18;Drama
1391;10749;Romance
139159;18;Drama
139159;10749;Romance
139195;18;Drama
139195;35;Comedy
1392;99;Documentary
139251;10770;TV Movie
139251;35;Comedy
1393;99;Documentary
1393;18;Drama
139325;10402;Music
139325;10769;Foreign
139325;99;Documentary
139325;36;History
139329;18;Drama
139349;53;Thriller
139349;878;Science Fiction
139349;27;Horror
139383;18;Drama
1394;18;Drama
1394;10749;Romance
139405;12;Adventure
139405;36;History
139405;18;Drama
139405;10751;Family
139433;99;Documentary
139455;35;Comedy
139455;27;Horror
139455;53;Thriller
139455;9648;Mystery
139467;35;Comedy
139467;18;Drama
139519;53;Thriller
139521;35;Comedy
139521;10769;Foreign
139559;35;Comedy
139567;28;Action
139567;80;Crime
139567;18;Drama
139567;53;Thriller
139575;18;Drama
1396;18;Drama
1396;36;History
139651;35;Comedy
139715;35;Comedy
139715;27;Horror
139777;18;Drama
139777;36;History
139777;10749;Romance
139777;18;Drama
139777;36;History
139777;10749;Romance
139799;10749;Romance
1398;18;Drama
1398;878;Science Fiction
1398;53;Thriller
139851;18;Drama
139851;10749;Romance
139851;10769;Foreign
139863;99;Documentary
139922;10402;Music
139922;35;Comedy
14;18;Drama
140;80;Crime
140;18;Drama
140;10749;Romance
140;53;Thriller
140036;35;Comedy
140174;28;Action
140174;27;Horror
140174;53;Thriller
140208;18;Drama
140208;10749;Romance
140212;28;Action
140212;53;Thriller
140222;18;Drama
140222;10749;Romance
140222;10752;War
140231;18;Drama
140231;28;Action
140281;35;Comedy
140383;35;Comedy
1404;18;Drama
140413;35;Comedy
140413;10749;Romance
140423;10749;Romance
140423;18;Drama
140441;27;Horror
140443;18;Drama
140443;53;Thriller
140443;10749;Romance
140447;18;Drama
140465;99;Documentary
140481;99;Documentary
140489;35;Comedy
140491;18;Drama
140491;27;Horror
140491;878;Science Fiction
1405;18;Drama
1405;36;History
140509;18;Drama
140511;18;Drama
140511;53;Thriller
140513;27;Horror
140527;10402;Music
140527;10770;TV Movie
140527;99;Documentary
1406;28;Action
1406;12;Adventure
1406;35;Comedy
1406;18;Drama
1406;37;Western
1407;10749;Romance
1407;10402;Music
1407;18;Drama
1408;28;Action
1408;12;Adventure
140814;35;Comedy
140818;28;Action
140818;12;Adventure
140846;10402;Music
140870;16;Animation
140870;12;Adventure
140870;10751;Family
140934;18;Drama
141;14;Fantasy
141;18;Drama
141;9648;Mystery
1410;35;Comedy
1410;878;Science Fiction
141010;37;Western
141052;28;Action
141052;12;Adventure
141052;14;Fantasy
141052;878;Science Fiction
141058;12;Adventure
141058;28;Action
141058;53;Thriller
1411;9648;Mystery
1411;18;Drama
141102;16;Animation
141131;28;Action
141131;10769;Foreign
1412;18;Drama
141262;18;Drama
141262;28;Action
1413;18;Drama
1413;10749;Romance
141319;80;Crime
141319;18;Drama
1414;18;Drama
1414;9648;Mystery
1414;10749;Romance
141418;10751;Family
1415;35;Comedy
1415;18;Drama
1415;80;Crime
1416;53;Thriller
1416;18;Drama
1417;14;Fantasy
1417;18;Drama
1417;10752;War
141714;99;Documentary
141733;28;Action
141733;35;Comedy
141733;80;Crime
141733;10749;Romance
141757;27;Horror
141757;18;Drama
141810;18;Drama
141868;35;Comedy
1419;35;Comedy
1419;18;Drama
141950;10752;War
141950;18;Drama
141950;36;History
141976;10770;TV Movie
141976;10751;Family
141976;10770;TV Movie
141976;10751;Family
141978;37;Western
141978;28;Action
142;18;Drama
142;10749;Romance
1420;18;Drama
1420;35;Comedy
142012;53;Thriller
142012;28;Action
142012;80;Crime
142012;18;Drama
142064;35;Comedy
142084;10402;Music
1421;18;Drama
1421;35;Comedy
1421;10749;Romance
142106;35;Comedy
142106;18;Drama
142115;18;Drama
142115;10749;Romance
142119;99;Documentary
142150;28;Action
142150;12;Adventure
1422;18;Drama
1422;53;Thriller
1422;80;Crime
142216;18;Drama
142254;18;Drama
142308;10751;Family
142358;18;Drama
142408;10749;Romance
142408;35;Comedy
142478;99;Documentary
142507;18;Drama
142656;18;Drama
1427;80;Crime
1427;14;Fantasy
1427;18;Drama
142746;35;Comedy
142746;10749;Romance
142746;10402;Music
142758;27;Horror
142758;53;Thriller
142770;35;Comedy
142770;12;Adventure
142797;10749;Romance
142797;18;Drama
142797;35;Comedy
1428;28;Action
1429;80;Crime
1429;18;Drama
142971;36;History
142979;35;Comedy
143;18;Drama
143;10752;War
1430;99;Documentary
143049;35;Comedy
143098;18;Drama
143247;10770;TV Movie
143247;18;Drama
143277;35;Comedy
1433;14;Fantasy
1433;18;Drama
1433;27;Horror
1433;53;Thriller
1433;878;Science Fiction
143335;18;Drama
143335;10770;TV Movie
143355;10752;War
143355;10752;War
143547;37;Western
143547;18;Drama
143547;27;Horror
143747;37;Western
143876;9648;Mystery
143876;35;Comedy
143876;80;Crime
1439;18;Drama
1439;36;History
1439;10749;Romance
143946;18;Drama
143959;35;Comedy
143959;10751;Family
143959;10402;Music
143959;10769;Foreign
144;18;Drama
144;14;Fantasy
144;10749;Romance
1440;10749;Romance
1440;18;Drama
144092;35;Comedy
1441;18;Drama
1441;28;Action
1441;53;Thriller
1441;80;Crime
144204;27;Horror
144206;27;Horror
144288;16;Animation
144288;28;Action
144288;14;Fantasy
1443;18;Drama
1443;10749;Romance
144326;18;Drama
144336;28;Action
144336;18;Drama
144336;53;Thriller
144336;80;Crime
144340;35;Comedy
144340;18;Drama
144340;10749;Romance
144344;37;Western
144390;99;Documentary
1444;35;Comedy
1444;18;Drama
144410;99;Documentary
144436;12;Adventure
144436;10751;Family
144436;14;Fantasy
144444;99;Documentary
144464;99;Documentary
144560;10749;Romance
144560;18;Drama
144570;18;Drama
144610;28;Action
144676;878;Science Fiction
144680;99;Documentary
144686;35;Comedy
144686;53;Thriller
144712;10751;Family
144712;14;Fantasy
144728;35;Comedy
144728;80;Crime
144784;35;Comedy
144784;18;Drama
144784;10749;Romance
1448;18;Drama
1448;14;Fantasy
1448;27;Horror
144852;35;Comedy
144910;18;Drama
144910;35;Comedy
144942;35;Comedy
144942;10770;TV Movie
144942;35;Comedy
144942;10770;TV Movie
144982;18;Drama
145;18;Drama
145;10749;Romance
145066;18;Drama
145066;9648;Mystery
145132;10751;Family
145162;80;Crime
145162;18;Drama
145162;10749;Romance
145186;35;Comedy
145186;14;Fantasy
145194;35;Comedy
145194;18;Drama
145220;35;Comedy
145220;12;Adventure
145220;80;Crime
145220;10751;Family
145312;35;Comedy
145312;18;Drama
145312;10749;Romance
145474;99;Documentary
145504;18;Drama
145668;27;Horror
145668;28;Action
145668;35;Comedy
145668;53;Thriller
146;12;Adventure
146;18;Drama
146;28;Action
146;10749;Romance
146030;35;Comedy
146030;18;Drama
146132;35;Comedy
146184;35;Comedy
146184;18;Drama
146198;28;Action
146198;53;Thriller
146198;28;Action
146198;53;Thriller
146216;28;Action
146216;35;Comedy
146216;80;Crime
146216;53;Thriller
146238;80;Crime
146238;53;Thriller
146238;18;Drama
146301;27;Horror
146301;53;Thriller
146313;53;Thriller
146364;18;Drama
146364;35;Comedy
146380;27;Horror
146404;18;Drama
146414;10751;Family
146414;18;Drama
146449;10749;Romance
146449;35;Comedy
146712;10751;Family
146712;14;Fantasy
146724;35;Comedy
146724;18;Drama
146724;10749;Romance
146730;16;Animation
146916;18;Drama
146946;37;Western
146970;37;Western
146970;35;Comedy
147;18;Drama
147106;35;Comedy
147106;18;Drama
147106;37;Western
147132;35;Comedy
147276;35;Comedy
147360;18;Drama
147360;18;Drama
147441;12;Adventure
147441;18;Drama
147441;28;Action
147621;9648;Mystery
147621;18;Drama
147692;80;Crime
147692;37;Western
147698;16;Animation
147698;99;Documentary
147726;18;Drama
147726;10749;Romance
147746;14;Fantasy
147829;18;Drama
147829;36;History
147829;10749;Romance
147829;37;Western
147841;99;Documentary
147843;18;Drama
1479;18;Drama
1479;80;Crime
147903;37;Western
147923;99;Documentary
148;18;Drama
148;10749;Romance
1480;18;Drama
1480;53;Thriller
1480;80;Crime
148034;35;Comedy
148044;10749;Romance
148044;18;Drama
148176;35;Comedy
148176;16;Animation
1482;28;Action
1482;18;Drama
148284;28;Action
148284;35;Comedy
148284;18;Drama
148284;10749;Romance
148284;878;Science Fiction
1483;14;Fantasy
1483;27;Horror
148357;18;Drama
148380;10769;Foreign
148380;35;Comedy
148380;28;Action
1484;18;Drama
148408;10749;Romance
148408;18;Drama
148410;9648;Mystery
148410;35;Comedy
148410;80;Crime
148430;10752;War
148430;18;Drama
148430;10749;Romance
148434;37;Western
148478;18;Drama
148482;10402;Music
148482;99;Documentary
1485;80;Crime
1485;53;Thriller
148622;18;Drama
148622;10749;Romance
148622;35;Comedy
148636;10749;Romance
148636;18;Drama
148636;27;Horror
148652;53;Thriller
148675;18;Drama
148675;36;History
148675;10749;Romance
148697;35;Comedy
1487;14;Fantasy
1487;28;Action
1487;878;Science Fiction
148777;99;Documentary
1488;18;Drama
1488;35;Comedy
148807;99;Documentary
148811;99;Documentary
148820;99;Documentary
149;878;Science Fiction
149;16;Animation
149026;18;Drama
149043;18;Drama
149094;99;Documentary
149114;36;History
149114;37;Western
149150;18;Drama
149154;18;Drama
149170;10749;Romance
149180;37;Western
149218;10751;Family
149218;10749;Romance
149218;10770;TV Movie
1493;35;Comedy
1493;80;Crime
1493;28;Action
149320;99;Documentary
149326;99;Documentary
149336;99;Documentary
149468;10749;Romance
149468;18;Drama
149468;36;History
149468;10752;War
1495;18;Drama
1495;28;Action
1495;12;Adventure
1495;36;History
1495;10752;War
149586;99;Documentary
1496;18;Drama
1496;28;Action
1496;35;Comedy
1496;10402;Music
1496;10749;Romance
149723;18;Drama
149725;37;Western
149727;18;Drama
149786;18;Drama
149786;10751;Family
149832;10749;Romance
149832;10751;Family
149832;14;Fantasy
149868;53;Thriller
149883;35;Comedy
15;9648;Mystery
15;18;Drama
150;53;Thriller
150;28;Action
150;35;Comedy
150;80;Crime
150;18;Drama
150004;878;Science Fiction
150010;12;Adventure
150010;35;Comedy
150056;35;Comedy
150084;10402;Music
150084;99;Documentary
150140;10770;TV Movie
150140;18;Drama
150140;10751;Family
150202;27;Horror
150202;18;Drama
150202;53;Thriller
150226;37;Western
150230;28;Action
150230;80;Crime
150230;53;Thriller
150338;80;Crime
150338;18;Drama
150473;53;Thriller
150540;18;Drama
150540;35;Comedy
150540;16;Animation
150540;10751;Family
150657;35;Comedy
150657;14;Fantasy
150704;37;Western
150778;10752;War
150838;99;Documentary
151044;99;Documentary
151431;10751;Family
151431;35;Comedy
151431;18;Drama
151489;10752;War
151489;18;Drama
151509;35;Comedy
151509;10402;Music
151509;9648;Mystery
151679;18;Drama
151679;35;Comedy
151687;18;Drama
151687;53;Thriller
151687;10770;TV Movie
151687;18;Drama
151687;53;Thriller
151687;10770;TV Movie
151693;18;Drama
151731;99;Documentary
151731;18;Drama
151731;10752;War
151743;35;Comedy
151831;35;Comedy
151831;18;Drama
151911;10752;War
151911;18;Drama
151911;10752;War
151911;18;Drama
151923;53;Thriller
151923;18;Drama
151933;37;Western
151933;28;Action
151933;14;Fantasy
151933;27;Horror
152;878;Science Fiction
152;12;Adventure
152;9648;Mystery
152206;35;Comedy
152218;99;Documentary
1523;18;Drama
152599;18;Drama
152599;10749;Romance
152601;10749;Romance
152601;878;Science Fiction
152601;18;Drama
152603;18;Drama
152603;10749;Romance
152635;53;Thriller
152635;36;History
152737;35;Comedy
152737;18;Drama
152747;28;Action
152747;12;Adventure
152747;18;Drama
152780;18;Drama
152780;9648;Mystery
152846;80;Crime
152846;18;Drama
152912;14;Fantasy
152912;10751;Family
152938;99;Documentary
152986;18;Drama
153;18;Drama
153100;99;Documentary
153102;18;Drama
153102;27;Horror
153118;16;Animation
153158;16;Animation
153158;12;Adventure
153158;10749;Romance
153162;18;Drama
153170;27;Horror
153196;99;Documentary
153228;37;Western
153266;35;Comedy
153266;35;Comedy
153272;14;Fantasy
153272;16;Animation
153272;12;Adventure
1534;12;Adventure
153410;99;Documentary
1535;28;Action
1535;80;Crime
1535;53;Thriller
153518;10751;Family
153518;16;Animation
153556;99;Documentary
153652;18;Drama
1537;28;Action
1537;12;Adventure
1537;80;Crime
1537;53;Thriller
153738;28;Action
153738;27;Horror
153750;27;Horror
153774;18;Drama
1538;18;Drama
1538;80;Crime
1538;53;Thriller
153820;18;Drama
153845;99;Documentary
1539;10402;Music
1539;18;Drama
1539;10749;Romance
154;28;Action
154;12;Adventure
154;878;Science Fiction
154;53;Thriller
154073;35;Comedy
154073;37;Western
1541;18;Drama
1541;53;Thriller
1541;80;Crime
1541;12;Adventure
154140;878;Science Fiction
154140;35;Comedy
1542;35;Comedy
1542;80;Crime
154226;35;Comedy
154226;18;Drama
154276;18;Drama
1543;18;Drama
154339;99;Documentary
1544;18;Drama
1544;35;Comedy
1544;10749;Romance
154400;18;Drama
154400;80;Crime
154582;18;Drama
1546;35;Comedy
1546;18;Drama
154622;99;Documentary
1547;27;Horror
1547;35;Comedy
154786;99;Documentary
1548;35;Comedy
1548;18;Drama
1549;10749;Romance
1549;18;Drama
155;18;Drama
155;28;Action
155;80;Crime
155;53;Thriller
1550;35;Comedy
1550;18;Drama
155084;27;Horror
155084;53;Thriller
155096;18;Drama
1551;18;Drama
1551;27;Horror
1551;878;Science Fiction
1551;53;Thriller
1552;35;Comedy
1552;18;Drama
1552;10751;Family
155288;27;Horror
155288;9648;Mystery
155288;53;Thriller
1553;18;Drama
1553;53;Thriller
155397;28;Action
155397;10769;Foreign
1554;80;Crime
1554;18;Drama
1554;35;Comedy
1555;18;Drama
1555;35;Comedy
1555;10749;Romance
155597;18;Drama
155597;35;Comedy
1556;18;Drama
155605;35;Comedy
155605;18;Drama
155685;37;Western
1557;18;Drama
1557;53;Thriller
155796;10749;Romance
155796;18;Drama
155890;18;Drama
1559;9648;Mystery
1559;35;Comedy
1559;18;Drama
155956;18;Drama
155956;36;History
156;35;Comedy
156;18;Drama
156;10749;Romance
156015;53;Thriller
156015;35;Comedy
156015;18;Drama
1561;18;Drama
156141;10752;War
156141;18;Drama
156141;36;History
1562;27;Horror
1562;53;Thriller
1562;878;Science Fiction
1563;99;Documentary
156317;18;Drama
156547;35;Comedy
156597;27;Horror
1566;18;Drama
1566;36;History
1566;10752;War
156603;35;Comedy
156627;18;Drama
156643;18;Drama
156643;36;History
1567;18;Drama
1567;53;Thriller
156708;35;Comedy
156708;18;Drama
1568;18;Drama
1568;53;Thriller
157;878;Science Fiction
157;28;Action
157;12;Adventure
157;53;Thriller
157075;18;Drama
157075;53;Thriller
1571;28;Action
1571;53;Thriller
1572;28;Action
1572;53;Thriller
1573;28;Action
1573;53;Thriller
157320;10749;Romance
157320;18;Drama
157320;14;Fantasy
157336;12;Adventure
157336;18;Drama
157336;878;Science Fiction
157350;12;Adventure
157350;28;Action
157350;878;Science Fiction
157375;18;Drama
157375;35;Comedy
157375;10749;Romance
1574;28;Action
1574;35;Comedy
1574;80;Crime
1574;18;Drama
1574;10402;Music
157544;53;Thriller
157544;27;Horror
157683;35;Comedy
157683;37;Western
1577;27;Horror
1577;28;Action
1577;878;Science Fiction
157723;35;Comedy
157723;99;Documentary
157723;10770;TV Movie
1578;18;Drama
157823;53;Thriller
157823;18;Drama
157825;53;Thriller
157825;18;Drama
157827;18;Drama
157829;18;Drama
157837;99;Documentary
157841;12;Adventure
157841;18;Drama
157841;10751;Family
157843;18;Drama
157843;36;History
157845;80;Crime
157845;18;Drama
157847;18;Drama
157849;53;Thriller
157851;18;Drama
1579;28;Action
1579;12;Adventure
1579;18;Drama
1579;53;Thriller
158;35;Comedy
158;80;Crime
1580;80;Crime
1580;18;Drama
1580;9648;Mystery
1580;53;Thriller
158009;14;Fantasy
158009;16;Animation
158009;12;Adventure
158011;80;Crime
158011;53;Thriller
158013;37;Western
158013;12;Adventure
158013;18;Drama
158013;10751;Family
158015;878;Science Fiction
158015;27;Horror
158015;53;Thriller
158068;10752;War
158068;18;Drama
1581;35;Comedy
1581;10749;Romance
158113;9648;Mystery
158113;80;Crime
158113;18;Drama
158182;35;Comedy
158182;18;Drama
158262;18;Drama
1583;35;Comedy
158382;35;Comedy
1584;35;Comedy
1584;10402;Music
158426;10749;Romance
158426;53;Thriller
158439;35;Comedy
158439;18;Drama
158439;10749;Romance
1585;18;Drama
1585;10751;Family
1585;14;Fantasy
158589;18;Drama
1586;53;Thriller
1586;9648;Mystery
158675;36;History
158675;10402;Music
1587;10749;Romance
1587;18;Drama
158711;99;Documentary
158743;35;Comedy
1588;35;Comedy
158811;35;Comedy
158848;10749;Romance
158848;18;Drama
158852;12;Adventure
158852;10751;Family
158852;9648;Mystery
158852;878;Science Fiction
158884;18;Drama
1589;10749;Romance
1589;35;Comedy
1589;10402;Music
158900;18;Drama
158900;53;Thriller
158908;18;Drama
158914;35;Comedy
158914;18;Drama
158916;37;Western
158916;53;Thriller
158928;18;Drama
158936;18;Drama
158968;99;Documentary
158968;18;Drama
158990;35;Comedy
158990;80;Crime
159;35;Comedy
159;18;Drama
1590;18;Drama
159000;99;Documentary
159002;99;Documentary
159004;99;Documentary
159004;18;Drama
159004;10752;War
159004;80;Crime
159004;9648;Mystery
159024;12;Adventure
159024;35;Comedy
159095;53;Thriller
1591;18;Drama
159109;35;Comedy
159109;18;Drama
159109;27;Horror
159109;9648;Mystery
159109;35;Comedy
159109;18;Drama
159109;27;Horror
159109;9648;Mystery
159117;27;Horror
159117;53;Thriller
159121;80;Crime
159121;35;Comedy
159137;99;Documentary
159151;99;Documentary
159151;36;History
159151;10402;Music
159153;99;Documentary
159185;18;Drama
1592;80;Crime
1592;18;Drama
1592;9648;Mystery
1592;53;Thriller
159203;99;Documentary
159203;10751;Family
159207;18;Drama
159211;27;Horror
159211;53;Thriller
159215;18;Drama
159215;9648;Mystery
159215;53;Thriller
159245;99;Documentary
159281;37;Western
1593;28;Action
1593;12;Adventure
1593;35;Comedy
1593;10751;Family
1593;14;Fantasy
159389;18;Drama
1594;35;Comedy
1594;80;Crime
159403;28;Action
159403;10769;Foreign
159403;18;Drama
159403;36;History
159447;35;Comedy
159447;18;Drama
159469;18;Drama
159469;10749;Romance
159469;10752;War
159480;18;Drama
159480;35;Comedy
1595;18;Drama
1595;36;History
1595;10752;War
159538;10402;Music
1596;18;Drama
1596;27;Horror
1596;9648;Mystery
1596;53;Thriller
159622;99;Documentary
159638;35;Comedy
159638;27;Horror
159652;35;Comedy
159652;10749;Romance
1597;35;Comedy
1597;10749;Romance
159704;12;Adventure
159704;10751;Family
159704;14;Fantasy
159704;10749;Romance
1598;80;Crime
1598;53;Thriller
159849;99;Documentary
159849;99;Documentary
159849;99;Documentary
159849;99;Documentary
159849;99;Documentary
159849;99;Documentary
159849;99;Documentary
159849;99;Documentary
159849;99;Documentary
159849;99;Documentary
159849;99;Documentary
159849;99;Documentary
1599;35;Comedy
1599;10749;Romance
159942;18;Drama
159988;99;Documentary
159988;80;Crime
159988;9648;Mystery
16;18;Drama
16;80;Crime
16;10402;Music
160;99;Documentary
1600;18;Drama
1600;53;Thriller
160106;10751;Family
160118;18;Drama
160124;18;Drama
160128;27;Horror
160139;9648;Mystery
160139;10749;Romance
160139;53;Thriller
160155;10770;TV Movie
160155;35;Comedy
160155;10751;Family
160165;18;Drama
160165;53;Thriller
160171;18;Drama
160297;99;Documentary
160297;99;Documentary
160588;35;Comedy
160588;18;Drama
160660;18;Drama
160718;10770;TV Movie
160718;28;Action
160718;12;Adventure
160718;35;Comedy
160768;18;Drama
160788;18;Drama
1608;18;Drama
160844;35;Comedy
160874;99;Documentary
1609;35;Comedy
161;53;Thriller
161;80;Crime
1610;35;Comedy
1610;10749;Romance
161056;18;Drama
161056;80;Crime
161056;53;Thriller
161070;10749;Romance
161070;35;Comedy
161070;18;Drama
161076;35;Comedy
161080;28;Action
161080;35;Comedy
161080;18;Drama
1611;18;Drama
1611;35;Comedy
161143;16;Animation
161143;35;Comedy
161143;10751;Family
161179;28;Action
161179;18;Drama
161187;18;Drama
161187;36;History
1613;53;Thriller
1613;28;Action
1613;35;Comedy
1613;80;Crime
161426;18;Drama
161426;27;Horror
161482;18;Drama
161482;10749;Romance
161482;18;Drama
161482;10749;Romance
1615;35;Comedy
161512;10752;War
161512;18;Drama
1616;35;Comedy
161602;9648;Mystery
161602;80;Crime
161620;28;Action
161620;12;Adventure
161620;14;Fantasy
161620;10770;TV Movie
161782;53;Thriller
161782;27;Horror
161796;28;Action
161796;9648;Mystery
161808;35;Comedy
161808;10749;Romance
1619;28;Action
1619;80;Crime
1619;18;Drama
1619;53;Thriller
162;14;Fantasy
162;18;Drama
162;10749;Romance
1620;28;Action
1620;80;Crime
1620;18;Drama
1620;53;Thriller
162006;28;Action
162006;18;Drama
162056;35;Comedy
1621;35;Comedy
1622;18;Drama
1622;53;Thriller
1622;9648;Mystery
162234;18;Drama
162282;35;Comedy
162284;80;Crime
162284;18;Drama
1623;80;Crime
1623;18;Drama
162320;99;Documentary
162374;18;Drama
162374;35;Comedy
162382;35;Comedy
1624;35;Comedy
162458;10402;Music
162458;18;Drama
162512;16;Animation
162592;99;Documentary
1626;18;Drama
1627;18;Drama
1628;18;Drama
1628;10749;Romance
162818;10749;Romance
162818;18;Drama
162862;18;Drama
162862;10749;Romance
162874;18;Drama
162874;10749;Romance
1629;35;Comedy
1629;18;Drama
162928;35;Comedy
162928;18;Drama
162934;12;Adventure
162934;10751;Family
162934;18;Drama
162934;10749;Romance
163;53;Thriller
163;80;Crime
1630;18;Drama
163018;18;Drama
163018;35;Comedy
163042;18;Drama
163042;10749;Romance
1631;18;Drama
1632;53;Thriller
1632;80;Crime
1632;18;Drama
163202;18;Drama
163250;99;Documentary
163250;10770;TV Movie
1633;18;Drama
1633;35;Comedy
163312;18;Drama
163312;18;Drama
163366;99;Documentary
163376;10749;Romance
163376;35;Comedy
163392;35;Comedy
163428;18;Drama
1635;28;Action
1635;53;Thriller
1635;878;Science Fiction
1635;12;Adventure
1636;14;Fantasy
1636;35;Comedy
1636;10749;Romance
163631;18;Drama
1639;28;Action
1639;12;Adventure
1639;53;Thriller
163907;35;Comedy
163907;37;Western
163937;18;Drama
164;35;Comedy
164;18;Drama
164;10749;Romance
1640;18;Drama
164013;35;Comedy
164041;18;Drama
1641;10749;Romance
1641;35;Comedy
1642;80;Crime
1642;18;Drama
1642;9648;Mystery
1642;53;Thriller
1642;28;Action
164278;14;Fantasy
164286;80;Crime
164286;53;Thriller
1643;18;Drama
1643;10749;Romance
1644;53;Thriller
1644;18;Drama
1644;9648;Mystery
164421;18;Drama
164443;35;Comedy
164443;35;Comedy
1645;80;Crime
1645;18;Drama
1645;53;Thriller
164558;99;Documentary
164558;10402;Music
164580;99;Documentary
1646;80;Crime
1646;18;Drama
164687;18;Drama
1647;28;Action
1647;53;Thriller
164741;10402;Music
164741;18;Drama
164741;10770;TV Movie
164753;99;Documentary
164777;35;Comedy
1648;12;Adventure
1648;35;Comedy
1648;878;Science Fiction
164827;18;Drama
164827;35;Comedy
165;12;Adventure
165;35;Comedy
165;10751;Family
165;878;Science Fiction
165027;18;Drama
165027;9648;Mystery
165027;10749;Romance
1651;80;Crime
1651;18;Drama
1651;10749;Romance
165181;878;Science Fiction
1652;35;Comedy
1652;80;Crime
1653;18;Drama
165321;99;Documentary
1654;28;Action
1654;12;Adventure
1654;10752;War
165401;18;Drama
165401;35;Comedy
1655;35;Comedy
165567;18;Drama
165567;27;Horror
165567;53;Thriller
165567;9648;Mystery
1656;28;Action
1656;12;Adventure
165739;80;Crime
165739;53;Thriller
1659;35;Comedy
1659;37;Western
165911;10749;Romance
165911;18;Drama
166;18;Drama
166;10749;Romance
166;35;Comedy
1660;18;Drama
1660;35;Comedy
166076;16;Animation
166076;28;Action
166076;12;Adventure
1661;18;Drama
1661;35;Comedy
166161;27;Horror
1662;18;Drama
1662;28;Action
1662;53;Thriller
1662;80;Crime
166207;35;Comedy
166221;35;Comedy
166221;80;Crime
166221;28;Action
166225;28;Action
166225;53;Thriller
166231;18;Drama
166231;10402;Music
166231;10749;Romance
166255;10749;Romance
166255;28;Action
166255;18;Drama
166271;27;Horror
166271;9648;Mystery
166271;53;Thriller
1665;18;Drama
166560;10749;Romance
166560;35;Comedy
166560;18;Drama
1666;99;Documentary
166621;10402;Music
166621;18;Drama
166643;18;Drama
166643;28;Action
166677;99;Documentary
166677;18;Drama
1667;99;Documentary
1667;10751;Family
166747;16;Animation
166747;10751;Family
166773;35;Comedy
166798;18;Drama
166874;80;Crime
166874;9648;Mystery
166874;53;Thriller
166886;18;Drama
166888;36;History
166888;18;Drama
166888;36;History
166888;18;Drama
1669;28;Action
1669;12;Adventure
1669;53;Thriller
166904;35;Comedy
167;18;Drama
167;878;Science Fiction
167012;10770;TV Movie
167012;35;Comedy
167012;18;Drama
167012;10749;Romance
167032;27;Horror
167032;53;Thriller
167198;53;Thriller
167198;27;Horror
1672;28;Action
1672;12;Adventure
1672;53;Thriller
167262;37;Western
1673;28;Action
1673;37;Western
167330;80;Crime
167330;53;Thriller
167364;35;Comedy
167424;18;Drama
167494;18;Drama
1675;35;Comedy
1675;18;Drama
167502;99;Documentary
167502;16;Animation
167548;99;Documentary
167556;27;Horror
167556;18;Drama
167556;80;Crime
1676;10749;Romance
1676;37;Western
167618;18;Drama
167658;99;Documentary
167666;16;Animation
167666;10751;Family
167666;14;Fantasy
1677;18;Drama
1677;10402;Music
167726;10749;Romance
1678;53;Thriller
1678;27;Horror
1678;878;Science Fiction
167810;14;Fantasy
167810;53;Thriller
167858;10751;Family
167858;14;Fantasy
167858;12;Adventure
1679;28;Action
1679;878;Science Fiction
1679;27;Horror
167956;28;Action
167956;35;Comedy
167956;27;Horror
167960;27;Horror
167960;53;Thriller
167966;99;Documentary
168;878;Science Fiction
168;12;Adventure
1680;28;Action
1680;12;Adventure
1680;878;Science Fiction
168022;18;Drama
168022;10749;Romance
168056;80;Crime
168056;9648;Mystery
168098;27;Horror
168098;878;Science Fiction
168098;53;Thriller
168112;18;Drama
168112;10751;Family
168114;53;Thriller
1682;14;Fantasy
1682;878;Science Fiction
1682;28;Action
1682;12;Adventure
168202;16;Animation
168210;18;Drama
168210;27;Horror
168228;18;Drama
168228;18;Drama
1683;53;Thriller
1683;27;Horror
168300;10752;War
168300;18;Drama
168320;18;Drama
168408;18;Drama
168426;18;Drama
168426;35;Comedy
168426;10749;Romance
168478;16;Animation
168478;14;Fantasy
1685;12;Adventure
1685;878;Science Fiction
1685;9648;Mystery
168530;28;Action
168530;35;Comedy
168538;18;Drama
168538;35;Comedy
168538;18;Drama
168538;35;Comedy
168538;18;Drama
168538;35;Comedy
168538;18;Drama
168538;35;Comedy
168538;18;Drama
168538;35;Comedy
168538;18;Drama
168538;35;Comedy
168538;18;Drama
168538;35;Comedy
168538;18;Drama
168538;35;Comedy
168552;18;Drama
168672;18;Drama
168672;80;Crime
168676;10752;War
1687;28;Action
1687;878;Science Fiction
168712;10770;TV Movie
168712;53;Thriller
168742;18;Drama
168758;18;Drama
168758;878;Science Fiction
1688;28;Action
1688;878;Science Fiction
168806;10402;Music
168806;18;Drama
168864;99;Documentary
168864;10751;Family
1689;18;Drama
1689;36;History
168994;18;Drama
169;878;Science Fiction
169;28;Action
169;53;Thriller
1690;27;Horror
169020;35;Comedy
169066;35;Comedy
169066;80;Crime
169066;10749;Romance
169068;35;Comedy
169068;10749;Romance
169068;35;Comedy
169068;10749;Romance
169090;18;Drama
169158;80;Crime
169250;878;Science Fiction
169250;27;Horror
169250;18;Drama
169298;28;Action
169298;80;Crime
169298;53;Thriller
169314;16;Animation
169314;14;Fantasy
169314;27;Horror
1694;878;Science Fiction
1694;35;Comedy
1694;27;Horror
169448;99;Documentary
1696;18;Drama
1696;27;Horror
1696;80;Crime
169634;12;Adventure
169634;35;Comedy
169634;9648;Mystery
169634;12;Adventure
169634;35;Comedy
169634;9648;Mystery
169642;35;Comedy
169644;35;Comedy
169644;27;Horror
169652;18;Drama
169656;35;Comedy
169692;18;Drama
1697;18;Drama
1697;35;Comedy
169758;53;Thriller
169758;9648;Mystery
169760;12;Adventure
169760;99;Documentary
169782;18;Drama
169782;10770;TV Movie
169794;18;Drama
169798;18;Drama
169798;18;Drama
1698;27;Horror
1698;53;Thriller
169800;37;Western
169800;18;Drama
169800;36;History
169832;28;Action
169832;35;Comedy
169836;27;Horror
169836;18;Drama
169840;99;Documentary
169842;18;Drama
169844;28;Action
169860;99;Documentary
169864;99;Documentary
169962;12;Adventure
169962;10752;War
169962;28;Action
17;27;Horror
17;53;Thriller
17;9648;Mystery
170;27;Horror
170;53;Thriller
170;878;Science Fiction
1701;28;Action
1701;53;Thriller
1701;80;Crime
1702;28;Action
1702;27;Horror
1702;878;Science Fiction
1702;53;Thriller
170261;35;Comedy
170261;10751;Family
170261;14;Fantasy
170261;27;Horror
170263;99;Documentary
170277;35;Comedy
170279;35;Comedy
170315;18;Drama
170315;80;Crime
170455;10770;TV Movie
170455;80;Crime
170455;53;Thriller
170477;18;Drama
1705;28;Action
1705;878;Science Fiction
170517;35;Comedy
170657;28;Action
170657;14;Fantasy
170657;12;Adventure
170657;35;Comedy
170687;16;Animation
170687;35;Comedy
170687;10751;Family
170687;14;Fantasy
170689;18;Drama
170689;53;Thriller
170767;18;Drama
170767;10752;War
170845;10749;Romance
170845;28;Action
170967;80;Crime
170967;99;Documentary
171;35;Comedy
1710;18;Drama
1710;53;Thriller
171045;27;Horror
171045;53;Thriller
171061;99;Documentary
171075;80;Crime
171075;35;Comedy
171213;10749;Romance
171213;18;Drama
171277;27;Horror
171277;53;Thriller
1713;18;Drama
1713;10749;Romance
171337;18;Drama
171337;80;Crime
171363;28;Action
171363;53;Thriller
171363;80;Crime
1714;18;Drama
1714;878;Science Fiction
171427;35;Comedy
171429;99;Documentary
1715;18;Drama
171587;10749;Romance
171587;18;Drama
171587;35;Comedy
171587;10749;Romance
171587;18;Drama
171587;35;Comedy
1716;18;Drama
1716;10749;Romance
1716;10752;War
1717;18;Drama
1717;53;Thriller
171755;99;Documentary
171759;12;Adventure
171759;10751;Family
171769;18;Drama
171771;18;Drama
171795;99;Documentary
1718;28;Action
1718;37;Western
171861;878;Science Fiction
171861;53;Thriller
171873;10749;Romance
171873;35;Comedy
171885;99;Documentary
1719;18;Drama
1719;10749;Romance
171961;99;Documentary
172;878;Science Fiction
172;28;Action
172;12;Adventure
172;53;Thriller
1720;18;Drama
172011;99;Documentary
1721;12;Adventure
1721;28;Action
1721;35;Comedy
172149;18;Drama
1722;18;Drama
1722;36;History
1722;10749;Romance
172295;18;Drama
172297;99;Documentary
1723;35;Comedy
1723;18;Drama
172391;16;Animation
172391;12;Adventure
172391;10751;Family
1724;878;Science Fiction
1724;28;Action
1724;12;Adventure
172443;35;Comedy
172445;10749;Romance
172445;35;Comedy
172457;27;Horror
172469;35;Comedy
172475;12;Adventure
172475;35;Comedy
1725;80;Crime
1725;18;Drama
1725;10402;Music
172533;10749;Romance
172533;18;Drama
172535;36;History
172535;18;Drama
172545;35;Comedy
172545;18;Drama
172577;80;Crime
172577;18;Drama
172577;53;Thriller
1726;28;Action
1726;878;Science Fiction
1726;12;Adventure
172631;35;Comedy
172631;18;Drama
172673;37;Western
1727;28;Action
1727;12;Adventure
1727;35;Comedy
1727;10749;Romance
172705;18;Drama
172721;878;Science Fiction
172721;28;Action
172721;35;Comedy
172721;12;Adventure
172729;18;Drama
172729;27;Horror
172747;12;Adventure
172747;36;History
172767;28;Action
172767;878;Science Fiction
172767;28;Action
172767;878;Science Fiction
172785;35;Comedy
172785;18;Drama
172803;18;Drama
172803;53;Thriller
172817;53;Thriller
172817;18;Drama
172817;28;Action
172817;80;Crime
172847;18;Drama
172847;53;Thriller
172897;35;Comedy
172897;18;Drama
1729;28;Action
1729;12;Adventure
1729;14;Fantasy
172913;35;Comedy
172913;10749;Romance
173;12;Adventure
173;18;Drama
173;878;Science Fiction
1730;27;Horror
1730;18;Drama
1730;9648;Mystery
1730;53;Thriller
1731;18;Drama
173153;10770;TV Movie
173153;18;Drama
173165;99;Documentary
173171;35;Comedy
173177;35;Comedy
173185;35;Comedy
173189;35;Comedy
1732;28;Action
1732;12;Adventure
1732;35;Comedy
173205;99;Documentary
173299;35;Comedy
173327;99;Documentary
1734;12;Adventure
1734;28;Action
1734;14;Fantasy
173421;18;Drama
173421;10749;Romance
173443;16;Animation
173443;18;Drama
173443;36;History
173443;10749;Romance
173465;99;Documentary
173467;99;Documentary
173491;99;Documentary
173495;99;Documentary
173495;35;Comedy
1735;12;Adventure
1735;28;Action
1735;14;Fantasy
173541;10749;Romance
173541;35;Comedy
173557;35;Comedy
173557;10749;Romance
173577;99;Documentary
173587;99;Documentary
173631;18;Drama
173689;80;Crime
173689;18;Drama
173793;28;Action
1738;28;Action
1738;878;Science Fiction
1738;53;Thriller
173847;10749;Romance
173847;80;Crime
173847;35;Comedy
173873;18;Drama
173891;18;Drama
173891;53;Thriller
173893;18;Drama
173897;28;Action
173897;27;Horror
173897;878;Science Fiction
173917;18;Drama
174;878;Science Fiction
174;28;Action
174;12;Adventure
174;53;Thriller
174195;35;Comedy
174371;99;Documentary
174487;80;Crime
174487;18;Drama
174565;16;Animation
174611;18;Drama
174611;27;Horror
174615;99;Documentary
174645;28;Action
174645;80;Crime
174645;18;Drama
174645;53;Thriller
174671;27;Horror
174671;53;Thriller
174675;878;Science Fiction
174675;53;Thriller
174751;28;Action
174751;18;Drama
174751;37;Western
174751;28;Action
174751;18;Drama
174751;37;Western
174759;28;Action
174759;10749;Romance
174759;53;Thriller
174865;35;Comedy
174865;80;Crime
174895;18;Drama
174905;18;Drama
175;12;Adventure
175;18;Drama
175;10749;Romance
175245;53;Thriller
175291;18;Drama
175291;35;Comedy
175291;80;Crime
175427;99;Documentary
175427;18;Drama
175457;16;Animation
175555;35;Comedy
175555;18;Drama
175791;35;Comedy
175869;10749;Romance
175869;18;Drama
175983;18;Drama
176;27;Horror
176;9648;Mystery
176;80;Crime
176037;53;Thriller
176037;53;Thriller
176077;53;Thriller
176085;35;Comedy
176143;10752;War
176143;18;Drama
176167;18;Drama
176167;10402;Music
177;35;Comedy
177;18;Drama
1770;18;Drama
1770;53;Thriller
1771;28;Action
1771;12;Adventure
1771;878;Science Fiction
1772;18;Drama
1773;80;Crime
1773;18;Drama
1774;99;Documentary
1776;99;Documentary
1779;99;Documentary
1779;36;History
178;18;Drama
178;28;Action
178;53;Thriller
1781;99;Documentary
1782;18;Drama
1782;53;Thriller
1782;9648;Mystery
1783;28;Action
1783;35;Comedy
1783;18;Drama
1783;36;History
1785;35;Comedy
1785;10749;Romance
1787;18;Drama
1787;10749;Romance
1787;10769;Foreign
1788;18;Drama
1788;10751;Family
1788;10402;Music
1788;10749;Romance
1789;35;Comedy
1789;80;Crime
179;80;Crime
179;53;Thriller
1791;18;Drama
1791;10749;Romance
1792;35;Comedy
1793;35;Comedy
1793;18;Drama
1793;10751;Family
180;28;Action
180;53;Thriller
180;878;Science Fiction
180;9648;Mystery
1807;18;Drama
1807;80;Crime
1809;35;Comedy
1809;18;Drama
1809;10749;Romance
1810;36;History
1810;18;Drama
1810;37;Western
1811;878;Science Fiction
1811;18;Drama
1811;35;Comedy
1812;35;Comedy
1812;10749;Romance
1815;18;Drama
1815;28;Action
1815;53;Thriller
1815;80;Crime
1815;9648;Mystery
1816;18;Drama
1816;10402;Music
1817;53;Thriller
1817;18;Drama
1819;35;Comedy
1819;10749;Romance
1824;35;Comedy
1824;10749;Romance
1825;28;Action
1825;18;Drama
1826;35;Comedy
1826;18;Drama
1826;10749;Romance
1829;18;Drama
1829;36;History
1829;10749;Romance
183;12;Adventure
183;35;Comedy
183;18;Drama
183;10751;Family
183;10749;Romance
1830;80;Crime
1830;18;Drama
1830;53;Thriller
1831;35;Comedy
1832;14;Fantasy
1832;35;Comedy
1832;12;Adventure
1833;18;Drama
1833;10749;Romance
1834;80;Crime
1834;18;Drama
1834;9648;Mystery
1834;53;Thriller
1835;80;Crime
1835;9648;Mystery
1835;53;Thriller
1836;18;Drama
1836;27;Horror
1837;10749;Romance
1837;18;Drama
184;35;Comedy
184;80;Crime
184;10749;Romance
1840;80;Crime
1841;9648;Mystery
1841;53;Thriller
1841;80;Crime
1842;9648;Mystery
1842;27;Horror
1842;18;Drama
1843;99;Documentary
1843;10402;Music
1844;10749;Romance
1844;18;Drama
1844;9648;Mystery
1845;35;Comedy
1845;10749;Romance
1846;80;Crime
1846;9648;Mystery
1846;18;Drama
1847;53;Thriller
1847;80;Crime
1847;18;Drama
1847;9648;Mystery
1848;9648;Mystery
1848;80;Crime
1849;36;History
1849;18;Drama
185;878;Science Fiction
185;18;Drama
1850;35;Comedy
1850;18;Drama
1850;10749;Romance
1852;18;Drama
1852;36;History
1852;53;Thriller
1853;99;Documentary
1857;16;Animation
1858;12;Adventure
1858;878;Science Fiction
1858;28;Action
1859;35;Comedy
1859;10749;Romance
186;18;Drama
186;53;Thriller
186;80;Crime
186;9648;Mystery
1863;18;Drama
1863;10752;War
1865;12;Adventure
1865;28;Action
1865;14;Fantasy
187;28;Action
187;53;Thriller
187;80;Crime
1870;35;Comedy
1870;80;Crime
1870;12;Adventure
1870;14;Fantasy
1871;35;Comedy
1871;80;Crime
1871;12;Adventure
1871;14;Fantasy
1872;28;Action
1872;12;Adventure
1872;27;Horror
1872;53;Thriller
1873;18;Drama
1873;53;Thriller
1874;36;History
1874;18;Drama
1875;35;Comedy
1875;80;Crime
1875;12;Adventure
1875;14;Fantasy
1877;14;Fantasy
1877;28;Action
1877;53;Thriller
1877;878;Science Fiction
1878;12;Adventure
1878;18;Drama
1878;35;Comedy
1879;35;Comedy
1879;18;Drama
1879;10749;Romance
1880;28;Action
1880;53;Thriller
1882;18;Drama
1883;18;Drama
1883;36;History
1885;18;Drama
1887;18;Drama
1887;36;History
1888;10749;Romance
1888;35;Comedy
189;80;Crime
189;53;Thriller
1890;18;Drama
1890;10749;Romance
1891;12;Adventure
1891;28;Action
1891;878;Science Fiction
1892;12;Adventure
1892;28;Action
1892;878;Science Fiction
1893;12;Adventure
1893;28;Action
1893;878;Science Fiction
1894;12;Adventure
1894;28;Action
1894;878;Science Fiction
1895;878;Science Fiction
1895;12;Adventure
1895;28;Action
1896;18;Drama
1896;36;History
1899;18;Drama
19;18;Drama
19;878;Science Fiction
1900;53;Thriller
1900;18;Drama
1900;80;Crime
1901;35;Comedy
1901;18;Drama
1901;10749;Romance
1902;18;Drama
1902;53;Thriller
1904;18;Drama
1904;36;History
1904;10749;Romance
1906;10402;Music
1906;18;Drama
1907;18;Drama
1907;12;Adventure
1907;10749;Romance
1907;53;Thriller
1908;18;Drama
1908;36;History
1909;10749;Romance
1909;18;Drama
1909;35;Comedy
1911;12;Adventure
1911;14;Fantasy
1911;28;Action
1912;35;Comedy
1912;18;Drama
1913;18;Drama
1914;35;Comedy
1915;35;Comedy
1917;53;Thriller
1918;18;Drama
1919;18;Drama
1919;10749;Romance
192;18;Drama
192;53;Thriller
192;9648;Mystery
1920;80;Crime
1920;18;Drama
1920;53;Thriller
1921;18;Drama
1921;10749;Romance
1922;18;Drama
1923;18;Drama
1923;9648;Mystery
1924;28;Action
1924;12;Adventure
1924;14;Fantasy
1924;878;Science Fiction
1926;18;Drama
1927;18;Drama
1927;28;Action
1927;878;Science Fiction
193;878;Science Fiction
193;28;Action
193;12;Adventure
193;53;Thriller
1930;28;Action
1930;12;Adventure
1930;14;Fantasy
1931;18;Drama
1931;10402;Music
1933;27;Horror
1933;18;Drama
1933;9648;Mystery
1933;53;Thriller
1934;10749;Romance
1934;36;History
1936;12;Adventure
1936;37;Western
1937;18;Drama
1938;80;Crime
1938;18;Drama
1938;10749;Romance
1939;18;Drama
1939;9648;Mystery
194;35;Comedy
194;10749;Romance
1940;10402;Music
1940;18;Drama
1940;10749;Romance
1941;28;Action
1941;18;Drama
1941;36;History
1941;10752;War
1942;53;Thriller
1942;9648;Mystery
1944;18;Drama
1945;18;Drama
1945;53;Thriller
1946;28;Action
1946;53;Thriller
1946;878;Science Fiction
1946;27;Horror
1947;18;Drama
1948;28;Action
1948;53;Thriller
1948;80;Crime
1949;80;Crime
1949;18;Drama
1949;9648;Mystery
1949;53;Thriller
195;35;Comedy
195;10749;Romance
1950;18;Drama
1950;10749;Romance
1951;18;Drama
1954;878;Science Fiction
1954;53;Thriller
1955;18;Drama
1955;36;History
1956;9648;Mystery
1956;18;Drama
1956;12;Adventure
1957;18;Drama
1957;53;Thriller
1958;35;Comedy
1958;53;Thriller
1958;10402;Music
1958;80;Crime
1958;9648;Mystery
1959;18;Drama
1959;10749;Romance
196;12;Adventure
196;35;Comedy
196;10751;Family
196;878;Science Fiction
1961;35;Comedy
1961;27;Horror
1963;18;Drama
1963;10749;Romance
1964;18;Drama
1965;80;Crime
1965;53;Thriller
1965;18;Drama
1967;18;Drama
1967;10749;Romance
1968;18;Drama
1968;35;Comedy
1968;10749;Romance
1969;28;Action
1969;35;Comedy
1969;37;Western
1969;80;Crime
197;28;Action
197;18;Drama
197;36;History
197;10752;War
1970;27;Horror
1970;9648;Mystery
1970;53;Thriller
1975;27;Horror
1975;53;Thriller
1976;18;Drama
1976;10749;Romance
1977;9648;Mystery
1977;27;Horror
1977;53;Thriller
1978;53;Thriller
1979;12;Adventure
1979;14;Fantasy
1979;28;Action
1979;53;Thriller
198;35;Comedy
198;10752;War
1984;18;Drama
1984;878;Science Fiction
1985;18;Drama
1985;9648;Mystery
1985;53;Thriller
1986;18;Drama
1987;27;Horror
1987;80;Crime
1987;18;Drama
1988;18;Drama
1988;53;Thriller
1989;18;Drama
1989;10749;Romance
199;878;Science Fiction
199;28;Action
199;12;Adventure
199;53;Thriller
1990;9648;Mystery
1990;80;Crime
1990;18;Drama
1991;28;Action
1991;53;Thriller
1992;27;Horror
1992;28;Action
1992;53;Thriller
1993;36;History
1993;18;Drama
1993;10749;Romance
1994;12;Adventure
1994;27;Horror
1994;53;Thriller
1995;12;Adventure
1995;14;Fantasy
1995;28;Action
1995;53;Thriller
1996;28;Action
1996;12;Adventure
1996;14;Fantasy
1996;53;Thriller
1997;12;Adventure
1997;18;Drama
1997;10751;Family
1998;18;Drama
1998;18;Drama
1999;18;Drama
1999;53;Thriller
2;18;Drama
2;80;Crime
20;18;Drama
20;10749;Romance
200;878;Science Fiction
200;28;Action
200;12;Adventure
200;53;Thriller
2000;12;Adventure
2000;18;Drama
2000;36;History
2001;18;Drama
2001;80;Crime
2001;53;Thriller
2002;18;Drama
2002;10749;Romance
2003;18;Drama
2004;28;Action
2004;35;Comedy
2004;10749;Romance
2005;10402;Music
2005;35;Comedy
2006;14;Fantasy
2006;35;Comedy
2006;10749;Romance
2007;18;Drama
2008;14;Fantasy
2008;18;Drama
2008;28;Action
2008;53;Thriller
2008;10749;Romance
2009;18;Drama
201;878;Science Fiction
201;28;Action
201;12;Adventure
201;53;Thriller
2010;18;Drama
2011;16;Animation
2011;18;Drama
2012;18;Drama
2013;18;Drama
2014;18;Drama
2015;18;Drama
2016;18;Drama
2016;36;History
2016;10752;War
2017;28;Action
2017;80;Crime
2017;18;Drama
2017;9648;Mystery
2017;53;Thriller
2018;35;Comedy
2019;28;Action
2019;12;Adventure
2019;80;Crime
2019;53;Thriller
2020;35;Comedy
2021;35;Comedy
2021;18;Drama
2021;10749;Romance
2022;35;Comedy
2022;10749;Romance
2023;37;Western
2023;12;Adventure
2024;18;Drama
2024;36;History
2024;10752;War
2024;28;Action
2026;9648;Mystery
2026;18;Drama
2026;53;Thriller
2026;80;Crime
2028;35;Comedy
2028;18;Drama
2028;10749;Romance
2029;35;Comedy
203;18;Drama
203;80;Crime
2033;18;Drama
2033;10749;Romance
2034;28;Action
2034;80;Crime
2034;18;Drama
2034;53;Thriller
2038;28;Action
2038;53;Thriller
2039;35;Comedy
2039;18;Drama
2039;10749;Romance
204;18;Drama
204;53;Thriller
204;12;Adventure
2042;36;History
2042;18;Drama
2042;10752;War
2043;80;Crime
2043;9648;Mystery
2043;53;Thriller
2043;28;Action
2044;10749;Romance
2044;18;Drama
2044;9648;Mystery
2045;18;Drama
2045;9648;Mystery
2045;878;Science Fiction
2045;53;Thriller
2046;27;Horror
2046;18;Drama
2046;53;Thriller
2046;9648;Mystery
2047;28;Action
2047;80;Crime
2047;18;Drama
2047;53;Thriller
2048;28;Action
2048;878;Science Fiction
2049;99;Documentary
2049;10769;Foreign
205;18;Drama
205;36;History
205;10752;War
2054;10402;Music
2054;18;Drama
2054;10751;Family
2055;37;Western
2056;18;Drama
2056;35;Comedy
2057;53;Thriller
2058;35;Comedy
2058;10749;Romance
2059;12;Adventure
2059;28;Action
2059;53;Thriller
2059;9648;Mystery
206;18;Drama
2061;28;Action
2061;80;Crime
2061;18;Drama
2061;53;Thriller
2062;16;Animation
2062;35;Comedy
2062;10751;Family
2062;14;Fantasy
2064;35;Comedy
2064;18;Drama
2064;10749;Romance
2067;878;Science Fiction
2069;35;Comedy
2069;80;Crime
207;18;Drama
2071;9648;Mystery
2071;53;Thriller
2072;28;Action
2072;878;Science Fiction
2072;53;Thriller
2074;35;Comedy
2074;10749;Romance
2075;10749;Romance
2075;35;Comedy
2075;80;Crime
2075;18;Drama
2077;35;Comedy
2078;35;Comedy
2079;35;Comedy
2080;12;Adventure
2080;28;Action
2080;53;Thriller
2080;878;Science Fiction
2082;27;Horror
2084;35;Comedy
2084;80;Crime
2084;53;Thriller
2085;28;Action
2085;80;Crime
2085;53;Thriller
2086;80;Crime
2086;18;Drama
2086;53;Thriller
2087;18;Drama
2087;28;Action
2087;53;Thriller
2088;28;Action
2088;80;Crime
2088;18;Drama
2088;53;Thriller
2089;28;Action
2089;53;Thriller
2091;80;Crime
2091;53;Thriller
2093;28;Action
2093;27;Horror
2093;53;Thriller
2094;18;Drama
2094;10402;Music
2094;10749;Romance
2095;53;Thriller
2095;28;Action
2097;27;Horror
2097;878;Science Fiction
2098;35;Comedy
2098;18;Drama
2098;10402;Music
2098;10749;Romance
2099;28;Action
2099;80;Crime
2099;53;Thriller
21;99;Documentary
2100;28;Action
2100;18;Drama
2100;53;Thriller
2103;18;Drama
2103;878;Science Fiction
2103;9648;Mystery
2103;10749;Romance
2104;28;Action
2104;27;Horror
2104;53;Thriller
2105;35;Comedy
2105;10749;Romance
2107;35;Comedy
2107;18;Drama
2107;14;Fantasy
2107;10749;Romance
2108;35;Comedy
2108;18;Drama
2109;28;Action
2109;35;Comedy
2109;80;Crime
2109;53;Thriller
211;35;Comedy
211;18;Drama
2110;18;Drama
2110;28;Action
2110;35;Comedy
2111;18;Drama
2111;10769;Foreign
2112;18;Drama
2112;28;Action
2112;53;Thriller
2112;80;Crime
2115;10402;Music
2115;18;Drama
2116;53;Thriller
2116;80;Crime
2116;18;Drama
2117;18;Drama
2117;36;History
2118;80;Crime
2118;18;Drama
2118;9648;Mystery
2118;53;Thriller
2119;12;Adventure
212;35;Comedy
212;80;Crime
2122;35;Comedy
2122;53;Thriller
2122;80;Crime
2123;35;Comedy
2124;18;Drama
2124;9648;Mystery
2124;10749;Romance
2124;53;Thriller
2125;28;Action
2125;878;Science Fiction
2125;53;Thriller
213;9648;Mystery
213;53;Thriller
2132;35;Comedy
2133;18;Drama
2135;878;Science Fiction
2135;12;Adventure
2135;28;Action
2139;28;Action
2139;12;Adventure
2139;18;Drama
214;27;Horror
214;53;Thriller
214;80;Crime
2140;28;Action
2140;80;Crime
2140;53;Thriller
2141;18;Drama
2142;28;Action
2142;80;Crime
2142;18;Drama
2143;10752;War
2143;18;Drama
2143;10749;Romance
2144;28;Action
2144;35;Comedy
2144;80;Crime
2148;10402;Music
2148;18;Drama
2148;80;Crime
2148;10749;Romance
2149;18;Drama
2149;53;Thriller
2149;10749;Romance
215;27;Horror
2151;35;Comedy
2151;27;Horror
2151;878;Science Fiction
2152;99;Documentary
2153;28;Action
2153;80;Crime
2153;18;Drama
2153;53;Thriller
2154;27;Horror
2154;28;Action
2154;53;Thriller
2154;878;Science Fiction
2155;53;Thriller
2157;12;Adventure
2157;10751;Family
2157;878;Science Fiction
216;10749;Romance
216;18;Drama
2160;12;Adventure
2160;18;Drama
2160;878;Science Fiction
2161;12;Adventure
2161;878;Science Fiction
2162;28;Action
2162;35;Comedy
2162;53;Thriller
2163;18;Drama
2163;28;Action
2163;53;Thriller
2164;28;Action
2164;12;Adventure
2164;878;Science Fiction
2165;53;Thriller
2165;28;Action
2165;18;Drama
2166;35;Comedy
2166;80;Crime
2166;10749;Romance
2168;18;Drama
2169;35;Comedy
217;12;Adventure
217;28;Action
2171;35;Comedy
2172;12;Adventure
2176;18;Drama
2176;53;Thriller
2179;35;Comedy
2179;10402;Music
218;28;Action
218;53;Thriller
218;878;Science Fiction
2180;18;Drama
2180;35;Comedy
2180;10769;Foreign
2182;35;Comedy
2182;27;Horror
2182;878;Science Fiction
2185;28;Action
2185;35;Comedy
2185;53;Thriller
2186;27;Horror
2189;35;Comedy
2189;10749;Romance
219;35;Comedy
219;18;Drama
219;10749;Romance
2191;53;Thriller
2191;18;Drama
2191;878;Science Fiction
2192;28;Action
2192;12;Adventure
2192;18;Drama
2193;35;Comedy
2193;18;Drama
2193;10749;Romance
2195;18;Drama
2195;28;Action
2195;53;Thriller
2196;35;Comedy
2196;18;Drama
2197;18;Drama
2197;10752;War
2199;35;Comedy
2199;27;Horror
22;12;Adventure
22;14;Fantasy
22;28;Action
220;18;Drama
2200;36;History
2200;18;Drama
2200;35;Comedy
2202;12;Adventure
2202;18;Drama
2202;10751;Family
2204;18;Drama
2207;28;Action
2207;12;Adventure
2207;80;Crime
2207;53;Thriller
2211;18;Drama
2211;36;History
2211;10749;Romance
2212;28;Action
2212;18;Drama
2212;27;Horror
2212;9648;Mystery
2212;53;Thriller
222;99;Documentary
222;36;History
223;18;Drama
223;9648;Mystery
2232;18;Drama
2232;10749;Romance
2239;18;Drama
2239;35;Comedy
2239;53;Thriller
224;18;Drama
224;36;History
2241;35;Comedy
2246;18;Drama
2246;80;Crime
225;18;Drama
225;36;History
2251;53;Thriller
2251;18;Drama
2252;53;Thriller
2252;80;Crime
2252;9648;Mystery
2253;18;Drama
2253;53;Thriller
2253;36;History
2253;10752;War
2255;35;Comedy
2255;18;Drama
2255;10749;Romance
2259;10749;Romance
2259;18;Drama
226;80;Crime
226;18;Drama
2260;99;Documentary
2261;10402;Music
2261;99;Documentary
2262;80;Crime
2262;18;Drama
2263;80;Crime
2263;18;Drama
2263;10749;Romance
2263;53;Thriller
2264;10749;Romance
2264;18;Drama
2266;18;Drama
2266;10749;Romance
2267;12;Adventure
2267;10751;Family
2268;12;Adventure
2268;14;Fantasy
2269;14;Fantasy
2269;27;Horror
227;80;Crime
227;18;Drama
2270;12;Adventure
2270;14;Fantasy
2270;10749;Romance
2270;10751;Family
2274;12;Adventure
2274;18;Drama
2274;14;Fantasy
2274;10751;Family
2274;53;Thriller
2275;80;Crime
2275;18;Drama
2275;9648;Mystery
2275;53;Thriller
2277;35;Comedy
2277;878;Science Fiction
228;18;Drama
2280;14;Fantasy
2280;18;Drama
2280;35;Comedy
2280;10749;Romance
2280;10751;Family
2282;18;Drama
2282;10749;Romance
2284;35;Comedy
2286;12;Adventure
2286;14;Fantasy
2286;36;History
2287;99;Documentary
2288;18;Drama
2288;10749;Romance
2289;18;Drama
229;27;Horror
229;878;Science Fiction
2290;35;Comedy
2290;18;Drama
2290;36;History
2291;18;Drama
2291;9648;Mystery
2291;27;Horror
2292;35;Comedy
2293;10749;Romance
2293;35;Comedy
2294;35;Comedy
2295;35;Comedy
2297;35;Comedy
2297;18;Drama
2297;9648;Mystery
2300;16;Animation
2300;35;Comedy
2300;18;Drama
2300;10751;Family
2300;14;Fantasy
2302;18;Drama
2307;35;Comedy
2307;18;Drama
2307;10749;Romance
2309;12;Adventure
2309;10751;Family
2309;14;Fantasy
231;18;Drama
231;53;Thriller
2310;12;Adventure
2310;28;Action
2310;16;Animation
2312;12;Adventure
2312;14;Fantasy
2312;28;Action
2312;18;Drama
2313;35;Comedy
2313;18;Drama
2313;10749;Romance
2319;14;Fantasy
2319;18;Drama
2319;878;Science Fiction
2319;10751;Family
232;28;Action
232;12;Adventure
232;80;Crime
232;18;Drama
232;10749;Romance
2320;28;Action
2320;12;Adventure
2320;18;Drama
2320;53;Thriller
2321;35;Comedy
2321;80;Crime
2321;10749;Romance
2322;35;Comedy
2322;80;Crime
2322;18;Drama
2323;18;Drama
2323;14;Fantasy
2324;18;Drama
2325;10752;War
2325;18;Drama
233;18;Drama
2330;28;Action
2330;35;Comedy
2330;80;Crime
2331;36;History
2331;18;Drama
2332;28;Action
2332;35;Comedy
2332;80;Crime
2333;18;Drama
2334;28;Action
2334;35;Comedy
2335;28;Action
2335;35;Comedy
234;18;Drama
234;27;Horror
234;53;Thriller
234;80;Crime
2348;35;Comedy
2349;18;Drama
235;80;Crime
235;18;Drama
2355;18;Drama
2357;35;Comedy
2357;18;Drama
2359;99;Documentary
236;18;Drama
236;35;Comedy
236;10749;Romance
2360;80;Crime
2360;35;Comedy
2363;18;Drama
237;18;Drama
237;53;Thriller
237;80;Crime
237;10749;Romance
2370;28;Action
2370;18;Drama
2370;9648;Mystery
2370;53;Thriller
2371;28;Action
2371;18;Drama
2371;53;Thriller
238;18;Drama
238;80;Crime
2383;12;Adventure
2383;18;Drama
2383;10751;Family
239;35;Comedy
239;10749;Romance
2395;14;Fantasy
2395;12;Adventure
2395;35;Comedy
2395;10751;Family
2397;28;Action
2397;878;Science Fiction
24;28;Action
24;80;Crime
240;18;Drama
240;80;Crime
241;80;Crime
241;53;Thriller
241;18;Drama
242;80;Crime
242;18;Drama
242;53;Thriller
2428;18;Drama
2428;36;History
243;35;Comedy
243;18;Drama
243;10749;Romance
243;10402;Music
2433;10402;Music
2433;10749;Romance
2433;18;Drama
2433;35;Comedy
2436;28;Action
2436;12;Adventure
2436;35;Comedy
2436;878;Science Fiction
2438;10402;Music
2438;18;Drama
244;28;Action
244;12;Adventure
244;18;Drama
244;27;Horror
2440;10752;War
2440;18;Drama
2440;53;Thriller
2441;18;Drama
2442;28;Action
2442;18;Drama
2442;53;Thriller
2444;18;Drama
2447;18;Drama
2447;36;History
245;18;Drama
245;35;Comedy
245;10749;Romance
2453;28;Action
2453;53;Thriller
2454;12;Adventure
2454;10751;Family
2454;14;Fantasy
2455;18;Drama
2455;35;Comedy
2455;80;Crime
2457;18;Drama
2457;10749;Romance
2459;35;Comedy
246;12;Adventure
246;18;Drama
246;28;Action
2460;18;Drama
2460;10749;Romance
2460;878;Science Fiction
2462;35;Comedy
2462;878;Science Fiction
2463;18;Drama
2463;28;Action
2463;53;Thriller
2463;80;Crime
2469;35;Comedy
2469;80;Crime
2469;18;Drama
2469;10749;Romance
247;18;Drama
247;28;Action
247;53;Thriller
247;80;Crime
2470;35;Comedy
2470;18;Drama
2470;10749;Romance
248;35;Comedy
248;18;Drama
2486;14;Fantasy
2486;28;Action
2486;12;Adventure
2486;10751;Family
2487;28;Action
2487;18;Drama
2487;53;Thriller
249;35;Comedy
249;18;Drama
249;53;Thriller
2493;12;Adventure
2493;10751;Family
2493;14;Fantasy
2493;35;Comedy
2493;10749;Romance
25;18;Drama
25;10752;War
250;28;Action
250;35;Comedy
250;80;Crime
2501;28;Action
2501;18;Drama
2501;9648;Mystery
2501;53;Thriller
2502;28;Action
2502;18;Drama
2502;53;Thriller
2503;28;Action
2503;18;Drama
2503;9648;Mystery
2503;53;Thriller
251;14;Fantasy
251;18;Drama
251;53;Thriller
251;9648;Mystery
251;10749;Romance
2516;18;Drama
2517;18;Drama
252;10751;Family
252;14;Fantasy
2525;18;Drama
2527;18;Drama
2527;53;Thriller
2528;18;Drama
2528;10769;Foreign
2528;10749;Romance
253;12;Adventure
253;28;Action
253;53;Thriller
2539;35;Comedy
254;12;Adventure
254;18;Drama
254;28;Action
2546;35;Comedy
2546;14;Fantasy
255;35;Comedy
255;18;Drama
255;10749;Romance
256;18;Drama
2565;14;Fantasy
2565;35;Comedy
2565;878;Science Fiction
2565;10749;Romance
2566;18;Drama
2567;18;Drama
257;80;Crime
257;18;Drama
257;10751;Family
25735;80;Crime
25736;80;Crime
25736;18;Drama
25736;53;Thriller
25738;18;Drama
25738;80;Crime
25739;35;Comedy
2574;10749;Romance
2574;18;Drama
25741;16;Animation
25741;10751;Family
25741;12;Adventure
25741;18;Drama
25741;14;Fantasy
25744;27;Horror
25745;28;Action
25745;35;Comedy
25745;53;Thriller
25745;10769;Foreign
25746;10751;Family
25746;18;Drama
25747;18;Drama
25747;53;Thriller
25747;9648;Mystery
25747;10769;Foreign
25748;27;Horror
25749;53;Thriller
25749;27;Horror
2575;18;Drama
2575;53;Thriller
25750;27;Horror
25751;27;Horror
25751;53;Thriller
25752;27;Horror
25752;9648;Mystery
25753;27;Horror
25755;35;Comedy
25755;18;Drama
25755;14;Fantasy
25755;10749;Romance
25755;878;Science Fiction
25757;28;Action
25757;35;Comedy
25757;53;Thriller
2576;18;Drama
2576;36;History
25763;28;Action
25763;12;Adventure
25763;878;Science Fiction
25764;10749;Romance
25764;35;Comedy
25767;35;Comedy
25767;18;Drama
25767;10749;Romance
25768;28;Action
25768;35;Comedy
25769;28;Action
25769;18;Drama
25769;27;Horror
25769;878;Science Fiction
25769;53;Thriller
2577;18;Drama
2577;10749;Romance
2577;878;Science Fiction
2577;53;Thriller
25770;37;Western
25770;35;Comedy
25771;10402;Music
25771;99;Documentary
25773;18;Drama
25774;35;Comedy
25774;10769;Foreign
25778;28;Action
25778;18;Drama
25778;10751;Family
25778;53;Thriller
25783;99;Documentary
25786;18;Drama
25786;10751;Family
25787;18;Drama
25789;28;Action
25789;18;Drama
25789;53;Thriller
25793;18;Drama
25796;35;Comedy
25796;18;Drama
25796;10749;Romance
25797;35;Comedy
25797;10751;Family
25797;14;Fantasy
25797;878;Science Fiction
258;35;Comedy
258;18;Drama
258;10749;Romance
25801;10769;Foreign
25801;35;Comedy
25801;18;Drama
25801;10769;Foreign
25801;35;Comedy
25801;18;Drama
25803;18;Drama
25807;9648;Mystery
25807;53;Thriller
25831;16;Animation
25831;35;Comedy
25831;10751;Family
25832;35;Comedy
25832;18;Drama
25832;10402;Music
25833;35;Comedy
25834;878;Science Fiction
25834;27;Horror
25842;14;Fantasy
25842;18;Drama
25842;10751;Family
25846;18;Drama
25846;35;Comedy
25852;35;Comedy
25852;18;Drama
25852;10749;Romance
25855;53;Thriller
25855;28;Action
25858;18;Drama
25866;35;Comedy
25866;80;Crime
25868;14;Fantasy
25868;18;Drama
25868;10749;Romance
25868;10769;Foreign
25869;18;Drama
25869;10769;Foreign
25869;10749;Romance
2587;10752;War
2587;18;Drama
2587;36;History
25874;878;Science Fiction
25875;18;Drama
25875;27;Horror
25875;53;Thriller
25875;878;Science Fiction
25875;9648;Mystery
2588;35;Comedy
2588;18;Drama
25884;28;Action
25884;35;Comedy
25884;10751;Family
25890;35;Comedy
25893;35;Comedy
25893;18;Drama
25893;10751;Family
25894;18;Drama
25894;53;Thriller
25898;35;Comedy
259;35;Comedy
259;18;Drama
259;10749;Romance
25900;80;Crime
25900;18;Drama
25902;18;Drama
25902;35;Comedy
25902;10749;Romance
25903;35;Comedy
25903;10749;Romance
25904;18;Drama
25904;36;History
25905;18;Drama
25905;10752;War
25908;18;Drama
25908;36;History
25913;10751;Family
25913;16;Animation
25913;12;Adventure
25914;18;Drama
25914;37;Western
25915;80;Crime
25915;18;Drama
25918;18;Drama
25919;35;Comedy
25919;18;Drama
25919;10402;Music
25921;35;Comedy
25921;18;Drama
25921;10402;Music
25922;80;Crime
25922;18;Drama
25922;878;Science Fiction
25926;99;Documentary
25927;18;Drama
25927;28;Action
25927;53;Thriller
25927;80;Crime
2593;18;Drama
25934;18;Drama
25935;80;Crime
25935;18;Drama
25935;9648;Mystery
25936;35;Comedy
2594;35;Comedy
2594;18;Drama
25941;53;Thriller
25941;80;Crime
25941;18;Drama
25941;28;Action
25943;14;Fantasy
25943;35;Comedy
25943;878;Science Fiction
25944;27;Horror
25950;28;Action
25950;12;Adventure
25950;18;Drama
25950;14;Fantasy
25951;18;Drama
25951;10769;Foreign
25951;53;Thriller
25952;878;Science Fiction
25956;18;Drama
25956;28;Action
25956;53;Thriller
25956;80;Crime
25956;10769;Foreign
25961;12;Adventure
25961;16;Animation
25961;10751;Family
25961;14;Fantasy
25970;35;Comedy
25970;14;Fantasy
25970;27;Horror
25975;99;Documentary
25977;878;Science Fiction
25977;53;Thriller
25993;27;Horror
25993;53;Thriller
25993;9648;Mystery
25994;18;Drama
25998;10752;War
25998;36;History
26;18;Drama
260;28;Action
260;53;Thriller
260;9648;Mystery
26005;80;Crime
26005;18;Drama
26005;10749;Romance
26009;53;Thriller
26010;28;Action
26016;35;Comedy
26018;99;Documentary
26022;18;Drama
26022;10749;Romance
26028;10402;Music
26030;18;Drama
26030;28;Action
26030;80;Crime
26035;18;Drama
26035;10749;Romance
26038;80;Crime
26038;18;Drama
2604;18;Drama
2604;10752;War
26042;14;Fantasy
26042;27;Horror
26044;35;Comedy
26044;10749;Romance
2605;35;Comedy
2605;10751;Family
2605;878;Science Fiction
26056;18;Drama
26056;53;Thriller
2608;35;Comedy
2608;14;Fantasy
2609;35;Comedy
261;18;Drama
261;10749;Romance
2610;35;Comedy
2610;18;Drama
2610;10749;Romance
26108;35;Comedy
26108;18;Drama
26108;10749;Romance
2611;35;Comedy
2611;10749;Romance
26111;10751;Family
26113;28;Action
26113;18;Drama
26113;53;Thriller
26116;28;Action
26116;53;Thriller
26119;28;Action
26119;12;Adventure
26119;37;Western
2612;14;Fantasy
2612;35;Comedy
2612;878;Science Fiction
2612;10749;Romance
26123;35;Comedy
26124;80;Crime
26124;18;Drama
26124;53;Thriller
26125;28;Action
26125;53;Thriller
26127;28;Action
26127;53;Thriller
2613;18;Drama
2613;35;Comedy
2613;10749;Romance
26130;35;Comedy
26131;10770;TV Movie
26131;18;Drama
26131;10749;Romance
26131;37;Western
26133;18;Drama
26137;18;Drama
26137;10769;Foreign
26138;28;Action
2614;28;Action
2614;35;Comedy
2614;878;Science Fiction
26140;35;Comedy
26141;35;Comedy
26142;18;Drama
26146;35;Comedy
26147;35;Comedy
26147;10749;Romance
26152;35;Comedy
26153;10749;Romance
26153;35;Comedy
26153;18;Drama
26153;14;Fantasy
26155;878;Science Fiction
26158;878;Science Fiction
26158;12;Adventure
2616;35;Comedy
2616;18;Drama
2616;10751;Family
26162;80;Crime
26162;18;Drama
26162;9648;Mystery
26162;53;Thriller
26167;80;Crime
2617;35;Comedy
26170;28;Action
26170;80;Crime
26170;18;Drama
26170;53;Thriller
26171;18;Drama
26172;28;Action
26172;80;Crime
26172;53;Thriller
26174;53;Thriller
26174;80;Crime
26175;28;Action
26175;12;Adventure
26175;18;Drama
26175;10749;Romance
26176;35;Comedy
26177;10402;Music
26177;10751;Family
26177;35;Comedy
26178;27;Horror
26180;28;Action
26180;35;Comedy
26180;10749;Romance
26181;28;Action
26181;12;Adventure
26181;35;Comedy
26185;28;Action
26185;12;Adventure
26185;80;Crime
26185;18;Drama
26189;35;Comedy
26189;10751;Family
26189;9648;Mystery
26189;10770;TV Movie
2619;35;Comedy
2619;14;Fantasy
2619;10749;Romance
26191;18;Drama
26195;18;Drama
26198;27;Horror
26199;35;Comedy
26199;28;Action
26199;12;Adventure
26199;35;Comedy
26199;28;Action
26199;12;Adventure
262;35;Comedy
262;18;Drama
2620;28;Action
2620;35;Comedy
2620;80;Crime
26203;9648;Mystery
26203;80;Crime
26203;18;Drama
26203;53;Thriller
26204;80;Crime
26204;9648;Mystery
26204;53;Thriller
26205;28;Action
26205;18;Drama
26205;36;History
26205;10752;War
2621;10749;Romance
2621;35;Comedy
2621;18;Drama
26215;27;Horror
26215;53;Thriller
26223;53;Thriller
26225;18;Drama
26225;28;Action
26225;80;Crime
2623;18;Drama
2623;10749;Romance
26230;35;Comedy
26230;27;Horror
26230;878;Science Fiction
26232;18;Drama
26232;14;Fantasy
26232;10769;Foreign
26232;10749;Romance
26235;12;Adventure
26235;35;Comedy
26235;14;Fantasy
26242;18;Drama
26243;80;Crime
26243;9648;Mystery
26243;10749;Romance
26245;27;Horror
26246;99;Documentary
2625;18;Drama
2625;10749;Romance
26251;35;Comedy
26252;28;Action
26252;80;Crime
26252;18;Drama
26252;10749;Romance
26254;99;Documentary
26255;35;Comedy
26255;10749;Romance
26258;12;Adventure
26258;28;Action
26258;35;Comedy
26258;80;Crime
26258;10751;Family
26259;12;Adventure
26259;28;Action
26263;53;Thriller
26263;28;Action
26263;12;Adventure
26263;80;Crime
26264;12;Adventure
26264;35;Comedy
26264;10751;Family
26266;12;Adventure
26266;35;Comedy
26267;35;Comedy
26267;9648;Mystery
26268;28;Action
26268;18;Drama
26268;53;Thriller
26268;80;Crime
26268;9648;Mystery
26269;18;Drama
26269;80;Crime
26269;9648;Mystery
26269;53;Thriller
26270;878;Science Fiction
26271;35;Comedy
26277;18;Drama
26277;35;Comedy
26277;10749;Romance
26280;18;Drama
26282;12;Adventure
26282;18;Drama
26282;10749;Romance
26283;18;Drama
26285;35;Comedy
26290;18;Drama
26291;28;Action
26291;35;Comedy
26299;10402;Music
26299;10749;Romance
26301;10770;TV Movie
26301;80;Crime
26301;18;Drama
26302;18;Drama
26302;10769;Foreign
26306;18;Drama
26306;10749;Romance
26314;35;Comedy
26314;35;Comedy
26316;10752;War
26316;18;Drama
26317;18;Drama
26317;99;Documentary
26320;10402;Music
26320;35;Comedy
26320;18;Drama
26323;80;Crime
26323;18;Drama
26325;12;Adventure
26325;28;Action
26325;35;Comedy
26326;35;Comedy
26326;10402;Music
26333;35;Comedy
26333;18;Drama
26333;10749;Romance
26334;27;Horror
26334;53;Thriller
26336;99;Documentary
26336;10749;Romance
26337;9648;Mystery
26337;53;Thriller
26340;28;Action
26340;12;Adventure
26342;28;Action
26342;27;Horror
26342;878;Science Fiction
26347;18;Drama
26347;36;History
26350;18;Drama
26354;99;Documentary
26356;18;Drama
26357;12;Adventure
2636;28;Action
2636;53;Thriller
26360;10402;Music
26366;35;Comedy
26367;18;Drama
26367;35;Comedy
26368;16;Animation
26368;18;Drama
26368;14;Fantasy
26369;27;Horror
26369;35;Comedy
26369;12;Adventure
2637;18;Drama
2637;27;Horror
2637;9648;Mystery
26370;36;History
26370;99;Documentary
26370;10769;Foreign
26371;18;Drama
26371;10749;Romance
26372;10752;War
26372;18;Drama
26378;53;Thriller
26378;80;Crime
26378;18;Drama
26378;9648;Mystery
26379;18;Drama
26379;10751;Family
26379;10769;Foreign
26379;18;Drama
26379;10751;Family
26379;10769;Foreign
26380;80;Crime
26380;18;Drama
26386;35;Comedy
26386;10751;Family
26387;18;Drama
26387;53;Thriller
26388;18;Drama
26388;53;Thriller
26388;9648;Mystery
26389;28;Action
26389;80;Crime
26389;53;Thriller
2639;35;Comedy
2639;18;Drama
26391;35;Comedy
26393;35;Comedy
26393;18;Drama
26393;10749;Romance
26397;99;Documentary
26398;12;Adventure
26398;14;Fantasy
26398;878;Science Fiction
2640;53;Thriller
2640;35;Comedy
2640;18;Drama
2642;35;Comedy
2642;10749;Romance
26422;18;Drama
26422;10769;Foreign
26422;10749;Romance
26425;35;Comedy
26425;10749;Romance
26430;99;Documentary
26430;10402;Music
26431;18;Drama
26444;28;Action
26444;18;Drama
26450;28;Action
26450;35;Comedy
26450;10751;Family
26450;9648;Mystery
26452;28;Action
26452;12;Adventure
26452;14;Fantasy
26465;99;Documentary
26465;10402;Music
26467;28;Action
26475;35;Comedy
26475;18;Drama
26479;18;Drama
26479;28;Action
2648;28;Action
26480;28;Action
26480;27;Horror
26483;35;Comedy
26484;35;Comedy
26484;10402;Music
26486;28;Action
26486;35;Comedy
26488;35;Comedy
26488;18;Drama
2649;18;Drama
2649;53;Thriller
2649;9648;Mystery
26491;18;Drama
26491;10749;Romance
26497;16;Animation
26497;10751;Family
26497;14;Fantasy
265;10752;War
265;18;Drama
265;10749;Romance
26502;28;Action
26502;12;Adventure
26502;18;Drama
26502;37;Western
26504;27;Horror
26504;9648;Mystery
26504;53;Thriller
26505;12;Adventure
26505;14;Fantasy
26505;16;Animation
26505;10751;Family
26509;18;Drama
26509;35;Comedy
26510;35;Comedy
26510;18;Drama
26510;10749;Romance
26513;18;Drama
26513;53;Thriller
26514;18;Drama
26514;10751;Family
26515;14;Fantasy
26515;27;Horror
2652;18;Drama
2652;53;Thriller
26520;35;Comedy
26520;18;Drama
26521;35;Comedy
26521;27;Horror
26521;53;Thriller
26530;18;Drama
26530;80;Crime
26538;10751;Family
26539;16;Animation
2654;27;Horror
2654;9648;Mystery
2654;53;Thriller
26540;16;Animation
26547;16;Animation
26547;10751;Family
2655;18;Drama
2655;27;Horror
2655;9648;Mystery
2655;53;Thriller
26550;18;Drama
26550;18;Drama
26554;27;Horror
26554;35;Comedy
26554;878;Science Fiction
26555;35;Comedy
26555;18;Drama
26555;10749;Romance
26558;18;Drama
26558;53;Thriller
26558;27;Horror
26558;10752;War
26560;35;Comedy
26560;10749;Romance
26561;10749;Romance
26561;18;Drama
26564;99;Documentary
26566;28;Action
26566;35;Comedy
26567;18;Drama
26569;28;Action
26569;10769;Foreign
2657;14;Fantasy
2657;18;Drama
2657;35;Comedy
26571;99;Documentary
26571;18;Drama
26574;12;Adventure
26574;35;Comedy
26578;53;Thriller
26578;18;Drama
26578;80;Crime
26580;99;Documentary
26581;878;Science Fiction
26581;12;Adventure
26587;27;Horror
26587;18;Drama
26587;53;Thriller
26593;37;Western
26596;18;Drama
26596;37;Western
26599;10770;TV Movie
26599;18;Drama
26599;9648;Mystery
26599;10749;Romance
266;18;Drama
26600;18;Drama
26600;14;Fantasy
26602;18;Drama
26602;35;Comedy
26602;10749;Romance
26603;35;Comedy
26603;14;Fantasy
26606;80;Crime
26606;18;Drama
26606;10402;Music
26610;80;Crime
26610;18;Drama
26610;53;Thriller
26612;12;Adventure
26612;10751;Family
26614;18;Drama
26615;28;Action
26615;18;Drama
26615;10769;Foreign
26617;18;Drama
2662;27;Horror
26622;18;Drama
26622;10770;TV Movie
26630;18;Drama
26630;28;Action
26631;27;Horror
26631;53;Thriller
26638;18;Drama
26643;12;Adventure
26643;14;Fantasy
26643;18;Drama
26643;28;Action
26643;10751;Family
26644;9648;Mystery
26644;14;Fantasy
26644;18;Drama
2665;35;Comedy
26655;35;Comedy
26655;18;Drama
26655;10751;Family
2666;9648;Mystery
2666;878;Science Fiction
26663;18;Drama
2667;27;Horror
2667;9648;Mystery
26670;35;Comedy
26676;27;Horror
26677;27;Horror
2668;18;Drama
2668;14;Fantasy
2668;53;Thriller
2668;9648;Mystery
26680;27;Horror
26682;28;Action
26682;10770;TV Movie
26682;18;Drama
26685;35;Comedy
26686;35;Comedy
26686;18;Drama
26686;10749;Romance
26688;27;Horror
26688;9648;Mystery
26688;53;Thriller
26689;878;Science Fiction
26689;53;Thriller
2669;28;Action
2669;18;Drama
2669;36;History
26690;80;Crime
26690;18;Drama
26690;9648;Mystery
26690;53;Thriller
26691;35;Comedy
26693;27;Horror
26694;99;Documentary
26699;80;Crime
267;18;Drama
267;10749;Romance
267;53;Thriller
26700;16;Animation
26701;18;Drama
26701;10402;Music
26702;27;Horror
26702;10770;TV Movie
26703;27;Horror
26703;27;Horror
2671;27;Horror
2671;53;Thriller
26710;35;Comedy
26712;18;Drama
26712;28;Action
26712;80;Crime
26714;18;Drama
26718;28;Action
26718;12;Adventure
26718;80;Crime
26718;18;Drama
26719;80;Crime
26719;18;Drama
26719;9648;Mystery
26719;53;Thriller
26723;99;Documentary
26723;10402;Music
26728;35;Comedy
26728;16;Animation
26728;10751;Family
26730;16;Animation
26730;35;Comedy
26730;10751;Family
26736;12;Adventure
26736;35;Comedy
26736;18;Drama
26736;10751;Family
26736;14;Fantasy
26738;53;Thriller
26738;18;Drama
26743;35;Comedy
26744;18;Drama
26744;28;Action
26744;80;Crime
2675;18;Drama
2675;53;Thriller
2675;878;Science Fiction
2675;9648;Mystery
26750;99;Documentary
26752;35;Comedy
26752;18;Drama
26755;99;Documentary
26758;37;Western
26761;10749;Romance
26761;53;Thriller
26761;37;Western
26761;18;Drama
26762;80;Crime
26762;18;Drama
26763;99;Documentary
26763;10769;Foreign
26765;35;Comedy
26765;99;Documentary
26766;99;Documentary
26769;28;Action
26769;99;Documentary
26774;27;Horror
26774;53;Thriller
26776;37;Western
26782;18;Drama
26791;80;Crime
26791;18;Drama
26791;9648;Mystery
26791;53;Thriller
26792;18;Drama
26792;36;History
26796;18;Drama
26796;10402;Music
26797;35;Comedy
268;14;Fantasy
268;28;Action
26801;80;Crime
26803;10402;Music
26803;18;Drama
26809;16;Animation
26809;14;Fantasy
26809;10751;Family
26810;18;Drama
26811;27;Horror
26813;12;Adventure
26813;18;Drama
26814;35;Comedy
26815;18;Drama
26815;35;Comedy
26815;10749;Romance
26825;99;Documentary
26826;35;Comedy
26826;18;Drama
26827;35;Comedy
26831;10402;Music
26831;18;Drama
26838;80;Crime
26838;18;Drama
26841;35;Comedy
26841;80;Crime
26842;12;Adventure
26842;18;Drama
26842;28;Action
26842;36;History
26843;28;Action
26843;36;History
26843;10752;War
26849;9648;Mystery
26850;80;Crime
26850;18;Drama
26850;53;Thriller
26851;99;Documentary
26851;36;History
26860;27;Horror
26861;80;Crime
26861;53;Thriller
26865;27;Horror
26865;878;Science Fiction
26865;9648;Mystery
2687;35;Comedy
2687;14;Fantasy
2687;878;Science Fiction
26873;878;Science Fiction
26880;10749;Romance
26880;18;Drama
26886;18;Drama
26886;9648;Mystery
26889;35;Comedy
26889;18;Drama
26889;878;Science Fiction
269;18;Drama
269;80;Crime
2690;35;Comedy
2690;10749;Romance
26900;80;Crime
26900;18;Drama
26900;53;Thriller
26911;53;Thriller
26914;27;Horror
2692;99;Documentary
26925;27;Horror
26925;878;Science Fiction
26925;53;Thriller
26928;28;Action
26928;35;Comedy
26928;37;Western
26933;18;Drama
26933;10749;Romance
26939;28;Action
26939;18;Drama
26939;37;Western
2694;18;Drama
2694;10749;Romance
2694;10769;Foreign
26940;35;Comedy
26941;18;Drama
26941;10749;Romance
26941;35;Comedy
26945;14;Fantasy
26945;16;Animation
26945;12;Adventure
26946;27;Horror
26946;878;Science Fiction
26947;12;Adventure
26947;878;Science Fiction
26947;28;Action
26948;80;Crime
26949;18;Drama
26949;10749;Romance
26954;27;Horror
26958;27;Horror
26962;27;Horror
26964;18;Drama
26969;35;Comedy
26973;18;Drama
26973;36;History
26974;27;Horror
26974;28;Action
26974;18;Drama
26974;14;Fantasy
26976;18;Drama
26976;10770;TV Movie
26978;12;Adventure
26978;878;Science Fiction
2698;14;Fantasy
2698;35;Comedy
2698;10751;Family
26985;18;Drama
26985;10751;Family
2699;28;Action
2699;18;Drama
2699;10749;Romance
26990;35;Comedy
26990;18;Drama
26990;10749;Romance
26990;10751;Family
27;18;Drama
27;10402;Music
27;10749;Romance
27003;80;Crime
27003;27;Horror
27004;80;Crime
27004;53;Thriller
27004;35;Comedy
2701;18;Drama
27016;18;Drama
27016;53;Thriller
27016;10402;Music
27018;18;Drama
27022;14;Fantasy
27022;12;Adventure
27022;28;Action
27022;35;Comedy
27022;18;Drama
27031;10749;Romance
27031;36;History
27031;18;Drama
27033;18;Drama
27036;80;Crime
27036;9648;Mystery
27040;80;Crime
27040;9648;Mystery
27040;53;Thriller
27046;35;Comedy
27046;18;Drama
27046;10749;Romance
27064;18;Drama
27067;10749;Romance
27067;18;Drama
27070;35;Comedy
27070;27;Horror
27074;37;Western
27074;10402;Music
27074;10749;Romance
27092;80;Crime
27093;18;Drama
27094;18;Drama
27095;18;Drama
271;12;Adventure
271;18;Drama
271;14;Fantasy
271;10751;Family
27103;18;Drama
27103;35;Comedy
27105;28;Action
27105;37;Western
27112;18;Drama
27112;14;Fantasy
27112;9648;Mystery
27112;10749;Romance
27112;53;Thriller
27114;80;Crime
27114;9648;Mystery
27134;14;Fantasy
27134;35;Comedy
27134;27;Horror
27152;18;Drama
27152;10749;Romance
27152;53;Thriller
27171;35;Comedy
27171;10749;Romance
27172;37;Western
27176;18;Drama
27197;18;Drama
272;28;Action
272;80;Crime
272;18;Drama
27204;35;Comedy
27204;10749;Romance
2721;18;Drama
2721;36;History
2721;53;Thriller
27212;18;Drama
27212;53;Thriller
27215;18;Drama
27215;10749;Romance
27217;18;Drama
27217;10769;Foreign
2722;10749;Romance
2722;18;Drama
27221;18;Drama
27223;35;Comedy
27232;28;Action
27232;12;Adventure
27232;14;Fantasy
27232;27;Horror
27236;18;Drama
27255;18;Drama
27255;53;Thriller
27255;27;Horror
27261;28;Action
27261;18;Drama
27261;36;History
27263;9648;Mystery
27263;53;Thriller
27271;28;Action
27271;18;Drama
27273;16;Animation
27273;14;Fantasy
27273;10751;Family
27274;35;Comedy
27274;27;Horror
27274;878;Science Fiction
27276;18;Drama
27276;10769;Foreign
27276;14;Fantasy
27276;27;Horror
27277;37;Western
2728;28;Action
2728;35;Comedy
27292;28;Action
27292;80;Crime
27292;18;Drama
27297;27;Horror
27297;53;Thriller
273;18;Drama
27306;28;Action
27306;18;Drama
27306;878;Science Fiction
27306;53;Thriller
27307;35;Comedy
27307;10749;Romance
27307;10751;Family
2731;18;Drama
2731;10749;Romance
27310;28;Action
27310;12;Adventure
27310;18;Drama
27310;53;Thriller
27313;27;Horror
27316;80;Crime
27316;27;Horror
27316;9648;Mystery
27317;35;Comedy
27320;27;Horror
27322;35;Comedy
27322;18;Drama
27322;10749;Romance
27327;35;Comedy
27327;14;Fantasy
27327;27;Horror
27327;10402;Music
27327;53;Thriller
27328;27;Horror
27329;18;Drama
27329;10769;Foreign
27329;36;History
27329;10752;War
27332;18;Drama
27338;10770;TV Movie
2734;18;Drama
2734;36;History
27344;80;Crime
27344;12;Adventure
27344;18;Drama
27344;53;Thriller
27350;28;Action
27351;10769;Foreign
27351;27;Horror
27351;878;Science Fiction
27357;16;Animation
27357;35;Comedy
27359;18;Drama
27359;14;Fantasy
27360;35;Comedy
27360;80;Crime
27362;35;Comedy
27362;18;Drama
27370;27;Horror
27370;9648;Mystery
27370;53;Thriller
27372;18;Drama
27376;35;Comedy
27378;35;Comedy
27378;18;Drama
27378;10769;Foreign
27391;28;Action
27391;878;Science Fiction
27395;27;Horror
27396;28;Action
27396;80;Crime
27396;18;Drama
27396;9648;Mystery
27396;53;Thriller
27397;35;Comedy
27397;18;Drama
27397;10749;Romance
274;80;Crime
274;18;Drama
274;53;Thriller
27408;12;Adventure
27408;28;Action
27408;18;Drama
2742;80;Crime
2742;18;Drama
27420;27;Horror
27431;27;Horror
27431;9648;Mystery
27431;53;Thriller
27432;18;Drama
27441;53;Thriller
27441;878;Science Fiction
27444;10749;Romance
27444;18;Drama
27444;35;Comedy
27447;18;Drama
27447;9648;Mystery
27447;53;Thriller
27449;18;Drama
27449;10749;Romance
27450;10749;Romance
27450;18;Drama
27450;80;Crime
27451;18;Drama
27455;35;Comedy
27455;18;Drama
27456;18;Drama
27457;18;Drama
27458;35;Comedy
27458;18;Drama
27459;35;Comedy
27461;10752;War
27461;18;Drama
27461;36;History
27472;12;Adventure
27472;35;Comedy
27475;35;Comedy
27475;27;Horror
2748;10749;Romance
2748;18;Drama
27480;18;Drama
2749;28;Action
2749;80;Crime
2749;53;Thriller
27496;27;Horror
275;80;Crime
275;18;Drama
275;53;Thriller
2750;35;Comedy
2750;18;Drama
27506;18;Drama
27506;9648;Mystery
27509;80;Crime
27509;18;Drama
27509;27;Horror
27511;18;Drama
27511;10749;Romance
27511;53;Thriller
2752;35;Comedy
2752;10749;Romance
27523;28;Action
27523;18;Drama
27526;18;Drama
27526;53;Thriller
2753;36;History
2753;18;Drama
2754;35;Comedy
2754;10769;Foreign
27544;18;Drama
27548;27;Horror
27548;27;Horror
27549;28;Action
27549;12;Adventure
27549;14;Fantasy
27549;878;Science Fiction
2755;18;Drama
2755;35;Comedy
27550;35;Comedy
2756;12;Adventure
2756;28;Action
2756;53;Thriller
2756;878;Science Fiction
27563;18;Drama
27563;10749;Romance
2757;35;Comedy
2757;80;Crime
2757;18;Drama
27573;28;Action
27576;28;Action
27576;9648;Mystery
27576;53;Thriller
2758;35;Comedy
2758;10751;Family
2758;14;Fantasy
27584;35;Comedy
2759;18;Drama
2759;35;Comedy
27595;35;Comedy
27595;18;Drama
27598;10751;Family
276;18;Drama
276;35;Comedy
2760;80;Crime
2760;18;Drama
2760;53;Thriller
2761;53;Thriller
27618;35;Comedy
27618;27;Horror
2762;18;Drama
2762;80;Crime
27620;878;Science Fiction
27620;35;Comedy
27624;18;Drama
27624;10769;Foreign
27624;10749;Romance
27631;35;Comedy
27636;9648;Mystery
27636;27;Horror
27642;27;Horror
27642;878;Science Fiction
27644;28;Action
27644;37;Western
27646;27;Horror
27658;18;Drama
2767;18;Drama
2767;10749;Romance
27671;27;Horror
27671;53;Thriller
27674;27;Horror
27679;12;Adventure
27679;35;Comedy
27679;80;Crime
2768;53;Thriller
2768;18;Drama
2768;80;Crime
2768;10749;Romance
27683;18;Drama
27683;10749;Romance
2769;18;Drama
2769;35;Comedy
2769;10402;Music
2769;10749;Romance
27699;27;Horror
27699;53;Thriller
277;14;Fantasy
277;28;Action
277;53;Thriller
2770;35;Comedy
2770;10749;Romance
27703;9648;Mystery
27703;53;Thriller
27703;27;Horror
27706;27;Horror
2771;35;Comedy
2771;18;Drama
27711;27;Horror
27716;28;Action
27716;16;Animation
27716;35;Comedy
27716;80;Crime
27716;18;Drama
27717;878;Science Fiction
27719;28;Action
27719;53;Thriller
27721;18;Drama
27724;18;Drama
27724;10749;Romance
27726;18;Drama
27726;27;Horror
27726;14;Fantasy
27735;35;Comedy
27735;18;Drama
27735;10749;Romance
27738;18;Drama
27738;10751;Family
27740;27;Horror
27742;18;Drama
27742;27;Horror
27743;27;Horror
27743;35;Comedy
27759;28;Action
27759;18;Drama
27759;36;History
27764;27;Horror
27764;35;Comedy
27768;18;Drama
27768;53;Thriller
27769;18;Drama
27769;27;Horror
27769;53;Thriller
2777;18;Drama
27771;27;Horror
27777;80;Crime
27777;18;Drama
2778;35;Comedy
2778;10751;Family
27786;28;Action
27786;12;Adventure
27786;878;Science Fiction
2779;35;Comedy
2779;80;Crime
2779;9648;Mystery
2779;10749;Romance
2779;53;Thriller
27793;14;Fantasy
27799;18;Drama
27799;35;Comedy
27799;10749;Romance
278;18;Drama
278;80;Crime
27805;28;Action
27805;18;Drama
27805;10402;Music
27815;27;Horror
27816;27;Horror
27824;35;Comedy
27827;99;Documentary
27834;35;Comedy
27834;18;Drama
27834;878;Science Fiction
27840;27;Horror
27840;878;Science Fiction
27841;35;Comedy
27841;9648;Mystery
27841;53;Thriller
27843;35;Comedy
27843;27;Horror
27847;28;Action
27847;878;Science Fiction
27857;18;Drama
27858;18;Drama
27858;10752;War
2786;18;Drama
2786;53;Thriller
27862;10749;Romance
27862;35;Comedy
27864;18;Drama
27864;14;Fantasy
27864;878;Science Fiction
27864;53;Thriller
27865;99;Documentary
27866;35;Comedy
2787;53;Thriller
2787;878;Science Fiction
2787;28;Action
27873;878;Science Fiction
27875;28;Action
27875;35;Comedy
27875;10769;Foreign
2788;18;Drama
27881;27;Horror
27883;18;Drama
27884;28;Action
27884;12;Adventure
2789;28;Action
2789;878;Science Fiction
27899;18;Drama
27899;28;Action
27899;80;Crime
279;18;Drama
279;36;History
279;10402;Music
27904;18;Drama
27904;10749;Romance
27905;878;Science Fiction
27905;27;Horror
27909;878;Science Fiction
27909;27;Horror
2791;28;Action
2791;16;Animation
2791;878;Science Fiction
2791;53;Thriller
27919;18;Drama
27922;10749;Romance
27922;35;Comedy
27922;18;Drama
2798;35;Comedy
28;18;Drama
28;10752;War
280;28;Action
280;53;Thriller
280;878;Science Fiction
2800;35;Comedy
281;80;Crime
281;18;Drama
281;878;Science Fiction
281;53;Thriller
2813;53;Thriller
2813;18;Drama
2813;80;Crime
2813;36;History
2817;18;Drama
2817;35;Comedy
2817;10749;Romance
2830;35;Comedy
2830;10749;Romance
2832;9648;Mystery
2832;53;Thriller
284;35;Comedy
284;18;Drama
284;10749;Romance
2841;18;Drama
285;12;Adventure
285;14;Fantasy
285;28;Action
286;99;Documentary
2860;18;Drama
2860;10749;Romance
2861;18;Drama
2861;35;Comedy
2861;10749;Romance
287;35;Comedy
287;10749;Romance
288;37;Western
2882;10749;Romance
2882;18;Drama
2887;18;Drama
289;18;Drama
289;10749;Romance
