movie_id;keyword_id;keyword_name
100;502;ambush
100;567;alcohol
100;1366;shotgun
100;4262;tea
100;4523;joint
100;7149;machismo
100;9227;cocktail
100;9897;rifle
100;10776;marijuana
100;11362;cockney accent
100;11488;pot smoking
100;15394;hatchet
100;15395;antique
100;15396;cardsharp
100;18047;anger
100;167542;carjacking
100;207592;piano
100;227944;strip show
100;227945;high stakes
100010;3203;pilot
100010;3588;navy
100017;2843;fetishism
100017;3260;masochism
100017;155813;submissive
100017;157799;older woman younger man relationship
100017;170335;whipping
100017;172039;dominant woman
100017;176697;collar
100017;187056;woman director
100042;6054;friendship
100042;9663;sequel
100042;167043;road movie
100042;167541;buddy comedy
100046;179430;aftercreditsstinger
100085;187056;woman director
100089;293;female nudity
100089;679;cyborg
100089;2652;nazis
100089;12377;zombie
100089;169443;face ripped off
100167;3688;strip club
100167;14964;drug
100167;156121;ex-con
100167;186792;barroom brawl
100183;2321;bunker
100183;2652;nazis
100183;3023;eastern europe
100183;6091;war
100183;9663;sequel
100183;10085;betrayal
100183;10834;super soldier
100183;12377;zombie
100183;14819;violence
100183;18543;combat
100183;156174;occult
100183;161255;nazi hunter
100183;161256;third reich
100183;185433;outpost
100185;3094;australian
100185;18035;family
100196;1415;small town
100246;2598;museum
100246;12616;dinosaur
100246;154802;silent film
100246;166958;prehistoric creature
100275;14895;cannibal
100275;179878;sleepwalking
100275;222850;art teacher
100287;187056;woman director
100490;9663;sequel
100529;12392;best friend
101;242;new york
101;417;corruption
101;782;assassin
101;796;police brutality
101;1465;loss of family
101;1470;s.w.a.t.
101;2356;immigrant
101;2708;hitman
101;4613;training
101;9748;revenge
101;9826;murder
101;9957;loneliness
101;10226;neighbor
101;10703;tragic love
101;34117;cult film
101;207268;neo-noir
101;233083;complex relationship
101;233084;complex characters
101006;41599;sailor
101226;612;hotel
101226;2203;unexpected happiness
101226;9840;romance
101226;9957;loneliness
101299;271;competition
101299;818;based on novel
101299;1310;mentor
101299;1328;secret
101299;1382;factory
101299;2136;television
101299;2903;propaganda
101299;2964;future
101299;4565;dystopia
101299;5740;alliance
101299;6186;games
101299;8570;president
101299;8862;uprising
101299;9663;sequel
101299;9826;murder
101299;10349;survival
101299;10410;conspiracy
101299;11196;rebellion
101299;11221;blood
101299;11322;female protagonist
101299;12380;tournament
101299;14601;explosion
101299;15017;danger
101299;156395;imax
101299;171956;winner
101299;223438;based on young adult novel
101307;9748;revenge
101307;162300;government cover-up
101307;181635;government conspiracy
101307;220935;nerve gas
101444;1454;treasure
101444;1585;snake
101444;5572;fistfight
101444;10787;jungle
101444;12617;airplane crash
101444;188989;supernatural power
101444;191574;cobra
101514;1009;baby
101514;13130;teenager
101514;213113;quintuplets
101653;5565;biography
101653;6165;historical figure
1018;222;schizophrenia
1018;1284;identity
1018;1453;amnesia
1018;1565;loss of sense of reality
1018;1660;suppressed past
1018;2754;trauma
1018;2849;key
1018;3183;bisexuality
1018;3298;hallucination
1018;3307;surreal
1018;3489;job interview
1018;4623;casting
1018;9937;suspense
1018;10183;independent film
1018;10768;lesbian
1018;12670;los angeles
101801;11800;mockumentary
101803;886;film making
101803;5565;biography
101904;10183;independent film
102;30;individual
102;509;denmark
102;856;paraplegic
102;978;broken engagement
102;1333;desperation
102;1334;wedding vows
102;1335;sense of guilt
102;3817;chance
102;7879;secret love
102;9844;car crash
102;11612;hospital
102;12996;dogme 95
102;14534;relationship
102;15160;divorce
102;34094;extramarital affair
102;158558;disabled
102;187056;woman director
102051;10196;role playing
102051;157909;larp
102051;10196;role playing
102051;157909;larp
102165;478;china
102165;818;based on novel
102165;1944;epilepsy
102165;33344;bandit
102242;12990;singing
102286;3800;airplane
102286;10168;aviation
102286;12617;airplane crash
102286;191477;pilot error
1023;376;neo-nazi
1023;1499;pastor
1023;1660;suppressed past
1023;2045;cynic
1023;2251;lie
1023;4637;parish
1023;6150;faith
1023;8201;satire
1023;9649;god
1023;10123;dark comedy
1023;11001;religion
1023;14765;church
1023;33457;alcoholic
1023;33673;apple
1023;46958;good and bad
1023;199623;religious humour
102305;3009;farm worker
1024;456;mother
1024;572;sex
1024;1328;secret
1024;1523;obsession
1024;2132;literature
1024;2483;nudity
1024;2486;fantasy
1024;2983;passion
1024;9673;love
1024;9713;friends
1024;9826;murder
1024;10183;independent film
1024;10768;lesbian
1024;10984;true
1024;14534;relationship
102419;254;france
102419;470;spy
102419;612;hotel
102526;3136;plantation
102526;157929;rubber plantation
102526;160800;congo
102533;187056;woman director
102899;8828;marvel comic
102899;9715;superhero
102899;9717;based on comic
102899;179430;aftercreditsstinger
102899;179431;duringcreditsstinger
102899;180547;marvel cinematic universe
102899;209714;3d
102949;974;bank
102949;33600;stagecoach
102949;156120;train robbery
102949;188283;tripping and falling
102949;188284;gun smuggling
102949;188285;ransom note
102949;188286;bullet hole
102949;188287;rich daughter
102961;293;female nudity
102961;782;assassin
102961;157204;girls with guns
103;422;vietnam veteran
103;444;taxi
103;1523;obsession
103;2231;drug dealer
103;4225;night shift
103;7002;vigilante
103;7368;alienation
103;9622;misanthrope
103;11325;shot to death
103;33625;illegal prostitution
103;167104;loner
103162;3485;comedian
103162;5565;biography
103162;10267;comedy
103162;225317;lenny bruce
103203;409;africa
103203;1956;world war ii
103203;6544;senegal
103203;6683;autobiography
103210;276;philadelphia
103243;10540;bollywood
103269;392;england
103269;849;dc comics
103269;9715;superhero
103269;10761;superhuman
103269;155030;superhero team
103269;163455;super powers
103269;209949;the elite
103328;5641;limousine
103328;33507;multiple identities
103328;34112;wig
103328;155678;penis
103328;156546;talking car
103328;181016;sewer of paris
103328;184152;traveling through a sewer
103328;184157;multiple roles
103413;236;suicide
103413;2438;social worker
103413;5331;village
103413;6783;orphanage
103413;13014;orphan
103413;194430;small village
103462;187056;woman director
103502;2864;one-night stand
103502;3356;quebec
103502;4433;conversation
103502;8631;slacker
103502;187056;woman director
103528;11001;religion
103528;14765;church
103528;18396;catholic
103528;162954;elvis presley
103528;187056;woman director
103663;494;father son relationship
103663;509;denmark
103663;2251;lie
103663;2337;pedophilia
103663;4590;kindergarten
103663;5905;father
103663;7946;deer
103663;10103;children
103663;10508;teacher
103663;10873;school
103663;14576;pedophile
103663;15160;divorce
103663;33688;hunting
103731;1261;river
103731;1585;snake
103731;5521;arkansas
103731;10718;fugitive
103731;158244;river boat
103747;388;scotland
103747;9193;whiskey
103747;9907;community service
103753;10131;interracial relationship
103753;185505;film student
1039;570;rape
1039;1201;austria
1039;1756;opression
1039;1842;village life
1039;2690;heart disease
1039;2801;self-defense
1039;2802;mountain village
1039;2850;testament
1039;3009;farm worker
1039;3188;heart-throb
1039;4402;peasant
1039;4932;farm
1039;5331;village
103972;187056;woman director
104;220;berlin
104;585;casino
104;745;nun
104;794;red hair
104;795;running
104;960;homeless person
104;1545;supermarket
104;1546;ambulance
104;1552;subway
104;5600;daughter
104;10594;money
104;10855;fate
1040;393;civil war
1040;629;sicily
1040;1499;pastor
1040;1610;country estate
1040;2471;monarchy
1040;2692;arranged marriage
1040;3720;power
1040;3734;ambition
1040;3776;officer
1040;3997;power takeover
1040;4052;political instability
1040;4645;palermo
1040;4647;bourbon
1040;4648;naples
1040;4649;opportunist
1040;4812;plan
1040;6049;praise
1040;6091;war
1040;163048;decadence
104041;5153;son
104041;9748;revenge
104041;10508;teacher
104041;5153;son
104041;9748;revenge
104041;10508;teacher
104043;6054;friendship
104043;11001;religion
104043;14514;class differences
104043;14714;summer vacation
104043;160296;religious differences
104043;187056;woman director
104043;220314;wealth differences
104211;176056;time traveler
104239;1501;allegory
104239;1541;nihilism
104239;1664;eroticism
104239;5918;painting
104239;9887;surrealism
104239;13006;torture
104239;14819;violence
104239;15216;avant-garde
104239;18020;fantasy sequence
104239;18034;desert
104239;34079;death
104239;218164;coffee bar
104274;422;vietnam veteran
104274;1415;small town
104274;3030;nightmare
104274;3398;release from prison
104274;6149;police
104274;8723;poacher
104274;9748;revenge
104274;9826;murder
104274;10250;redneck
104274;11059;bear trap
104274;33688;hunting
104274;226376;corrupt cop
104285;195222;nunsploitation
104317;214549;short
104374;596;adultery
104374;818;based on novel
104374;1936;blackmail
104376;818;based on novel
104431;187056;woman director
104462;1890;camping
104462;3303;bedroom
104462;3501;bed
104462;3872;broom
104462;3888;giant spider
104462;154802;silent film
104462;157337;inn
104462;158091;giant insect
104462;192942;insects
104462;207928;19th century
104462;211608;chamber pot
104480;15061;docudrama
104480;33782;diver
104480;154802;silent film
104524;187056;woman director
104606;779;martial arts
104606;3202;con man
104606;234479;contacting spirits
104638;798;sheriff
104638;1930;kidnapping
104638;33685;gold mine
104638;155697;aristocrat
104638;160586;western spoof
104638;168268;saloon singer
104638;209139;far west
104644;15160;divorce
1049;531;southern usa
1049;1157;wife husband relationship
1049;1453;amnesia
1049;1543;war veteran
1049;1571;return
1049;1842;village life
1049;2122;death penalty
1049;2125;gallows
1049;2320;violent husband
1049;2619;suspicion of murder
1049;3012;court case
1049;3437;death sentence
1049;3441;sentence
1049;3864;false identity
1049;4127;one-sided love
1049;4183;wife
1049;4402;peasant
1049;4549;loss of husband
1049;5331;village
1049;5888;agriculture
1049;6091;war
1049;14819;violence
104954;131;italy
104954;572;sex
104954;7984;bikini
104954;9840;romance
104954;13059;prostitution
104954;14819;violence
104954;14964;drug
104954;197619;foreign
104973;5600;daughter
104973;10777;goddess
104973;10787;jungle
104973;157155;explorer
105;389;clock tower
105;830;car race
105;949;terrorist
105;951;delorean
105;952;lightning
105;953;guitar
105;955;plutonium
105;999;sports car
105;1436;inventor
105;1743;journey in the past
105;4379;time travel
105;4776;race against time
105;9104;partner
105;9789;misfit
105;10125;mad scientist
105;11860;fish out of water
105;18425;teenage love
105;40850;destiny
105;186189;hidden identity
105;187376;odd couple
105;187710;escapade
105;189449;disorder
105;206687;chases and races
105;206715;love and romance
105;206720;teenage life
105;206735;misfit partners
105;206736;changing the past or future
105;206737;getting home
105;206738;inventions and discoveries
1050;791;mentally disabled
1050;941;tradition
1050;1157;wife husband relationship
1050;1879;shower
1050;2384;modernity
1050;3131;modern society
1050;4183;wife
1050;4480;business man
1050;4652;bath house
1050;5809;marriage crisis
1050;33683;beijing
1050;164920;opera singer
105073;190034;the shadow
105077;2533;fighter pilot
105077;9832;cylon
105077;13067;body double
105077;185009;human heart
105079;11039;giallo
105079;179574;race car driver
105098;9826;murder
105098;11039;giallo
105098;185237;eyes
1051;796;police brutality
1051;916;marseille
1051;1759;night life
1051;2013;attempted murder
1051;2231;drug dealer
1051;2235;drug mule
1051;3149;gangster boss
1051;3391;drug smuggle
1051;4654;undercover agent
1051;4655;hijacking of train
1051;238010;herion
105157;14629;experimental film
105157;154802;silent film
105184;255;male nudity
105184;293;female nudity
105184;572;sex
105184;1523;obsession
105184;2032;pop singer
105184;3490;pop star
105184;9826;murder
105184;10809;teenage girl
105184;18062;obsessed fan
105184;163726;hitchhiking
105184;170268;skipping school
105184;173295;post office
105184;189443;new wave
105184;195365;synth-pop
1052;212;london england
1052;1003;photographer
1052;1437;burglar
1052;1488;tennis
1052;1565;loss of sense of reality
1052;2619;suspicion of murder
1052;3026;reality
1052;3307;surreal
1052;4659;municipal park
1052;4660;darkroom
1052;4661;pantomime
1052;4662;illusion
1052;4663;lovers
1052;6025;photography
1052;11488;pot smoking
1052;13092;corpse
1052;15166;photo shoot
1052;167200;fashion model
1052;237384;mod 1960s
1052;237386;counterculture
105254;9673;love
105254;14720;love affair
105299;9826;murder
105299;10123;dark comedy
105299;14794;lust
105299;193546;siblings relations
105304;187056;woman director
105325;1526;home
105325;1576;technology
105325;41175;shopping
105325;155290;disney short
105325;157690;mall
105325;158697;installation
105325;160960;watching tv
105325;166475;goofy
105325;168200;delivery
105347;209984;cinema novo
105406;1568;undercover
105406;1812;fbi
105406;18525;fbi agent
105406;181623;fake id
105406;207896;chemistry professor
105506;5340;investigation
105506;5905;father
105506;7281;shooting
105506;13005;doctor
105506;15090;police officer
105506;34079;death
105506;161814;psycho killer
105506;193685;malayalam
105506;199214;mental
105506;229234;alphabetic order
105526;387;california
105526;824;drag queen
105526;1013;homophobia
105526;1228;1970s
105526;2393;adoption
105526;4573;down syndrome
105526;10198;gay relationship
105526;10199;gay interest
105526;18068;teenage boy
105526;33518;district attorney
105526;41515;gay parent
105526;158718;lgbt
105526;180002;lgbt rights
105526;185927;adopted child
105526;186618;drug addicted mother
105526;186621;gay adoption
105531;9833;lesbian relationship
105531;10768;lesbian
105531;12564;werewolf
105531;15136;female homosexuality
105531;158718;lgbt
105531;163037;lgbt teen
105538;9951;alien
105538;10768;lesbian
105538;33705;agent
105538;187056;woman director
105583;221021;diary film
105593;187056;woman director
105763;2020;revolution
105763;18293;chef
105763;187056;woman director
105763;209125;gourmet
105763;209126;caucasus
105778;187056;woman director
1058;534;mexico
1058;1664;eroticism
1058;1885;quickie
1058;2619;suspicion of murder
1058;2669;motel
1058;3182;seduction
1058;4666;final exam
1058;6149;police
1058;9937;suspense
1058;12670;los angeles
1058;34094;extramarital affair
105833;514;spain
105833;1295;europe
1059;233;japan
1059;1321;gold
1059;4402;peasant
1059;6093;assault
1059;201864;hostile
105945;160985;military weapons
105945;160990;warbird
105945;160992;insurgent
105945;160999;army national guard
105945;161000;shrapnel
105945;161001;war souvenir
105945;207883;1940s
105972;11036;obsessive compulsive disorder
105980;3914;kitchen
106;1291;central and south america
106;1297;predator
106;9951;alien
106;10333;stalking
106;14915;invisible
106;15248;commando
106;209714;3d
106006;1740;pop culture
106006;4434;interview
106006;181134;tv special
106017;2652;nazis
106017;155744;newspaper man
106113;1321;gold
106113;10453;con artist
106113;214811;criminal rehabilitation
106134;10183;independent film
106230;237;gay
106230;3434;thailand
106230;5605;volleyball
106230;9672;based on true story
106230;17975;transgender
106254;2020;revolution
106355;158456;masked vigilante
106355;179991;movie serial
106495;395;gambling
106495;395;gambling
106515;1566;dream
106515;4344;musical
106538;9833;lesbian relationship
106538;9840;romance
106538;10180;homosexuality
106538;187056;woman director
106599;1739;holocaust
106599;6966;film history
106646;417;corruption
106646;572;sex
106646;738;sexuality
106646;974;bank
106646;3923;humor
106646;5565;biography
106646;5636;wall street
106646;5809;marriage crisis
106646;6974;rise and fall
106646;10631;stockbroker
106646;14964;drug
106646;179018;stock broker
106682;3490;pop star
106682;233450;proto-slasher
106729;236;suicide
106729;549;prostitute
106729;207078;magazine editor
106729;220448;bipolar disorder
106747;534;mexico
106747;833;white house
106747;3312;nuclear missile
106747;3544;machete
106747;12405;outer space
106824;258;bomb
106824;10787;jungle
106887;5967;peru
106887;10787;jungle
106922;90;paris
106922;5086;telekinesis
106922;7403;takeover
106922;9715;superhero
106922;9994;crown
106922;10051;heist
106922;33637;superpower
106922;157677;superhero spoof
106922;163074;super villain
106922;193285;spy spoof
106922;208992;1960s
106922;231322;gadgets
106922;234668;london
106970;293;female nudity
106970;797;showdown
106970;3713;chase
106970;4505;judo
106970;5452;stunts
106970;6149;police
106970;8015;cop
106970;9826;murder
106970;10718;fugitive
106970;11199;undercover cop
106970;14735;motorcycle
106970;14819;violence
106970;18543;combat
106970;33885;car
106970;195295;motorcycle chase
107;394;gypsy
107;397;bare knuckle boxing
107;398;slang
107;900;trailer park
107;4931;pig
107;6075;sport
107;7155;receiving of stolen goods
107;11362;cockney accent
107;33461;diamond
107;227892;pikey
107100;3694;weather
107100;4237;water
107100;9951;alien
107100;10617;disaster
107100;188957;virus
107100;208456;wmd
107248;12354;hong kong
1073;258;bomb
1073;949;terrorist
1073;1812;fbi
1073;1992;professor
1073;2340;paranoia
1073;3616;college
1073;4183;wife
1073;6078;politics
1073;6092;army
1073;9826;murder
1073;9937;suspense
1073;10226;neighbor
1073;33705;agent
1073;159419;blueprint
1073;200883;classified
1073;207268;neo-noir
107357;13028;writer
107406;570;rape
107406;572;sex
107406;2483;nudity
107406;4144;donkey
107406;9835;sexual fantasy
107406;15136;female homosexuality
107406;15224;candle
107406;210121;vegetables
107426;5202;boy
107426;6460;chile
107430;12564;werewolf
107430;13130;teenager
1075;394;gypsy
1075;449;yugoslavia
1075;494;father son relationship
1075;977;cat
1075;1155;brother sister relationship
1075;1158;grandfather grandson relationship
1075;2069;bathing
1075;2203;unexpected happiness
1075;2449;black market
1075;2808;russian
1075;4671;bad luck
1075;5290;small person
1075;6156;superstition
1075;7386;gypsy music
1075;10508;teacher
1075;10594;money
1075;11061;debt
1075;12392;best friend
1075;13008;train
1075;13027;wedding
1075;14751;youth
1075;215205;danube
1075;236316;anarchic comedy
107548;4344;musical
107569;494;father son relationship
107625;222782;two guns belt
107643;1794;yakuza
107643;9748;revenge
107643;33998;lesbian sex
107743;9713;friends
107743;14602;break-up
107743;187056;woman director
107745;4344;musical
107846;378;prison
107846;789;muslim
107846;3799;ship
107846;10092;mystery
107846;10568;science fiction
107846;10685;escape
107846;14536;crime
107846;156786;prison escape
107846;214596;cia agent
107966;190483;bowery boys
107976;818;based on novel
107976;2217;rain
107976;2820;wound
107976;4617;insurance fraud
107976;4728;knife
107976;6149;police
107976;9826;murder
107976;10292;gore
107976;10669;pay phone
107976;10714;serial killer
107976;11612;hospital
107976;13008;train
107976;14831;stabbing
107976;155435;insurance investigator
107976;163603;insurance policy
107999;1585;snake
107999;188991;drunkenness
107999;206669;kicked in the shin
108;90;paris
108;1233;composer
108;4424;pain
108;4549;loss of husband
108;5257;to compose
108003;409;africa
108010;3616;college
108010;6464;uncle
108010;10229;singer
108063;1815;atomic bomb
108063;6038;marriage
108200;160814;stubbornness
108200;160815;best selling author
108209;1160;egypt
108209;10911;inheritance
108220;3588;navy
108220;4344;musical
108220;5369;guard
108220;12396;hollywood
108267;178867;lone ranger
108476;187056;woman director
108476;187056;woman director
108512;10586;korea
108512;175629;alternative reality
108564;254;france
108564;11038;trial
108564;41610;saint
108564;190855;joan of arc
108789;156212;spaghetti western
1088;270;ocean
1088;936;loss of mother
1088;941;tradition
1088;963;loss of brother
1088;1412;becoming an adult
1088;2273;role of women
1088;2386;empowerment
1088;2658;new zealand
1088;2667;maori tradition
1088;2914;chief
1088;2971;grandfather granddaughter relationship
1088;3131;modern society
1088;4676;whale
1088;4677;patriarch
1088;4678;stick fighting
1088;4707;canoe
1088;6337;patriarchy
1088;13056;loss of wife
1088;187056;woman director
108852;3019;autograph
108852;10809;teenage girl
108852;188987;boyfriend girlfriend relationship
108879;1646;autism
1089;1524;surfer
1089;1568;undercover
1089;1669;wave
1089;1671;surfboard
1089;1824;self-destruction
1089;2796;self-discovery
1089;4300;parachute
1089;4668;police operation
1089;4679;parachuting
1089;4690;moral conflict
1089;12670;los angeles
1089;18525;fbi agent
1089;187056;woman director
108901;206662;euthanasia
108930;9716;stand-up comedy
108930;199630;clean comedy
108949;100;slum
108949;128;love triangle
108949;378;prison
108949;570;rape
108949;596;adultery
108949;6895;philippines
108949;9748;revenge
108949;157799;older woman younger man relationship
109;928;hairdresser
109;2039;sexual frustration
109;3739;funeral
109;4480;business man
109;21747;poland
1090;310;artificial intelligence
1090;2423;simulation
1090;4286;computer program
1090;4563;virtual reality
1090;4565;dystopia
1090;9826;murder
1090;12670;los angeles
109008;74;germany
109008;1956;world war ii
109008;2652;nazis
109008;3207;concentration camp prisoner
109008;9886;countess
109008;10685;escape
109008;11489;nazi officer
109008;155882;dying mother
109008;156063;expatriate
109008;222529;rescue operation
1091;1445;ice
1091;1826;space marine
1091;2340;paranoia
1091;3373;snow storm
1091;4711;norwegian
1091;4713;research station
1091;4862;alien life-form
1091;9714;remake
1091;9951;alien
1091;14728;antarctica
1091;14729;shape shifting alien
1091;155821;sled dogs
109102;657;fire
109102;2599;necklace
109102;5918;painting
109102;33630;doll
109102;40821;hawk
109161;242;new york
109161;703;detective
109161;1436;inventor
109161;3202;con man
1092;1201;austria
1092;1227;cemetery
1092;1505;famous score
1092;2449;black market
1092;3055;soviet troops
1092;3533;prater
1092;4100;british army
1092;4518;postwar period
1092;4691;occupying power
1092;4694;staged death
1092;9665;cover-up
1092;9840;romance
1092;9937;suspense
1092;41412;sewer
1092;155451;brit noir
1092;155582;amusement park
1092;165142;ferris wheel
1092;195402;film noir
1092;233055;vienna
1092;234089;zither
1092;234091;evasion
109235;6075;sport
109235;9714;remake
109251;2301;architect
109251;4585;plastic surgery
109251;15198;car wreck
109251;164460;elopement
1093;90;paris
1093;830;car race
1093;1252;suicide attempt
1093;1779;mercedes benz
1093;1925;camera
1093;1972;hearing
1093;2001;arms deal
1093;2583;blackout
1093;2619;suspicion of murder
1093;2669;motel
1093;3152;planned murder
1093;3301;suspicion
1093;3599;defense industry
1093;4687;pretended suicide
1093;4688;microfilm
1093;4689;photographic evidence
1093;6025;photography
1093;7879;secret love
1093;155845;french noir
1093;188960;elevator
1093;195402;film noir
109323;155290;disney short
109323;156139;silly symphony
109425;570;rape
109425;2804;exploitation
109425;9720;woods
109425;10250;redneck
109425;10349;survival
109425;10735;rape attempt
109425;13083;rape and murder
109425;17926;softball
109425;50009;survival horror
109425;184352;rape and revenge
109425;187056;woman director
109441;3588;navy
109455;187056;woman director
109459;9937;suspense
109463;10308;h.p. lovecraft
109481;2283;ball
109481;4344;musical
109481;9991;dress
109481;14818;model
109565;41592;monastery
109600;14636;india
109600;229272;theatrical troupe
109667;222;schizophrenia
109667;10183;independent film
109667;41329;mental illness
109835;8029;drama
109835;9950;thriller
109841;13112;murderer
109841;163186;seance
109841;180824;spiritualist
109843;10726;gang
109843;158431;united kingdom
109881;3452;love letter
109891;3692;scandal
109891;13027;wedding
109912;966;beach
109912;1009;baby
109912;1329;canada
109912;13014;orphan
109912;156321;tv movie
11;803;android
11;4270;galaxy
11;4271;hermit
11;10013;death star
11;10016;lightsaber
11;10527;jedi
11;11107;rescue mission
11;11195;empire
11;11196;rebellion
11;13194;planet
11;155336;smuggler
11;160134;the force
11;161176;space opera
11;163295;galactic war
11;178710;stormtrooper
11;178712;totalitarianism
110;934;judge
110;1533;isolation
110;2863;mannequin
110;4918;shadowing
110;5259;english channel
110;5260;geneva
110;9935;travel
110;15162;dog
110001;378;prison
110001;736;journalist
110001;818;based on novel
110001;5882;franco regime
110001;9777;escape from prison
110001;12346;eta
110001;13015;terrorism
110001;162727;jailbreak
110001;185722;based on true events
110001;204902;euskal zinema
110001;207901;political prisoner
110130;949;terrorist
110130;3249;hologram
110130;9748;revenge
110130;12670;los angeles
110130;41414;timebomb
1103;444;taxi
1103;542;street gang
1103;840;usa president
1103;1543;war veteran
1103;1562;hostage
1103;1930;kidnapping
1103;2019;liberation of prisoners
1103;2095;anti hero
1103;3149;gangster boss
1103;4565;dystopia
1103;4668;police operation
1103;5034;attempt to escape
1103;12190;cyberpunk
1103;217083;reluctant hero
110372;12332;apocalypse
110372;12332;apocalypse
110390;236316;anarchic comedy
110415;494;father son relationship
110415;714;child labour
110415;1411;brothel
110415;1442;winter
110415;1501;allegory
110415;3450;bridge
110415;4458;post-apocalyptic
110415;4565;dystopia
110415;4655;hijacking of train
110415;9717;based on comic
110415;9862;dam
110415;9897;rifle
110415;10721;pregnant
110415;13008;train
110415;14819;violence
110415;18712;based on graphic novel
110415;33720;guilt
110415;162845;revolt
110415;178993;duplicity
110415;189102;tunnel
110415;192311;social class
110415;208085;population control
110415;213921;perpetual winter
110415;213987;city ruin
110419;9826;murder
110419;10873;school
110419;156661;threat
110419;204303;pupil
110433;1991;santa claus
110433;4344;musical
110548;703;detective
110548;18028;hiding
110548;207898;accused of murder
110548;207899;snooping
110568;1200;greece
110568;13142;gangster
110568;186402;starlet
110568;187056;woman director
110568;211640;hydra
110603;254;france
110603;4344;musical
110603;14577;musketeer
110643;5399;challenge
110643;6223;change
110643;11001;religion
110643;14632;suburb
110643;14765;church
110643;187343;belief
110643;217325;masses
110669;4344;musical
110669;4497;universal exhibition
110669;10771;wax museum
110790;1415;small town
110790;9826;murder
110899;14837;rage
111;416;miami
111;417;corruption
111;592;capitalism
111;701;cuba
111;947;prohibition
111;1155;brother sister relationship
111;1578;loss of sister
111;2150;cocaine
111;34117;cult film
111;157223;bitterness
111100;828;waitress
111100;1009;baby
111109;2679;artist
111109;14531;play
111109;215397;pinoy
111237;1523;obsession
111237;1956;world war ii
111237;190355;eastern front
111237;193042;tank battle
111310;393;civil war
111310;470;spy
111310;11134;espionage
111312;6535;puma
111312;9902;wildlife
111312;18330;nature
111460;395;gambling
111460;1480;baseball
111460;198244;chicago cubs
111570;161506;heir
111570;203857;penthouse
111570;214713;flea circus
1116;212;london england
1116;380;brother brother relationship
1116;392;england
1116;393;civil war
1116;836;resistance
1116;1008;guerrilla
1116;1353;underground
1116;1756;opression
1116;2052;traitor
1116;3070;mercenary
1116;4097;independence
1116;4100;british army
1116;4729;dublin
1116;4730;irish civil war
1116;6057;peace
1116;6110;weapon
1116;11004;rural setting
1116;12579;irish republican army
1116;14985;ireland
1116;158217;colonialism
111642;3430;pickpocket
111642;9713;friends
111642;188582;london theater district
111642;234257;street performers
111642;234260;buskers
111718;209998;japanese new wave
111854;163096;battle of the sexes
111854;163097;female athlete
111854;187056;woman director
111913;163113;aum shinrikyo
112;110;venice
112;612;hotel
112;792;copenhagen
112;828;waitress
112;894;depression
112;924;italian
112;928;hairdresser
112;5600;daughter
112;6054;friendship
112;6277;language course
112;6280;adult education center
112;10093;priest
112;10707;mother daughter relationship
112;12996;dogme 95
112;14765;church
112;187056;woman director
112072;10163;cancer
112072;163133;singer-songwriter
112083;41185;heiress
112083;157768;vaudeville
112083;163070;burlesque
112083;164623;chorus girl
112083;229272;theatrical troupe
1123;796;police brutality
1123;836;resistance
1123;3644;south africa
1123;4106;apartheid
1123;4737;african national congress
1123;6145;right and justice
1124;271;competition
1124;1328;secret
1124;1523;obsession
1124;2343;magic
1124;3737;dying and death
1124;4034;class society
1124;4662;illusion
1124;4988;tricks
1124;6062;hostility
1124;6069;class
1124;9823;rivalry
112454;3199;clown
112454;5202;boy
112454;9826;murder
112454;11221;blood
112454;166109;child murder
112454;176691;killer clown
112460;2341;nanny
112460;3392;voodoo
112460;9712;possession
112481;1585;snake
112481;158130;animal attack
1125;532;music record
1125;554;manager
1125;577;black people
1125;596;adultery
1125;634;soul
1125;837;show business
1125;1803;drug addiction
1125;3089;oscar award
1125;4344;musical
1125;4481;deceived wife
1125;4741;recording contract
1125;4742;background singer
1125;4744;motown
1125;4745;the supremes
1125;4746;record producer
1125;9457;single
1125;10229;singer
1125;12990;singing
1125;18021;detroit
1125;33457;alcoholic
1125;34094;extramarital affair
1125;41591;music band
1126;380;brother brother relationship
1126;815;soulmates
1126;1526;home
1126;1571;return
1126;1595;ex-girlfriend
1126;1660;suppressed past
1126;1842;village life
1126;1872;loss of father
1126;2065;province
1126;2658;new zealand
1126;2755;country life
1126;3371;family history
1126;3739;funeral
1126;4747;war photographer
1126;4748;lodge
1126;9986;crush
1126;10508;teacher
1126;14751;youth
112655;6075;sport
112655;6483;ice hockey
112672;163127;mexican
112672;163188;confederate
112672;168598;southern accent
112672;185441;civil war veteran
112674;1019;rodeo
112674;4513;blind date
112674;13097;maid
1127;293;female nudity
1127;515;women
1127;549;prostitute
1127;572;sex
1127;740;aids
1127;744;madrid
1127;894;depression
1127;1577;solidarity
1127;1900;immigration
1127;2386;empowerment
1127;2660;strong woman
1127;2964;future
1127;3405;blow job
1127;3929;hope
1127;4750;red-light disctrict
1127;4751;stay permit
1127;4752;punter
1127;5248;female friendship
1127;6054;friendship
1127;7410;fellatio
1127;9457;single
1127;12420;unsimulated sex
1127;12423;illegal immigrant
1127;12425;racism
1127;13125;sadist
1127;165770;hiv positive
1127;193226;madrid spain
1127;210284;off screen rape
112705;10310;leprechaun
112731;378;prison
112731;4048;musician
112731;6562;celebrity
112731;9503;outlaw
112731;10572;music business
112731;10718;fugitive
112735;195624;black lgbt
113;188;buddhism
113;314;life and death
113;490;philosophy
113;548;countryside
113;1412;becoming an adult
113;1529;buddhist monk
113;1530;temple
113;1531;mountain lake
113;1532;meditation
113;1533;isolation
113;1534;attachment to nature
113;1536;religious education
113;2059;cycle
113;2060;penalty
113;2061;mortification
113;2062;restart
113;2063;taskmaster
113;3676;living together
113;3737;dying and death
113;3743;season
113;158540;south korea
113;208349;child
113105;2831;slavery
113105;10085;betrayal
113105;10158;alien planet
113105;12553;alien abduction
113105;14544;robot
113105;33773;organ transplant
113105;156767;nuclear threat
113105;208553;wigs
113105;213306;mad professor
113105;225922;humanoids
113190;1013;homophobia
113190;4108;protest
113190;18339;human rights
113190;33648;celebration
113190;156501;pride
113190;158718;lgbt
113209;9685;futuristic
113214;15234;convict
113214;163569;pistol whip
113284;378;prison
113284;187056;woman director
113364;4409;military base
113364;208067;imperialism
113432;1415;small town
113432;5746;iceland
113432;5970;wrestling
113432;10685;escape
113432;11004;rural setting
113432;214549;short
113582;470;spy
113638;3355;inuit
113743;4344;musical
113743;5049;ancient rome
113757;6092;army
113947;977;cat
113947;2389;virgin
113947;2398;narration
113947;2564;wheelchair
113947;3687;graduation
113947;11486;sexual arousal
113947;11704;judaism
113947;14755;power outage
113947;156070;intimate
113947;157008;catholic church
113947;162804;sexual awakening
113947;167739;male virgin
113947;170592;woman crying
113947;171715;sponge bath
113947;172391;catholic priest
113947;178977;jealous husband
113947;184161;iron lung
113947;184163;sex surrogate
113947;184167;polio
113947;186055;crying woman
113947;186060;polio victim
113947;186062;jewish man
113947;186064;true life character
113947;186070;gurney
113947;186071;sexual pleasure
113947;186076;pity sex
113947;186080;jewish convert
113947;186103;handicap sex
113947;186107;sexual exploration
113947;186110;naked woman
113947;186112;thrift store
114;549;prostitute
114;592;capitalism
114;995;cinderella
114;996;expensive restaurant
114;999;sports car
114;1022;workaholic
114;1023;fire escape
114;6054;friendship
114;12670;los angeles
114;207592;piano
114033;2356;immigrant
114033;180495;west indian
114033;180496;nicaraguan
114046;10990;three stooges
114146;154802;silent film
114146;214549;short
114333;187862;rabbit hunting
114371;779;martial arts
114371;4458;post-apocalyptic
114371;6211;fighter
114371;10247;nuclear holocaust
114371;11221;blood
114394;888;screenwriter
114394;12396;hollywood
114394;13028;writer
114638;9468;liar
114638;160362;screwball
114638;193663;marly horse
114838;10181;based on play or musical
114838;191310;virginia military institute
114888;2284;horseback riding
114888;4480;business man
114888;4953;ocean liner
114888;6167;engagement
114888;155457;screwball comedy
114888;177764;contessa
114931;187056;woman director
114958;186523;lockdown
114958;186526;toy dog
114958;186527;locked in
114958;186531;lost relationship
114958;186532;cargo airplane
114958;186535;military airplane
115;418;white russian
115;419;dude
115;420;bowling
115;422;vietnam veteran
115;1337;carpet
115;1541;nihilism
115;1786;heart attack
115;1930;kidnapping
115;5498;lsd
115;10776;marijuana
115;12670;los angeles
115;33626;millionaire
115;155291;cowboy
115;160846;ashes
115;163045;impregnation
115;167556;bowling team
115;198673;unemployed
115;200646;bowling ball
115;219881;weeds
115042;4237;water
115042;4458;post-apocalyptic
115042;10689;wasteland
115042;18034;desert
115042;155652;nuclear
115109;10617;disaster
115109;188959;plague
115111;3616;college
115111;33386;old flame
115162;155845;french noir
115162;155845;french noir
115210;9253;slapstick
115210;10049;teen angst
115210;10089;slaughter
115210;10123;dark comedy
115210;68646;supernatural being
115210;176691;killer clown
115210;191045;revenge killing
115348;470;spy
115348;818;based on novel
115348;2340;paranoia
115348;3088;bodyguard
115348;9758;deception
115348;10685;escape
115353;156212;spaghetti western
115353;160324;django
115353;185463;sartana
115373;736;journalist
115373;1326;infidelity
115373;11578;mobster
115373;207268;neo-noir
115565;1566;dream
115565;2393;adoption
115565;2483;nudity
115565;5340;investigation
115565;9826;murder
115565;10911;inheritance
115565;13028;writer
115565;13142;gangster
115565;15016;twins
115565;162342;discovery
115565;181046;european
115565;199214;mental
115834;10148;tribe
115834;195878;legionnaire
115834;195879;french foreign legion
115871;6075;sport
115873;166923;hyderabad
115873;166924;nri
115893;8201;satire
115893;154802;silent film
115893;212889;expressionist cinema
115903;6054;friendship
115903;14857;juvenile delinquent
115903;14964;drug
115903;194451;social issues
115903;207573;cine quinqui
115909;818;based on novel
115909;6152;supernatural
115909;9937;suspense
115909;10103;children
115909;10180;homosexuality
115909;11001;religion
115909;12545;mansion
115909;162846;ghost
115909;172232;seminary
116;128;love triangle
116;212;london england
116;213;upper class
116;596;adultery
116;1488;tennis
116;1489;river thames
116;9673;love
116;10329;wealth
116;14794;lust
116;162257;instructor
116;192657;gold digger
116;197092;social climbing
116;207583;actress
116008;520;chicago
116008;1749;taxi driver
116008;11290;cab driver
116014;5385;survivor
116014;11508;jewish
116155;6075;sport
116185;13142;gangster
116185;15009;criminal
1162;1741;blindness and impaired vision
1162;2470;education
1162;5565;biography
1162;6165;historical figure
1162;10508;teacher
1162;18015;tutor
1162;46959;tantrum
1162;163865;railway station
1162;198914;institution
1162;207928;19th century
1162;212739;struggle
116227;15265;howling
116227;198259;하울링
116231;187056;woman director
1163;1741;blindness and impaired vision
1163;2470;education
1163;187056;woman director
116323;198262;부러진 화살
1164;321;terror
1164;936;loss of mother
1164;1419;gun
1164;1629;morocco
1164;1635;deaf-mute
1164;1768;san diego
1164;1941;ecstasy
1164;2173;illegal immigration
1164;2201;first time
1164;2341;nanny
1164;5600;daughter
1164;14677;bullet wound
1164;159753;ensemble cast
116463;720;helicopter
116463;3888;giant spider
116463;3986;spider
116463;4210;panic
116463;158126;creature feature
116495;2559;film maker
1165;213;upper class
1165;936;loss of mother
1165;1025;great britain
1165;1647;sadness
1165;2011;queen
1165;2471;monarchy
1165;2560;paparazzi
1165;2569;prime minister
1165;2623;headline
1165;3089;oscar award
1165;3737;dying and death
1165;4308;queen elisabeth ii
1165;4831;prince charles
1165;4832;buckingham palace
1165;4833;royal family
1165;4835;lady diana spencer
116746;154802;silent film
116760;4344;musical
116760;155493;campy
116760;157141;vanity project
116811;131;italy
116811;886;film making
116811;1228;1970s
116811;220986;sound production
116853;185722;based on true events
116977;1545;supermarket
116977;1721;fight
116977;3977;product placement
116977;10159;computer animation
116977;10637;food
116979;897;rap music
116979;10714;serial killer
116979;11792;incest overtones
116979;181532;protégé
116979;181544;desolation
116979;181547;serial rapist
116979;187056;woman director
117;14899;white suit
117;155714;al capone
117;168590;tough cop
117;177354;treasury agent
117;177359;untouchable
117;177362;tax evasion
117;177364;jury tampering
117;177370;rule of law
117;177372;rooftop chase
117;177380;cutting face while shaving
117;214548;1930s
117142;190370;erotic movie
117452;187056;woman director
117478;231304;neorrealismo
117531;4344;musical
117553;255;male nudity
117553;331;tattoo
117553;387;california
117553;494;father son relationship
117553;966;beach
117553;2135;radio
117553;2398;narration
117553;3202;con man
117553;5609;nostalgia
117553;8098;calendar
117553;8233;cops
117553;8508;party
117553;8627;stolen money
117553;10303;domestic abuse
117553;10333;stalking
117553;10683;coming of age
117553;10738;diner
117553;10776;marijuana
117553;12396;hollywood
117553;13088;summer
117553;162262;movie star
117553;162842;stolen cars
117553;168115;practical joke
117553;196734;military enrollment
117553;196742;small time thugs
117553;196744;movie clips
117553;196748;live life to the fullest
117553;196751;fictionalized biography
117618;9673;love
117618;10768;lesbian
117618;12670;los angeles
117618;14659;girl
117618;33505;gothic
117905;12339;slasher
117924;387;california
117924;904;pennsylvania
117924;1700;massachusetts
117924;2393;adoption
117924;13159;chinese
117924;164734;nashville tennessee
117924;179461;newburyport massachusetts
117924;179467;berkeley california
117924;179468;interracial adoption
117924;179472;heritage
117924;179485;chinese american
117924;187056;woman director
118;212;london england
118;494;father son relationship
118;715;chocolate
118;730;factory worker
118;818;based on novel
118;970;parent child relationship
118;985;candy
118;987;overweight child
118;1158;grandfather grandson relationship
118;10508;teacher
118195;9887;surrealism
118195;165567;woman played by man
118236;407;dictator
118236;1604;operation
118236;407;dictator
118236;1604;operation
118340;8828;marvel comic
118340;9831;spaceship
118340;9882;space
118340;12405;outer space
118340;13014;orphan
118340;175428;adventurer
118340;179430;aftercreditsstinger
118340;179431;duringcreditsstinger
118340;180547;marvel cinematic universe
118390;572;sex
118390;1664;eroticism
118390;2483;nudity
118390;178649;voyeurism
118446;380;brother brother relationship
118446;179585;american civil war
118536;736;journalist
118536;2887;manipulation
118536;3734;ambition
118536;9758;deception
118536;12965;duel
118536;165282;high society
118536;186447;rogue
118536;191179;scoundrel
118536;237444;war buddies
118536;237446;jilted woman
118536;237447;manipulated woman
118792;4458;post-apocalyptic
118792;156866;based on short story
118872;802;regret
118872;3259;rose
118872;159909;veteran
118946;191820;nordic noir
118948;703;detective
119450;3077;leader
119450;4090;colony
119450;4458;post-apocalyptic
119450;4565;dystopia
119450;5774;forest
119450;9663;sequel
119450;9720;woods
119450;14759;ape
119450;14760;scientist
119450;15149;monkey
119450;158025;medical research
119450;158130;animal attack
119450;188959;plague
119450;209714;3d
119569;4289;secret agent
119569;6110;weapon
119569;8828;marvel comic
119569;9715;superhero
119569;9717;based on comic
119569;180547;marvel cinematic universe
119593;5744;governor
119593;33518;district attorney
119675;818;based on novel
119675;6562;celebrity
119675;8629;made for cable tv
119675;9672;based on true story
119675;10198;gay relationship
119675;10199;gay interest
119675;11524;in the closet
119675;14570;las vegas
119675;14641;based on memoir or autobiography
119675;33458;gay man
119675;169929;reference to liberace
119675;208289;1980s
119685;9951;alien
119685;10336;animation
119685;10568;science fiction
119687;15160;divorce
119687;34094;extramarital affair
119687;206384;desertion
119844;497;shakespeare
119907;187056;woman director
12;494;father son relationship
12;10026;harbor
12;14785;underwater
12;33759;fish tank
12;33760;great barrier reef
12;156948;missing child
12;179430;aftercreditsstinger
12;179431;duringcreditsstinger
12;180557;short term memory loss
12;180568;clownfish
12;180574;father son reunion
12;181068;protective father
120;603;elves
120;604;dwarves
120;606;orcs
120;609;middle-earth (tolkien)
120;611;hobbit
120;818;based on novel
120;1262;mountain
120;2407;fireworks
120;3098;castle
120;3347;volcano
120;4587;password
120;4959;death of a friend
120;6464;uncle
120;46951;mirror
120;177912;wizard
120;234213;sword and sorcery
120122;549;prostitute
120122;1625;emigration
120268;187056;woman director
120478;293;female nudity
120478;6095;house
120478;9712;possession
120478;9826;murder
120478;10224;haunting
120478;10424;tour guide
120478;11221;blood
120478;162846;ghost
120588;4344;musical
120771;745;nun
120771;5767;summer camp
120771;10292;gore
120771;11034;b movie
120771;11931;spoof
120771;12339;slasher
120771;161207;catholicism
120831;11109;military officer
120831;34094;extramarital affair
120831;154802;silent film
120831;186004;imperial russia
120831;193460;mother child separation
120831;236226;anna karenina
120831;236227;social scandal
120835;212;london england
120835;978;broken engagement
120835;2096;auction
120835;11411;wager
120835;41185;heiress
120835;155757;betting on horse
120835;155790;private detective
120835;158225;terrier
120835;202635;engaged
120835;207583;actress
120835;236988;pet adoption
120835;236989;grand duke
120835;236990;spendthrift
120835;236991;happy go lucky
120835;236992;black sheep
120835;236993;the derby
120837;470;spy
120837;2504;world war i
120837;10181;based on play or musical
120843;9840;romance
120843;163791;escort girl
120843;192657;gold digger
120843;197871;illicit affair
120885;178854;hardy family
120885;191107;andy hardy
120932;12617;airplane crash
120932;13032;cougar
121;603;elves
121;606;orcs
121;609;middle-earth (tolkien)
121;611;hobbit
121;818;based on novel
121;1653;explosive
121;1964;cave
121;4268;fort
121;6092;army
121;10364;mission
121;10563;attack
121;33788;guide
121;177912;wizard
121;189093;ring
121;234213;sword and sorcery
121003;3342;yacht
121003;33626;millionaire
121003;164623;chorus girl
121003;192657;gold digger
121111;572;sex
121111;3307;surreal
121111;8201;satire
121113;4344;musical
121173;4694;staged death
121173;158718;lgbt
1213;110;venice
1213;131;italy
1213;237;gay
1213;242;new york
1213;725;lovesickness
1213;848;double life
1213;851;dual identity
1213;931;jealousy
1213;1308;secret identity
1213;1605;new love
1213;1849;homicide
1213;1913;atlantic ocean
1213;2547;new identity
1213;3152;planned murder
1213;3246;prosecution
1213;3342;yacht
1213;3799;ship
1213;3843;inferiority
1213;3864;false identity
1213;4214;beguilement
1213;4951;rejection
1213;4952;inferiority complex
1213;4953;ocean liner
1213;6054;friendship
1213;10180;homosexuality
1213;10329;wealth
1213;13001;cowardliness
1213;155624;envy
121342;131;italy
121342;549;prostitute
121342;572;sex
121342;931;jealousy
121342;934;judge
121342;1382;factory
121342;2483;nudity
121342;6305;pollution
121354;818;based on novel
121354;9817;behind the scenes
121354;12193;reporter
121354;232473;whitewashing
121491;6135;pharmaceutical industry
121598;187056;woman director
121707;680;montana
121707;3020;sheep
121707;11933;conflict
121707;12440;ranchers
121707;15225;cattle
121831;187056;woman director
121835;187056;woman director
121873;1739;holocaust
121873;2606;jew
121873;2652;nazis
121873;3575;jerusalem
121873;4620;magazine
121873;5565;biography
121873;11038;trial
121873;187056;woman director
121873;190252;eichmann
121873;190253;hannah arendt
121873;192230;philosopher
121879;5783;classical music
121879;188842;quartet
121959;3593;wilderness
121959;236121;colonial america
122;603;elves
122;606;orcs
122;609;middle-earth (tolkien)
122;818;based on novel
122;3301;suspicion
122;3930;bravery
122;6091;war
122;9812;honor
122;11173;troll
122;14707;brutality
122;14819;violence
122;162846;ghost
122;173700;end of trilogy
122;207372;quest
122;234213;sword and sorcery
122019;534;mexico
122019;1899;hunger
122019;4089;hunger strike
122019;13006;torture
122019;14999;devil
122019;34079;death
122019;188266;starvation
122019;189895;depiction of god
122019;208673;starving child
122268;10092;mystery
122325;10644;melodrama
122331;4178;courtesan
122331;154802;silent film
122331;160279;18th century
122331;226480;priesthood
122341;187056;woman director
122466;9950;thriller
122515;10051;heist
122515;221945;small town thieves
122671;10508;teacher
122677;9856;flashback sequence
122677;10125;mad scientist
122677;12377;zombie
122677;157171;nonlinear timeline
122709;2172;zoo
122709;9840;romance
122709;13014;orphan
122787;15084;skull
122787;156212;spaghetti western
122787;163127;mexican
122787;186918;shooting game
122884;393;civil war
122884;9888;spanking
122884;13005;doctor
122884;18035;family
122894;2768;atlantis
122894;3347;volcano
122924;47021;bullet
123;603;elves
123;604;dwarves
123;611;hobbit
123;10364;mission
123103;570;rape
123103;3521;earthquake
123103;5096;natural disaster
123103;6941;tsunami
123105;157634;parasite
123105;163053;found footage
123109;236;suicide
123109;255;male nudity
123109;293;female nudity
123109;1366;shotgun
123109;1946;restaurant
123109;2483;nudity
123109;2669;motel
123109;3306;highway
123109;6149;police
123109;6259;psychopath
123109;9826;murder
123109;9935;travel
123109;10292;gore
123109;10714;serial killer
123109;10726;gang
123109;11221;blood
123109;12339;slasher
123109;13006;torture
123109;14541;crash
123109;14687;extreme violence
123109;14819;violence
123109;17953;country
123109;155781;trailer
123109;177673;wrecking yard
123109;180738;kiddnapping
123109;181620;tracking device
123109;214984;person in car trunk
123229;445;pornography
123229;2698;celibacy
123229;9835;sexual fantasy
123229;10700;hood
123229;237847;porn producer
123235;90;paris
123235;128;love triangle
123235;9799;romantic comedy
123235;9840;romance
123235;185368;reference to woody allen
123235;187056;woman director
123320;187056;woman director
123337;248;date
123337;6186;games
123337;11615;internet
123359;161261;demonic possession
123359;179571;tijuana
123553;290;angel
123553;3133;vampire
123553;12564;werewolf
123553;157667;warlock
123553;186420;downworlder
123553;186423;shadowhunter
123553;186425;demon hunter
123553;223438;based on young adult novel
123723;818;based on novel
123723;187056;woman director
124;1605;new love
124;1786;heart attack
124;3012;court case
124;3737;dying and death
124;4183;wife
124;6068;influence
124;6091;war
124;6155;afterlife
124;10909;lawyer
124029;1946;restaurant
124029;5890;community
124029;10235;family relationships
124029;10594;money
124071;1601;war on drugs
124071;2150;cocaine
124071;2231;drug dealer
124071;10776;marijuana
124071;33067;drug bust
124071;156805;dea agent
124071;163081;law enforcement
124085;409;africa
124085;13069;african
124111;10988;based on tv series
124111;13130;teenager
124111;162262;movie star
124111;177035;identity swap
124111;213102;teen spy
124157;159339;safecracker
124157;159343;heist movie
124157;159747;diamond theft
124157;170212;criminal gang
124157;184188;macau
124294;2533;fighter pilot
124294;10399;dogfight
124294;198245;soar into the sun
124294;198246;알투비 : 리턴투베이스
124304;604;dwarves
124304;1415;small town
124304;4129;widow
124304;10596;argentina
124304;187056;woman director
124414;10938;old man
124470;2597;bigfoot
124470;13031;creature
124470;163053;found footage
124472;187056;woman director
1245;918;newspaper
1245;1307;butler
1245;1655;country house
1245;1797;loyalty
1245;2382;flower
1245;2652;nazis
1245;11508;jewish
1245;14905;britain
1245;17997;housekeeper
1245;33360;employer
124517;10683;coming of age
124517;15216;avant-garde
124517;234720;experimental
124521;2583;blackout
124521;3203;pilot
124527;212;london england
124527;198688;trumpet player
124527;212;london england
124527;198688;trumpet player
124623;159431;voice over
124623;192185;voice acting
124633;449;yugoslavia
124633;1900;immigration
124633;2355;american dream
124633;7492;serbia
1248;1442;winter
1248;6259;psychopath
1248;8087;horror
1248;10714;serial killer
124837;15134;election
124839;490;philosophy
124839;6078;politics
124839;14893;art
124839;215603;nsk
124843;187056;woman director
1249;703;detective
1249;931;jealousy
1249;3737;dying and death
1249;4481;deceived wife
1249;4663;lovers
1249;5340;investigation
1249;5446;observer
1249;163455;super powers
124905;1299;monster
124905;7671;godzilla
124905;9714;remake
124905;11100;giant monster
124905;159099;gojira
124905;161791;kaiju
124905;206959;global threat
124905;223059;animal horror
124963;717;pope
124963;745;nun
124963;2449;black market
124963;3692;scandal
124963;10093;priest
124963;10594;money
124963;18396;catholic
124963;155539;sicilian
124963;157008;catholic church
125077;604;dwarves
125077;4896;wish
1251;1956;world war ii
1251;1964;cave
1251;3737;dying and death
1251;161246;pacific theater
1251;170007;japanese army
1251;188727;imperial japan
125141;378;prison
125141;2483;nudity
125141;15136;female homosexuality
125233;7879;secret love
125233;15136;female homosexuality
125233;15160;divorce
125233;18211;loss of loved one
125233;157912;bigotry
125233;158142;real estate agent
125233;162804;sexual awakening
125233;187056;woman director
125249;849;dc comics
125249;9715;superhero
125249;11134;espionage
125249;163455;super powers
125249;179991;movie serial
125271;233;japan
125271;730;factory worker
125271;6038;marriage
125271;13027;wedding
125271;229212;otoko wa tsurai yo
125271;229214;tora-san
1253;212;london england
1253;642;robbery
1253;2301;architect
125313;8528;ostern
125313;10123;dark comedy
125409;156321;tv movie
125413;1480;baseball
125413;155725;red sox
125413;159315;mental health
1255;1261;river
1255;1880;mobile phone
1255;3930;bravery
1255;4393;archer
1255;5600;daughter
1255;6304;sewerage
1255;6305;pollution
1255;6617;formaldehyde
1255;6618;snack bar
1255;18035;family
125513;5147;sorcery
125513;10821;sorcerer
125513;210024;anime
125521;5147;sorcery
125521;10821;sorcerer
125521;210024;anime
125623;536;israel
125623;3039;palestinian
125623;10235;family relationships
125623;18068;teenage boy
125623;184595;switched at birth
125623;187056;woman director
1257;456;mother
1257;953;guitar
1257;1156;sister sister relationship
1257;1189;profession
1257;1605;new love
1257;2301;architect
1257;2784;mother role
1257;5444;lonely hearts ad
1257;5458;men
1257;6098;clothing
1257;9457;single
1257;10707;mother daughter relationship
1257;12670;los angeles
1257;15479;fashion
1257;33479;single father
125700;2383;feminism
125700;14768;single mother
125795;7464;alcoholism
125874;745;nun
125874;1329;canada
125874;2041;island
125874;11001;religion
125874;14985;ireland
125874;161281;geologist
125874;165470;convent
125874;215121;county clare
125882;1192;sweden
125882;12987;poverty
1259;572;sex
1259;596;adultery
1259;818;based on novel
1259;977;cat
1259;1326;infidelity
1259;1328;secret
1259;1523;obsession
1259;1936;blackmail
1259;2483;nudity
1259;3182;seduction
1259;5321;studio
1259;6054;friendship
1259;6844;stalker
1259;9673;love
1259;9957;loneliness
1259;10508;teacher
1259;11937;conservative
1259;12105;student
1259;13130;teenager
1259;14534;relationship
1259;14893;art
1259;18051;female stalker
1259;34094;extramarital affair
1259;46954;journal
1259;167310;sitting on a toilet
125990;5490;girlfriend
125990;9826;murder
125990;10941;disappearance
125990;156321;tv movie
125990;207691;abuse
125990;208647;activist
126016;378;prison
126016;10073;documentary
126016;234284;dokumentation
126122;3202;con man
126122;170620;clairvoyant
126132;4715;autopsy
126132;14629;experimental film
126132;154802;silent film
126132;157256;forensic science
126132;162716;pathologist
126136;4237;water
126136;180999;drought
126136;182281;farming
126140;187056;woman director
126172;9675;prequel
126172;10310;leprechaun
1262;1992;professor
1262;2132;literature
1262;9673;love
1262;9799;romantic comedy
1262;10818;author
1262;10855;fate
1262;34079;death
1262;41589;dying
1262;155251;novelist
1262;188994;publisher
1262;215325;what if
126219;549;prostitute
126219;33720;guilt
126219;160224;post world war ii
126227;801;bounty hunter
126227;15363;bank robbery
126227;160799;posse
126432;3691;forbidden love
126432;3739;funeral
126432;4129;widow
126432;13063;car accident
126432;13149;pregnancy
126432;175421;death of husband
126432;180794;demotion
126432;192808;breach of promise
126432;208591;abortion
126550;570;rape
126550;9748;revenge
126550;157136;lynching
126560;192565;turkish
1266;6149;police
1266;12670;los angeles
1267;83;saving the world
1267;1720;tyrannosaurus rex
1267;2393;adoption
1267;2964;future
1267;4379;time travel
1267;5455;time machine
1267;5457;mythical creature
1267;6054;friendship
1267;12392;best friend
1267;18031;rescue team
1267;18035;family
126749;6009;mathematics
126749;9950;thriller
126749;180083;p=np
126777;5933;poet
126781;918;newspaper
126781;2571;tv show
126781;13005;doctor
126781;41523;brooklyn new york city
126781;219950;good samaritan
126783;5509;spanish civil war
1268;65;holiday
1268;254;france
1268;2793;film director
1268;4630;chaos
1268;5347;clumsy fellow
1268;5348;to drop brick
1268;179430;aftercreditsstinger
1269;212;london england
1269;1752;detective inspector
1269;1808;lover (female)
1269;3152;planned murder
1269;3713;chase
1269;4923;threat to death
1269;5340;investigation
1269;5439;inspector
1269;6149;police
126919;213;upper class
126919;254;france
126919;2072;chauffeur
126919;4491;marriage contract
126919;9826;murder
126919;9886;countess
126919;11200;look-alike
126919;11869;mistress
126919;159422;assumed identity
126919;162752;dowager
126919;174176;drugged drink
126919;184230;englishman abroad
126919;186009;tragic death
126919;199812;nobleman
126919;214650;rich wife
126919;224472;new life
126919;238144;young daughter
126919;238145;chateau
126919;238146;vanished man
126919;238147;morphine addict
126927;40931;witchcraft
126927;155762;swinging 60s
126929;187056;woman director
126963;10936;bingo
126963;10988;based on tv series
126963;12554;dragon
126963;14643;battle
126963;161172;gods
126963;210024;anime
127;477;train station
127;2605;lodz
127;3800;airplane
127;3817;chance
127;5271;functionary
127;5272;libya
127;6084;political party
127;12105;student
127;13008;train
127040;2251;lie
127040;4344;musical
127040;12396;hollywood
127040;184545;automobile accident
127094;10938;old man
127094;157337;inn
127094;162846;ghost
127098;210730;illusionist
127144;2217;rain
127144;3124;cloud
127144;5376;creativity
127144;6348;green
127144;8087;horror
127144;8201;satire
127144;11691;puppetry
127144;166467;surrealist
127144;187056;woman director
127144;198024;arts and crafts
127144;207507;puppet film
127144;210710;absurdist
127144;214549;short
127146;13149;pregnancy
127146;156764;pre-code
127186;180099;beatnicks
1272;83;saving the world
1272;258;bomb
1272;1670;sun
1272;1826;space marine
1272;2725;sunlight
1272;3638;solar energy
1272;4040;space mission
1272;4627;earth
1272;5442;expiration
127224;1691;dance
127224;154802;silent film
127224;179060;sioux tribe
127236;10092;mystery
127236;14989;religious
127236;170585;bell tower
127286;187056;woman director
1273;242;new york
1273;380;brother brother relationship
1273;736;journalist
1273;779;martial arts
1273;853;crime fighter
1273;1308;secret identity
1273;1852;mutant
1273;6362;turtle
1273;9673;love
1273;9717;based on comic
1273;9824;reunion
1273;12653;brother against brother
127445;187056;woman director
127585;1228;1970s
127585;1852;mutant
127585;4379;time travel
127585;8828;marvel comic
127585;9717;based on comic
127585;10761;superhuman
127585;14527;storm
127585;161271;beast
127585;179430;aftercreditsstinger
127585;206736;changing the past or future
127642;6895;philippines
127642;215397;pinoy
127642;6895;philippines
127642;215397;pinoy
1277;236;suicide
1277;255;male nudity
1277;293;female nudity
1277;351;poison
1277;477;train station
1277;572;sex
1277;725;lovesickness
1277;810;budapest
1277;931;jealousy
1277;996;expensive restaurant
1277;1227;cemetery
1277;1233;composer
1277;1244;hungary
1277;1421;birthday
1277;1605;new love
1277;1739;holocaust
1277;1799;schutzstaffel
1277;1933;nazi background
1277;1936;blackmail
1277;1946;restaurant
1277;2428;deportation
1277;2433;jew persecution
1277;2565;bath tub
1277;2606;jew
1277;2652;nazis
1277;3190;menage a trois
1277;3797;bicycle
1277;4115;longing
1277;4127;one-sided love
1277;4528;song
1277;5164;pianistin
1277;5165;champagne
1277;5166;gramophone
1277;5167;restaurant owner
1277;9748;revenge
1277;10084;rescue
1277;10144;anti semitism
1277;10850;sexual harassment
1277;13132;pistol
1277;207592;piano
127867;2486;fantasy
127867;9717;based on comic
127867;10594;money
127867;15252;magical object
127867;187056;woman director
1279;549;prostitute
1279;848;double life
1279;1522;repayment
1279;1667;pimp
1279;2634;expiation
1279;3446;forgiveness
1279;3737;dying and death
1279;4752;punter
1279;5248;female friendship
1279;5600;daughter
1279;9748;revenge
1279;14819;violence
1279;15090;police officer
1279;33625;illegal prostitution
1279;33885;car
1279;161207;catholicism
1279;190372;child sex trade
128;1721;fight
128;1994;wolf
128;5274;iron
128;5275;pan
128;5276;wild boar
128;5277;territory
128;6054;friendship
128;7376;princess
128;10842;good vs evil
128;11004;rural setting
128;210024;anime
1281;90;paris
1281;212;london england
1281;387;california
1281;822;airport
1281;1953;vault
1281;2535;destroy
1281;2598;museum
1281;3675;arts and culture
1281;4630;chaos
1281;4826;repair
1281;5347;clumsy fellow
1281;5369;guard
1281;5370;arts expert
1281;5372;host family
1281;5373;damage
1281;5374;poster
1281;5375;artwork
1281;5376;creativity
1281;5918;painting
1281;11612;hospital
1281;12670;los angeles
1281;155582;amusement park
1281;163242;teenage rebellion
1281;215404;laxative
128129;212;london england
128129;9682;history
128149;1161;brazil
128149;2483;nudity
128149;14819;violence
128149;14828;city
128151;187056;woman director
128177;2492;bank robber
1282;390;skateboarding
1282;10183;independent film
128215;160963;elderly couple
128215;172971;elderly
128215;229520;new brunswick
128237;9833;lesbian relationship
128241;9748;revenge
128241;10051;heist
128241;14604;theft
1283;5964;chinese mafia
1283;15090;police officer
1284;703;detective
1284;2534;missile
1284;6433;roulette
1284;6434;marbella
128437;9840;romance
128437;10085;betrayal
128437;185632;grudge
1285;703;detective
128564;2920;cheerleader
128564;3616;college
128564;5629;role reversal
128564;157632;fraternity
128564;161678;giant man
128564;174523;gender disguise
128564;198781;science experiment
128606;4268;fort
128606;162724;scout
128679;14629;experimental film
128679;187056;woman director
128766;10637;food
128766;18330;nature
128766;182278;farming community
128766;222097;fruit
128842;9950;thriller
128848;14571;cactus
128848;170450;lynch mob
128854;388;scotland
128854;15162;dog
128854;178869;lassie
128876;1589;sniper
128876;156642;tower block
128946;180097;henpecked husband
129;616;witch
129;970;parent child relationship
129;2343;magic
129;3762;darkness
129;4652;bath house
129;5280;ghost world
129;33465;parallel world
129;155582;amusement park
129;196509;youkai
129;207695;japanese mythology
129;210024;anime
129;228740;spirits
129009;9813;french riviera
129009;195889;poor
129009;228931;naive girl
129062;156212;spaghetti western
129229;230385;plasticine
129303;214549;short
129311;570;rape
129311;7002;vigilante
129311;9748;revenge
129415;9716;stand-up comedy
129432;187056;woman director
129820;1628;nationalism
129820;6092;army
129847;2940;mexican revolution
129847;18263;revolutionary
129847;156212;spaghetti western
129847;180210;saved from execution
129847;180211;fake nun
129847;180212;russian man
129851;2236;protection money
129851;10871;maverick
129851;156212;spaghetti western
129851;163102;crooked sheriff
129851;166571;hired killer
129933;187056;woman director
13;422;vietnam veteran
13;458;hippie
13;791;mentally disabled
13;795;running
13;818;based on novel
13;2956;vietnam
13;2957;vietnam war
13;6054;friendship
13;9673;love
13;10235;family relationships
13;10624;bully
13;157499;mother son relationship
13;162365;military
13;162934;hugging
13;166980;shrimping
13;180204;wounded soldier
13;187844;flashback
13;208143;park bench
13;215492;amputee
130150;12414;escaped convict
130150;199350;depressed mom
130267;9554;osama bin laden
130267;11219;navy seal
130374;1415;small town
130374;1820;trip
130374;5299;war correspondent
130374;225164;boyhood friend
130398;837;show business
130398;156028;broadway
130424;2679;artist
130424;9673;love
130424;9706;anthology
130424;180181;trapeze artist
130452;4344;musical
130474;5565;biography
130474;14985;ireland
130612;187056;woman director
130624;2349;german
130624;9714;remake
130804;1546;ambulance
130882;2580;shipwreck
130882;18029;trapped
130900;1809;rio de janeiro
130900;4344;musical
131027;437;painter
131027;490;philosophy
131027;1313;mental disease
131027;5565;biography
131027;5918;painting
131027;6091;war
131027;40895;illness
131074;9937;suspense
131074;195402;film noir
131116;187056;woman director
131172;745;nun
131172;165470;convent
131172;225188;abbess
131457;11612;hospital
131457;157959;surgery
131504;4344;musical
131634;2020;revolution
131634;2660;strong woman
131634;4565;dystopia
131634;157376;game of death
131634;209714;3d
131634;223438;based on young adult novel
131739;3588;navy
131739;10563;attack
131822;5565;biography
131932;2138;joke
131932;207673;freak
131932;214655;absurdism
131944;1156;sister sister relationship
131944;10235;family relationships
131944;13027;wedding
131966;1812;fbi
131966;6496;basketball
131966;11242;junkyard
131966;14964;drug
131966;18420;surveillance
132;4917;shelter
132;5282;rolling stones
132;5283;hells angels
132;6027;music
132;6029;concert
132;155710;rock musical
132;187056;woman director
132030;378;prison
132030;625;sadistic
132030;2804;exploitation
132030;11130;art house
132030;14819;violence
132064;2231;drug dealer
132064;4426;sadism
132064;10338;morphine
132064;11546;hitchhiker
132064;13006;torture
132064;14707;brutality
132064;229664;burned by boiling water
132064;237839;penis ripped off
132122;195402;film noir
132144;393;civil war
132144;6460;chile
132144;7606;dictatorship
132144;18266;south america
132144;236175;part of trilogy
132232;185408;supernatural horror
132344;612;hotel
132344;822;airport
132344;922;hotel room
132344;1200;greece
132344;1566;dream
132344;8011;greek
132344;9713;friends
132344;10818;author
132344;13028;writer
132344;14714;summer vacation
132344;15016;twins
132379;154802;silent film
132551;428;nurse
132551;2334;nightclub
132551;2696;drums
132551;10399;dogfight
132551;11719;dirty cop
132551;11734;police corruption
132551;13005;doctor
132551;170521;gynecologist
132561;789;muslim
132561;941;tradition
132561;1690;belgium
132561;6713;integration
132561;10180;homosexuality
132561;10198;gay relationship
132561;157096;homoeroticism
132561;158718;lgbt
132561;789;muslim
132561;941;tradition
132561;1690;belgium
132561;6713;integration
132561;10180;homosexuality
132561;10198;gay relationship
132561;157096;homoeroticism
132561;158718;lgbt
132883;34079;death
132883;156764;pre-code
132883;220799;black face
132912;187056;woman director
133;840;usa president
133;2419;staging
133;2946;presidential election
133;6007;media
133;6085;election campaign
133;33640;democracy
133115;10217;tourette syndrome
133115;11036;obsessive compulsive disorder
133119;2992;diva
133119;11322;female protagonist
133119;190481;broadway star
133121;4565;dystopia
133121;11221;blood
133121;12377;zombie
133121;41645;based on video game
133121;161919;adult animation
133131;8097;leukemia
133131;10163;cancer
133131;10873;school
133131;11612;hospital
133131;220363;chemotherapy
133255;34100;all black cast
133255;160159;frame up
133255;180982;radium mine
133255;34100;all black cast
133255;160159;frame up
133255;180982;radium mine
133365;2913;diary
133365;6985;anne frank
133365;11508;jewish
133365;14659;girl
133365;189422;nazi occupation
133369;6158;cult
133369;10865;new world order
133369;33688;hunting
133369;209172;corporations
133441;486;himalaya
133441;8624;climbing
133441;9356;k2
133441;160177;mountaineering
133441;209504;karakoram
133557;5565;biography
133557;12396;hollywood
133557;194568;alfred hitchcock
133569;983;brazilian
133569;8029;drama
133701;83;saving the world
133701;312;man vs machine
133701;587;amsterdam
133701;1373;killer robot
133701;10568;science fiction
133701;14946;fictional war
133741;635;disc jockey
133741;2135;radio
133741;34135;pioneer
133741;156202;late night
133741;187056;woman director
133792;5565;biography
133792;191441;nightclub entertainer
133879;157241;criminal investigation
133879;187056;woman director
133941;9758;deception
133941;9826;murder
133941;9950;thriller
133941;10768;lesbian
133941;11039;giallo
133964;6270;high school
133964;12105;student
133964;187056;woman director
134;530;prophecy
134;531;southern usa
134;532;music record
134;727;country music
134;787;mississippi
134;3182;seduction
134;4344;musical
134;4373;fraud
134126;9748;revenge
134126;10229;singer
134126;10291;organized crime
134126;33720;guilt
134126;158540;south korea
134158;4307;reggae
134158;11053;punk rock
134158;41665;anarchy
134158;192588;the roxy
134158;192589;the clash
134158;192590;the damned
134158;192591;the slits
134158;192592;siouxsie & the banshees
134158;192593;x-ray spex
134158;192594;subway sect
134158;192595;wayne county
134158;192596;sid vicious
134158;192597;johnny rotten
134238;162757;singing cowboy
134350;233;japan
134350;1462;samurai
134350;1721;fight
134350;1794;yakuza
134350;2987;gang war
134350;10292;gore
134350;11221;blood
134350;11614;filmmaker
134350;14819;violence
134350;14964;drug
134350;33490;filmmaking
134350;41410;madness
134350;191682;babes
134350;192655;guns
134350;211038;blades
134362;534;mexico
134362;2173;illegal immigration
134362;3032;suffering
134362;3929;hope
134362;6149;police
134362;13008;train
134362;173300;mexican border
134366;3335;halloween
134366;4924;insane asylum
134366;5984;dormitory
134366;6152;supernatural
134366;6255;insanity
134366;9663;sequel
134366;9826;murder
134366;10112;ouija board
134366;10224;haunting
134366;13153;spirit
134366;15043;paranormal investigation
134366;160174;mental asylum
134366;160517;fake documentary
134366;162846;ghost
134366;163053;found footage
134366;190007;mental hospital
134368;796;police brutality
134368;11730;internal affairs
134368;15271;interrogation
134368;33421;crime family
134368;167915;hostess
134374;416;miami
134374;11454;scam
134374;14536;crime
134374;155547;weight lifting
134374;161320;weightlifting
134374;179431;duringcreditsstinger
134409;5565;biography
134409;176561;spiritualism
134409;5565;biography
134409;176561;spiritualism
134411;494;father son relationship
134411;9672;based on true story
134415;158416;boy and dog
134569;977;cat
134569;2394;ghetto
134569;5318;seoul
134569;13153;spirit
134597;3070;mercenary
134597;8508;party
134597;9663;sequel
134597;10292;gore
134597;10685;escape
134597;10714;serial killer
134597;11040;masked killer
134597;11060;trap
134881;187056;woman director
135;392;england
135;953;guitar
135;2570;rock star
135;3490;pop star
135;4048;musician
135;5286;bob dylan
135;5287;tour
135;5288;rock
135;5289;private life
135;6029;concert
135;193749;folk
135;201768;cinéma vérité
135;219892;donovan
135161;5565;biography
135198;163208;singapore
135200;242;new york
135200;14534;relationship
135200;208793;romantic entanglements
135204;470;spy
135204;9887;surrealism
135204;9956;sausage
135204;13015;terrorism
135312;6966;film history
135312;181235;color
135312;181237;image processing
135362;3156;brotherhood
135362;4373;fraud
135362;10085;betrayal
135362;164810;religious fundamentalism
135545;187056;woman director
135579;187056;woman director
135647;6396;worm
135647;162881;raccoon
135659;2987;gang war
135659;10291;organized crime
135659;159949;neo nazi
135659;168359;police surveillance
135659;191794;weapons dealer
1358;6012;physics
1358;190947;stephen hawking
1359;818;based on novel
1359;5636;wall street
1359;6259;psychopath
1359;174075;white collar
1359;174076;harvard business school
1359;174085;child of divorce
1359;174089;unreliable narrator
1359;187056;woman director
1359;217076;voice imitation
135921;156095;british secret service
136;291;circus
136;604;dwarves
136;1326;infidelity
136;2013;attempted murder
136;3199;clown
136;3258;beauty
136;5786;siamese twins
136;9748;revenge
136;11487;midnight movie
136;156578;newlywed
136;157912;bigotry
136;162735;disability
136;163075;sideshow
136;171826;told in flashback
136;172497;speech impediment
136;180181;trapeze artist
136;184807;stutterer
136;215217;armless woman
136;229440;midgets
136;235594;bareback rider
136;235595;legless man
136;235596;poisoned drink
136;235597;pseudo-hermaphrodite
136;235598;bearded lady
136;235599;microcephalics
136;235600;controversial film
136;235601;human skeleton
136058;187056;woman director
136070;158189;wetting pants
136080;9937;suspense
1361;603;elves
1361;606;orcs
1361;611;hobbit
1361;617;shire
1361;33787;tower
136190;9937;suspense
1363;3365;pearl harbor
1363;155291;cowboy
1363;158605;falling off horse
1363;158606;pickup truck
1363;158607;horse riding accident
1363;158615;cattle ranch
136311;10332;salesman
136311;18034;desert
136437;4048;musician
136437;10198;gay relationship
136437;158718;lgbt
1365;531;southern usa
1365;828;waitress
1365;970;parent child relationship
1365;987;overweight child
1365;1452;loss of child
1365;1605;new love
1365;6059;unsociability
1365;6325;ethnic stereotype
1365;10183;independent film
1365;11263;electric chair
1365;160910;xenophobia
136572;612;hotel
136572;972;refugee
136576;629;sicily
136576;11199;undercover cop
136576;11578;mobster
136616;187056;woman director
136698;1576;technology
136698;2157;hacker
136698;2884;asylum
136698;5565;biography
136698;33501;political
136698;155555;computer hacker
136752;430;venezuela
136752;15320;insecurity
136752;40850;destiny
136752;194138;random
136752;194139;day by day
136762;10267;comedy
1368;378;prison
1368;422;vietnam veteran
1368;769;falsely accused
1368;796;police brutality
1368;798;sheriff
1368;1008;guerrilla
1368;1375;submachine gun
1368;1419;gun
1368;2535;destroy
1368;2801;self-defense
1368;2956;vietnam
1368;2957;vietnam war
1368;3246;prosecution
1368;3737;dying and death
1368;4668;police operation
1368;5034;attempt to escape
1368;5144;matter of life and death
1368;5385;survivor
1368;5386;tramp
1368;5387;national guard
1368;6110;weapon
1368;6112;firearm
1368;6149;police
1368;10685;escape
1368;11004;rural setting
136850;10768;lesbian
136850;187056;woman director
136850;208508;murder plot
136884;220011;nuclear testing
1369;279;usa
1369;422;vietnam veteran
1369;1375;submachine gun
1369;1563;prisoner
1369;1968;prisoners of war
1369;2019;liberation of prisoners
1369;2434;liberation
1369;2956;vietnam
1369;2957;vietnam war
1369;3713;chase
1369;4276;machinegun
1369;4595;u.s. army
1369;5774;forest
1369;6025;photography
1369;6086;government
1369;6091;war
1369;9748;revenge
1369;13065;soldier
1369;33705;agent
1369;197602;denunciation
136902;34079;death
136966;1556;texas
136966;14574;rancher
136966;15225;cattle
136966;162757;singing cowboy
137;563;deja vu
137;901;groundhog
137;902;weather forecast
137;903;telecaster
137;904;pennsylvania
137;905;alarm clock
137;1442;winter
137;1521;time warp
137;10854;time loop
137;34117;cult film
137;181324;existentialism
137;220046;groundhog day
1370;271;competition
1370;1375;submachine gun
1370;2111;soviet union
1370;2434;liberation
1370;2808;russian
1370;3055;soviet troops
1370;3434;thailand
1370;3538;freedom fighter
1370;3541;afghanistan
1370;4269;war on freedom
1370;4276;machinegun
1370;5389;mujahid
1370;10328;reality show
1370;10511;western
1370;161048;japanese food
1370;168622;soap opera
137008;18330;nature
137008;175985;landscape
137008;221355;nature documentary
1371;396;transporter
1371;1482;trainer
1371;2792;boxer
1371;3737;dying and death
1371;4487;boxing match
1371;4610;comeback
1371;4613;training
1371;5378;world champion
1371;5379;challenger
1371;5394;rematch
1371;6066;defeat
1371;6067;victory
1371;6075;sport
1371;9748;revenge
1371;10232;fame
1371;10329;wealth
137174;1556;texas
137174;2296;border patrol
137174;5490;girlfriend
137174;8224;cannabis
137174;11264;border guard
137174;12425;racism
137174;13130;teenager
137174;41334;hispanic
1372;526;rebel
1372;736;journalist
1372;917;journalism
1372;1465;loss of family
1372;2831;slavery
1372;3070;mercenary
1372;3379;diamond mine
1372;5417;sierra leone
1372;5419;bootlegger
1372;5420;fisherman
1372;5422;special unit
1372;6212;smuggling
1372;33617;genocide in rwanda
1372;158455;oppression
1373;290;angel
1373;488;moses
1373;494;father son relationship
1373;536;israel
1373;587;amsterdam
1373;588;rome
1373;701;cuba
1373;1605;new love
1373;1872;loss of father
1373;2013;attempted murder
1373;3190;menage a trois
1373;3648;archangel gabriel
1373;3658;career
1373;3725;pregnancy and birth
1373;3737;dying and death
1373;4073;apoplectic stroke
1373;4116;heaven
1373;4663;lovers
1373;4942;victim of murder
1373;5403;wehrmacht
1373;5404;meteor
1373;6078;politics
1373;6083;politician
1373;9649;god
1373;9826;murder
1373;13027;wedding
1373;14760;scientist
1373;14765;church
1373;161207;catholicism
1373;170652;father figure
1373;194063;messiah
137347;15363;bank robbery
1374;279;usa
1374;396;transporter
1374;1014;loss of lover
1374;2106;cold war
1374;2111;soviet union
1374;2792;boxer
1374;3278;kgb
1374;3737;dying and death
1374;3861;loss of powers
1374;4487;boxing match
1374;4613;training
1374;5144;matter of life and death
1374;5396;sibiria
1374;6054;friendship
1374;6067;victory
1374;6075;sport
1374;9748;revenge
137409;6691;drug scene
137409;11148;police chase
137475;9663;sequel
137475;207317;christmas
137484;8508;party
137484;13149;pregnancy
137484;199686;near-death experience
1375;276;philadelphia
1375;396;transporter
1375;494;father son relationship
1375;843;cataclysm
1375;1482;trainer
1375;2062;restart
1375;2298;bankrupt
1375;2792;boxer
1375;3614;disappointment
1375;3658;career
1375;4487;boxing match
1375;4613;training
1375;5378;world champion
1375;5379;challenger
1375;5397;street riots
1375;5398;sponsorship
1375;5399;challenge
1375;5400;champion
1375;5401;tax consultant
1375;5402;boxing school
1375;6049;praise
1375;6054;friendship
1375;6075;sport
1375;170652;father figure
137563;4470;punk
137563;11053;punk rock
137563;18001;rock band
137563;33899;rockumentary
137563;173919;punk band
1376;892;glasgow
1376;1155;brother sister relationship
1376;1525;puberty
1376;2231;drug dealer
1376;2671;heroin
1376;9457;single
1376;9826;murder
1376;10508;teacher
1376;33479;single father
137646;187056;woman director
1377;970;parent child relationship
1377;1922;houseboat
1377;2283;ball
1377;2341;nanny
1377;2516;boat wedding
1377;4034;class society
1377;33479;single father
137757;6154;hell
137757;14999;devil
137757;154802;silent film
137757;210486;colorized
137757;211467;trick film
1378;237;gay
1378;242;new york
1378;460;free love
1378;463;swinger club
1378;571;transsexuality
1378;572;sex
1378;826;heterosexual
1378;1252;suicide attempt
1378;1664;eroticism
1378;2426;group sex
1378;3201;orgasm
1378;3456;sex therapy
1378;4697;video
1378;7089;dominatrix
1378;10180;homosexuality
1378;12420;unsimulated sex
137853;886;film making
137853;10183;independent film
137853;14760;scientist
137853;187983;amateur film
137853;200353;amateur actor
137853;206798;sci-fi fan
137859;1562;hostage
137859;1930;kidnapping
137859;234281;homecoming soldier
137968;5349;surfing
137968;6075;sport
138;272;transylvania
138;818;based on novel
138;1299;monster
138;3098;castle
138;3133;vampire
138;3633;dracula
138;3986;spider
138;6932;count
138;10181;based on play or musical
138;10327;undead
138;10482;sanitarium
138;155489;classic horror
138;193227;lunatic
1380;390;skateboarding
1380;12670;los angeles
1380;33355;skateboard
138022;187056;woman director
138022;187056;woman director
138122;10540;bollywood
138122;229609;musical acts
1382;380;brother brother relationship
1382;5500;playground
1382;10183;independent film
1382;15128;sex talk
1382;15478;art gallery
1382;18013;separation
1382;157791;self mutilation
1382;170569;shoe salesman
1382;175894;chat session
1382;176485;female artist
1382;176486;meeting on the internet
1382;176488;hope chest
1382;187056;woman director
138202;187056;woman director
138372;572;sex
138372;15299;detention
138372;18712;based on graphic novel
138372;185158;preparatory school
138376;417;corruption
138376;189204;water purification
138376;189207;epiphany
138376;189208;ecuador
138376;189212;natural resources
138376;189213;field agent
138376;189215;water conflict
138376;189216;eco thriller
138394;161817;monty python
138486;10563;attack
138486;160522;wagon train
138486;162722;indian attack
138496;1353;underground
138496;1706;experiment
138496;5657;australia
138496;15218;special forces
1387;2324;bulimia
1387;5462;barbie
1387;5463;the carpenters
1387;6438;anorexia
138752;14893;art
138752;15216;avant-garde
1389;736;journalist
1389;3303;bedroom
1389;8806;purse
1389;9098;trunk
1389;155552;elmore leonard
139058;15086;advertising
1391;534;mexico
1391;572;sex
1391;966;beach
1391;2426;group sex
1391;3230;male friendship
1391;7312;road trip
1391;10683;coming of age
1391;13130;teenager
1391;158718;lgbt
1391;209987;new mexican cinema
139195;6129;company
139195;8508;party
1392;549;prostitute
1392;4750;red-light disctrict
1392;6019;human trafficking
1392;33485;calcutta
1392;33625;illegal prostitution
1392;187056;woman director
139329;478;china
139329;180999;drought
1394;131;italy
1394;4237;water
1394;6711;crisis
1394;41410;madness
1394;169637;immolation
1394;225209;dreams
1394;225210;memories
139455;175388;killer santa claus
139455;186463;holiday horror
139455;186466;christmas horror
139463;2505;coronation
139463;9085;rolls royce
139521;14636;india
139521;17947;farmland
139521;220486;class warfare
139521;220487;rich vs poor
139521;220488;delirium tremens
139567;2733;firemen
139567;4009;witness protection
139567;9826;murder
139567;11207;u.s. marshal
1396;197170;memoirs
139651;5565;biography
139715;6270;high school
139715;10183;independent film
139715;12377;zombie
139715;14687;extreme violence
139799;995;cinderella
139799;2283;ball
139799;3071;prince
139799;4235;duke
139799;4344;musical
1398;4896;wish
1398;5369;guard
1398;6844;stalker
1398;9951;alien
1398;10128;strugatsky
1398;13065;soldier
1398;199047;zone
14;255;male nudity
14;293;female nudity
14;596;adultery
14;970;parent child relationship
14;1599;midlife crisis
14;1862;coming out
14;2201;first time
14;2249;camcorder
14;2389;virgin
14;2483;nudity
14;2559;film maker
14;2918;estate agent
14;8201;satire
14;9957;loneliness
14;10123;dark comedy
14;10532;suburbia
14;10683;coming of age
14;10776;marijuana
14;33611;exercise
14;224279;bittersweet
14;229299;affair
140;30;individual
140;108;transvestism
140;237;gay
140;514;spain
140;566;sexual identity
140;571;transsexuality
140;726;drug abuse
140;739;sexual abuse
140;744;madrid
140;774;film business
140;776;screenplay
140;6054;friendship
140;6271;boarding school
140;10093;priest
140;10508;teacher
140;161207;catholicism
140174;582;san francisco
140174;3859;alcatraz
140174;12377;zombie
140174;14674;vaccine
140208;254;france
140208;255;male nudity
140208;10198;gay relationship
140208;10199;gay interest
140208;171808;older man younger man relationship
140208;193301;sleeping on a couch
140212;10586;korea
140222;2957;vietnam war
140222;33564;u.s. soldier
140222;165431;anti war
140222;169123;awol
140222;222811;win girl back
140383;9840;romance
140383;11707;suitor
140413;1599;midlife crisis
140413;2653;drugstore
140441;233;japan
140441;192214;online
140441;220217;ringu
140441;220218;cursed videos
140443;1452;loss of child
140443;6212;smuggling
140443;208400;foster care
140447;187056;woman director
140465;567;alcohol
140465;947;prohibition
140465;10446;booze
140465;187056;woman director
140481;213;upper class
140481;279;usa
140481;12547;billionaire
140481;14737;economics
140481;159930;inequality
140481;188667;park avenue
140481;195889;poor
140481;220314;wealth differences
140491;14909;alien invasion
1405;1321;gold
1405;4258;lottery
1405;6038;marriage
1405;9826;murder
1405;10594;money
1405;10614;tragedy
1405;12987;poverty
1405;13027;wedding
1405;33685;gold mine
1405;33780;dentist
1405;34079;death
1405;208262;lottery ticket
140509;1930;kidnapping
140509;2073;illiteracy
140509;2172;zoo
140509;11335;tape recorder
140509;205834;textbook
140519;176793;middle age
140527;14629;experimental film
1406;5458;men
1406;5692;stetson
1406;6876;vacation
1406;9930;prairie
1407;4344;musical
1407;4528;song
1407;5565;biography
1407;164077;performer
1407;164090;audience
1407;164092;blindness
1407;164098;cat call
1407;164104;national anthem
140733;9253;slapstick
1408;911;exotic island
1408;1454;treasure
1408;1969;map
1408;3799;ship
1408;5470;scalp
1408;12988;pirate
140818;1454;treasure
140818;5895;viking
140818;15012;ancient history
140818;33514;clue
140818;179101;norse mythology
140818;230917;vikings
140870;2406;picnic
140870;3126;ant
140870;10336;animation
140870;14946;fictional war
140870;18330;nature
140870;174814;ladybug
140870;187056;woman director
140934;187056;woman director
141;970;parent child relationship
141;3800;airplane
141;4379;time travel
141;5674;school presentation
141;7358;school performance
141;10532;suburbia
141;10629;vision
141;11011;morality
141;13130;teenager
1410;310;artificial intelligence
1410;3925;boredom
1410;11487;midnight movie
1410;236316;anarchic comedy
141010;9748;revenge
141010;194062;wells fargo
141052;849;dc comics
141052;9717;based on comic
141052;163455;super powers
141052;229266;dc extended universe
141058;345;monk
141058;5895;viking
1411;572;sex
1411;1664;eroticism
1411;2426;group sex
1411;3036;bible
1411;3684;religion and supernatural
1411;6150;faith
1411;6548;the rapture
1411;10062;religious conversion
1411;10150;end of the world
1411;12332;apocalypse
1411;12654;armageddon
1411;161264;religious fanatic
141102;65;holiday
141131;779;martial arts
1412;459;sexual obsession
1412;572;sex
1412;738;sexuality
1412;2249;camcorder
1412;2874;spanner
1412;3201;orgasm
1412;3297;videoband
1412;4115;longing
1412;4316;safe sex
1412;4434;interview
1412;178649;voyeurism
1413;478;china
1413;164920;opera singer
1415;242;new york
1415;612;hotel
1415;818;based on novel
1415;1421;birthday
1415;1822;bath
1415;2334;nightclub
1415;2441;donut
1415;3298;hallucination
1415;4328;costume
1415;4958;injection
1415;4959;death of a friend
1415;5638;arrest
1415;6149;police
1415;8508;party
1415;9713;friends
1415;10183;independent film
1415;10200;man man relationship
1415;10594;money
1415;14964;drug
141520;187056;woman director
1416;570;rape
1416;658;sea
1416;1014;loss of lover
1416;1155;brother sister relationship
1416;2286;border
1416;5477;mistake
1416;6110;weapon
1416;6255;insanity
1416;9826;murder
1417;514;spain
1417;836;resistance
1417;964;servant
1417;2095;anti hero
1417;2710;fairy
1417;3205;fairy tale
1417;5882;franco regime
1417;6092;army
1417;7376;princess
1417;9673;love
1417;9720;woods
1417;13084;king
1417;18028;hiding
1417;18129;labyrinth
1417;207003;mythological
141714;5647;natural history
141733;572;sex
141733;1329;canada
141733;1459;marriage proposal
141733;4707;canoe
141733;5774;forest
141733;6149;police
141733;9826;murder
141733;10292;gore
141733;10776;marijuana
141733;11221;blood
141733;11492;smoking marijuana
141733;11826;cottage
141733;13063;car accident
141733;14819;violence
141733;14882;ontario canada
141733;15483;car chase
141733;18101;bow and arrow
141733;157758;axe murder
141733;158169;remote
141733;162413;wood chopping
141733;167095;disposing of a dead body
141733;207446;comedy of errors
141733;210654;mushrooms
141733;221095;lakefront
141733;223198;uninvited guest
141733;225938;axe
141757;4183;wife
141757;4320;lover
141757;10392;mute
141757;173719;haunted by the past
141868;34145;beach house
141868;163005;adrift
1419;699;love at first sight
1419;823;cologne
1419;1361;salesclerk
1419;1599;midlife crisis
1419;1880;mobile phone
1419;5483;coffee shop
1419;5776;egomania
1419;6029;concert
1419;12392;best friend
142;237;gay
142;548;countryside
142;1013;homophobia
142;1014;loss of lover
142;1016;wyoming
142;1019;rodeo
142;2123;father murder
142;2284;horseback riding
142;3010;intolerance
142;5600;daughter
142;5809;marriage crisis
142;7879;secret love
142;155291;cowboy
142;165086;star crossed lovers
1420;108;transvestism
1420;212;london england
1420;237;gay
1420;571;transsexuality
1420;640;travestie
1420;936;loss of mother
1420;1228;1970s
1420;1499;pastor
1420;10180;homosexuality
1420;13149;pregnancy
1420;14985;ireland
142012;417;corruption
142012;5340;investigation
142012;6149;police
142064;9715;superhero
142064;163455;super powers
142064;179102;superhuman strength
1421;90;paris
1421;515;women
1421;549;prostitute
1421;1338;bachelor
1421;1808;lover (female)
1421;2336;ladykiller
1421;3188;heart-throb
1421;10818;author
1421;34094;extramarital affair
142115;4344;musical
142168;187056;woman director
1422;1568;undercover
1422;1680;boston
1422;6149;police
1422;9713;friends
1422;10391;mafia
1422;11199;undercover cop
1422;11578;mobster
1422;14617;mole
1422;177235;state police
1422;177258;police training
1422;177259;realtor
142254;236;suicide
142254;5565;biography
142478;9817;behind the scenes
142478;164657;perfectionist
142478;167925;employer employee relationship
142507;567;alcohol
142507;1523;obsession
142507;2158;maze
142507;2300;despair
142507;6262;delusion
142507;14964;drug
142507;169635;psychological drama
142507;222317;imagined entrapment
142507;222318;coping mechanisms
1428;417;corruption
1428;591;cia
1429;378;prison
1429;1563;prisoner
1429;1566;dream
1429;2231;drug dealer
1429;2334;nightclub
1429;2355;american dream
1429;3230;male friendship
1429;4232;melancholy
1429;5490;girlfriend
1429;6054;friendship
1429;179430;aftercreditsstinger
143;74;germany
143;260;disillusion
143;2504;world war i
143;6092;army
143;10075;boot camp
143;10141;battlefield
143;11139;steel helmet
143;18543;combat
143;33638;warfare
143;188725;trenches
143;227807;young soldier
143;235080;battlefield trauma
1430;279;usa
1430;1329;canada
1430;1419;gun
1430;1849;homicide
1430;4277;to shoot dead
1430;5037;checks and balances
1430;7548;columbine
1430;11068;oklahoma city bombing
1430;163656;gun violence
1430;187554;person running amok
143049;366;sex-shop
143049;496;poetry
143049;206298;young adult
143049;215193;college graduate
143049;221829;hero worship
143049;221830;college debt
143098;187056;woman director
143277;154802;silent film
1433;258;bomb
1433;572;sex
1433;1721;fight
1433;2483;nudity
1433;6091;war
1433;6152;supernatural
1433;6783;orphanage
1433;9748;revenge
1433;9826;murder
1433;10624;bully
1433;13073;fear
1433;14601;explosion
1433;157194;spanish
143335;5565;biography
143355;449;yugoslavia
143355;1662;bosnia and herzegovina
143355;1956;world war ii
143355;15182;partisan
143355;449;yugoslavia
143355;1662;bosnia and herzegovina
143355;1956;world war ii
143355;15182;partisan
143547;3352;tree
143547;4183;wife
143547;5923;sister
143547;9872;grief
143547;10322;native american
143547;13092;corpse
1439;393;civil war
1439;494;father son relationship
1439;1319;east india trading company
1439;2052;traitor
1439;2122;death penalty
1439;3434;thailand
1439;3998;palace
1439;5499;burma
1439;5600;daughter
1439;9920;royalty
1439;10508;teacher
1439;14643;battle
1439;197602;denunciation
143959;187056;woman director
144;220;berlin
144;290;angel
144;291;circus
144;292;berlin wall
144;295;library
144;1566;dream
144;4978;immortality
144;211431;mortality
1440;390;skateboarding
1440;456;mother
1440;579;american football
1440;596;adultery
1440;1157;wife husband relationship
1440;1415;small town
1440;1664;eroticism
1440;1950;vororte
1440;2337;pedophilia
1440;3090;loser
1440;3256;infant
1440;3451;housewife
1440;4029;bourgeoisie
1440;4481;deceived wife
1440;5500;playground
1440;5501;stay-at-home dad
1440;5502;castration
1440;6259;psychopath
1440;8440;ex-cop
1440;10103;children
1440;10707;mother daughter relationship
1440;18130;psychopathy
1440;33451;masturbation
1440;34094;extramarital affair
144092;5800;geek
144092;5801;nerd
144092;9716;stand-up comedy
1441;840;usa president
1441;2013;attempted murder
1441;2708;hitman
1441;3045;mission of murder
1441;3152;planned murder
1441;10714;serial killer
1441;18525;fbi agent
144206;612;hotel
144206;966;beach
144206;8087;horror
144206;9714;remake
144206;207056;rambler
144206;207057;ill wife
144206;207058;carer
144288;3070;mercenary
144288;5147;sorcery
144288;7944;manga
144288;9725;sword fight
144288;11221;blood
144288;15001;demon
1443;933;michigan
1443;1228;1970s
1443;14751;youth
1443;18035;family
1443;187056;woman director
144336;10175;drug cartel
144336;186281;dea
144340;2307;princeton university
144340;208744;admissions
144344;156212;spaghetti western
144390;4434;interview
144390;5565;biography
144390;159983;entrepreneurship
144390;185507;startup
144390;185508;vimeo
144390;185509;soundcloud
144390;185510;dropbox
144390;185511;founder
144390;185512;foodspotting
144390;187056;woman director
1444;10041;dysfunctional family
1444;10061;dysfunctional marriage
1444;10183;independent film
1444;13149;pregnancy
1444;40917;in-laws
1444;155795;art dealer
1444;164181;sister-in-law
1444;220195;daughter–in–law
1444;234417;newlyweds
144444;242;new york
144444;1552;subway
144444;154802;silent film
144444;177489;subway train
144498;173186;teenage pregnancy
144610;779;martial arts
144610;780;kung fu
144610;6149;police
144610;10391;mafia
144610;41383;triad
144676;591;cia
144676;156039;space station
144680;390;skateboarding
144680;178873;skateboarder
144686;185505;film student
144712;207317;christmas
144784;378;prison
144784;11869;mistress
144784;15111;drinking
144784;165364;barge
144784;190477;cotton
1448;2858;sacrifice
1448;3133;vampire
1448;3185;crocodile
1448;5439;inspector
1448;5503;civil engineer
1448;5504;asthma
1448;9840;romance
1448;159401;misdirection
144852;190483;bowery boys
144910;1415;small town
144910;8201;satire
144910;10123;dark comedy
144910;13065;soldier
144910;162993;dark humor
144910;191110;army base
144942;33885;car
144942;167043;road movie
144942;185375;top gear
144942;33885;car
144942;167043;road movie
144942;185375;top gear
144982;3458;bartender
144982;159607;grifter
145;240;underdog
145;388;scotland
145;549;prostitute
145;856;paraplegic
145;941;tradition
145;946;excommunication
145;1002;authority
145;1330;social coercions
145;3679;society
145;3737;dying and death
145;6150;faith
145;6157;prayer
145;6193;world religion
145;9649;god
145;10093;priest
145;10183;independent film
145;10707;mother daughter relationship
145;14765;church
145;158558;disabled
145;181011;oil platform
1450;4518;postwar period
1450;6092;army
145066;3371;family history
145066;10508;teacher
145132;2673;horse
145162;186060;polio victim
145220;4344;musical
145220;12998;the muppets
145312;65;holiday
145312;12663;little girl
145312;167656;rich parents
145312;186914;letter to santa claus
145312;187084;wishes come true
145312;190190;rich girl
145312;196450;christmas story
146;334;flying
146;779;martial arts
146;2063;taskmaster
146;4575;comb
146;4809;tiger
146;5293;desert thief
146;14604;theft
146;18432;female martial artist
146072;9715;superhero
146072;163455;super powers
146184;187056;woman director
146198;10051;heist
146198;10085;betrayal
146198;11719;dirty cop
146198;10051;heist
146198;10085;betrayal
146198;11719;dirty cop
146216;90;paris
146216;212;london england
146216;591;cia
146216;2139;russia
146216;14555;mi6
146216;166571;hired killer
146216;182185;exploding airplane
146238;395;gambling
146238;585;casino
146238;5305;gambling debts
146238;11719;dirty cop
146238;163682;puerto rico
146301;321;terror
146301;6152;supernatural
146301;9663;sequel
146301;15001;demon
146301;163053;found footage
146301;207317;christmas
146301;209714;3d
146313;11320;tenant
146313;13028;writer
146380;3598;ax
146380;4007;jack the ripper
146380;5774;forest
146380;9826;murder
146380;10292;gore
146380;11181;decapitation
146380;11221;blood
146380;15394;hatchet
146404;994;paralympics
146404;1279;medicine
146404;2367;rehabilitation
146404;5565;biography
146449;3692;scandal
146449;6464;uncle
146449;6894;aunt
146449;10911;inheritance
146712;65;holiday
146712;207317;christmas
146730;154802;silent film
146926;679;cyborg
146926;779;martial arts
146926;11772;cage fighting
146946;156948;missing child
146970;156212;spaghetti western
147055;10181;based on play or musical
147055;186932;cirus
147106;2493;oklahoma
147106;5905;father
147106;10590;oil
147132;9840;romance
147132;155651;fall in love
147132;207317;christmas
147441;488;moses
147441;3036;bible
147441;157894;ancient egypt
147441;209714;3d
147441;211105;ramses
147621;2052;traitor
147621;2799;cruise
147621;9683;lieutenant
147621;11095;cruise ship
147692;9663;sequel
147698;378;prison
147698;5565;biography
147698;187056;woman director
147726;701;cuba
147746;154802;silent film
147746;211467;trick film
147829;14906;slave
147841;701;cuba
147841;181214;salsa
147843;392;england
147843;1415;small town
147843;1956;world war ii
147843;186947;pregnant girl
1479;222;schizophrenia
1479;321;terror
1479;572;sex
1479;2340;paranoia
1479;2393;adoption
1479;5340;investigation
1479;5600;daughter
1479;9826;murder
1479;14536;crime
1479;40895;illness
1479;162807;noise
1479;199214;mental
1479;202644;voices
1479;202647;humanity
1479;202648;fragmented
1479;202649;psyche
147903;34139;railroad
147903;160799;posse
147923;187056;woman director
148;428;nurse
148;449;yugoslavia
148;730;factory worker
148;875;dubrovnik
148;894;depression
148;1014;loss of lover
148;1327;war crimes
148;1382;factory
148;3737;dying and death
148;13006;torture
148;181011;oil platform
148;187056;woman director
148;227510;hearing impaired
1480;612;hotel
1480;1411;brothel
1480;2286;border
1480;2620;evidence
1480;2676;honeymoon
1480;5340;investigation
1480;5616;united states–mexico barrier
1480;7336;car bomb
1480;163127;mexican
1480;195402;film noir
148284;128;love triangle
148284;310;artificial intelligence
148284;803;android
148284;1373;killer robot
148284;14544;robot
148284;14760;scientist
148284;163129;dual role
148284;214820;robot human relationship
148284;220903;humanoid robot
1483;1541;nihilism
1483;3125;razor
1483;3725;pregnancy and birth
1483;5548;bizarre
1483;5919;necrophilia
1483;9720;woods
1483;9887;surrealism
1483;10183;independent film
1483;10292;gore
1483;14629;experimental film
1483;33489;transcendence
1483;34117;cult film
1483;156596;no dialogue
1483;157791;self mutilation
1483;181544;desolation
1483;209798;mother earth
148357;802;regret
148357;3182;seduction
148357;5885;childlessness
148357;9094;womanizer
148357;10614;tragedy
148357;13005;doctor
148357;33518;district attorney
148357;154802;silent film
148357;157107;court trial
148357;169964;devastation
148357;173490;unwanted pregnancy
148357;187056;woman director
148357;194451;social issues
148357;208591;abortion
148357;233353;birth control
148357;237797;secretive wife
148357;237798;society women
148357;237799;disgrace
1484;1468;child murderer
1484;6148;court
148410;2676;honeymoon
148410;190901;perry mason
148434;156212;spaghetti western
148478;2231;drug dealer
148478;6517;young people
148478;11494;drug use
148478;13130;teenager
148478;14751;youth
1485;2708;hitman
1485;6731;british
1485;155453;gritty
148675;4144;donkey
148675;14783;false accusations
1487;4252;black magic
1487;5572;fistfight
1487;9665;cover-up
1487;9715;superhero
1487;11627;paranormal phenomena
1487;12208;narration from grave
1487;15001;demon
1487;156174;occult
1487;174406;combat photography
1487;174413;reanimated corpse
1487;179431;duringcreditsstinger
148777;15479;fashion
148777;176876;fashion magazine
148807;2356;immigrant
148807;33549;displacement
148807;221021;diary film
148811;7360;lithuania
149;83;saving the world
149;464;total destruction
149;467;megacity
149;542;street gang
149;1353;underground
149;1402;general
149;1485;stadium
149;1706;experiment
149;1815;atomic bomb
149;2766;mutation
149;4565;dystopia
149;6092;army
149;12190;cyberpunk
149;14736;motorcycle gang
149;210024;anime
149026;708;runaway
149026;5198;cold
149026;14828;city
149026;15295;confrontation
149114;2831;slavery
149114;5565;biography
149114;7658;kansas
149114;209070;abolitionist
149150;187056;woman director
149170;90;paris
149170;1326;infidelity
149180;156212;spaghetti western
149218;9840;romance
1493;4654;undercover agent
1493;5496;beauty contest
1493;13015;terrorism
149320;393;civil war
149320;2075;alabama
149320;12425;racism
149320;233016;segregation
149474;2486;fantasy
149474;4414;adventure
149474;161257;medieval
1495;2868;crusade
1495;6917;epic
1495;10466;knight
1495;10491;swordsman
1495;14656;order of the templars
1495;14989;religious
1495;208681;knight templars
1495;222337;saladin
1495;222340;king richard
1497;853;crime fighter
1497;1721;fight
1497;1852;mutant
1497;6362;turtle
1497;10278;ninja
1497;12193;reporter
1497;14512;new york city
149786;146946;death in family
149786;207317;christmas
1498;390;skateboarding
1498;779;martial arts
1498;1852;mutant
1498;3330;pizza delivery
1498;10278;ninja
1498;14512;new york city
149832;3205;fairy tale
149883;918;newspaper
149883;9716;stand-up comedy
1499;233;japan
1499;4379;time travel
1499;10278;ninja
149946;187056;woman director
15;736;journalist
15;918;newspaper
15;1196;florida
15;2110;capitalist
15;3515;banker
15;3587;media tycoon
15;3660;art collector
15;3661;sleigh
15;10594;money
15;208349;child
150;378;prison
150;15234;convict
150;168590;tough cop
150;168593;fake fight
150;168595;bowie knife
150054;8029;drama
150054;9840;romance
150054;8029;drama
150054;9840;romance
150140;222;schizophrenia
150202;33467;new home
150202;162846;ghost
150202;210608;1990s
150230;779;martial arts
150230;1930;kidnapping
150230;9826;murder
150230;219991;elimination derby
150338;769;falsely accused
150338;9826;murder
150338;10562;on the run
150338;34079;death
150338;163099;police captain
150540;1566;dream
150540;6513;cartoon
150540;7942;imaginary friend
150540;10336;animation
150540;18035;family
150540;18253;moving
150540;161155;kids
150540;163227;unicorn
150540;179431;duringcreditsstinger
150540;209714;3d
150540;211269;emotions
150657;187056;woman director
150704;156212;spaghetti western
150778;582;san francisco
150778;1668;hawaii
150778;207239;army nurses
151044;5565;biography
151044;187056;woman director
151431;163227;unicorn
151489;5933;poet
151679;12192;counter-culture
151693;856;paraplegic
151693;156331;lgbt athlete
151693;158718;lgbt
151731;1956;world war ii
151731;33846;war propaganda
151831;2781;roadhouse
151831;200671;hat check girl
151911;5509;spanish civil war
151911;5509;spanish civil war
151923;570;rape
151923;1992;professor
151923;3182;seduction
151923;5905;father
151923;14534;relationship
151923;14893;art
151923;33720;guilt
151933;2827;forced labour
151933;6152;supernatural
151933;9748;revenge
151933;10139;lucifer
151933;34079;death
152;310;artificial intelligence
152;504;uss enterprise
152;505;starfleet
152;582;san francisco
152;1430;self sacrifice
152;1612;spacecraft
152;155211;klingon
152;155212;vulcan
152;161176;space opera
152206;173416;tampon
152206;185459;seven deadly sins
152206;208509;national lampoon series
1523;407;dictator
1523;1228;1970s
1523;1402;general
1523;1930;kidnapping
1523;2487;naivety
1523;2613;luxury
1523;3089;oscar award
1523;6750;charisma
1523;6751;polygamy
1523;7404;uganda
1523;7606;dictatorship
152539;187056;woman director
152599;242;new york
152599;417;corruption
152599;1156;sister sister relationship
152599;2343;magic
152599;2356;immigrant
152599;2483;nudity
152599;3030;nightmare
152599;3799;ship
152599;6898;quarantine
152599;9673;love
152599;9826;murder
152599;10594;money
152599;10685;escape
152599;13005;doctor
152599;13059;prostitution
152599;21747;poland
152599;40895;illness
152601;310;artificial intelligence
152601;6104;computer
152601;9673;love
152601;9957;loneliness
152601;12375;transhumanism
152601;34265;heartbreak
152601;40847;near future
152601;223540;singularity
152601;224279;bittersweet
152603;3133;vampire
152603;3752;night
152603;4048;musician
152603;9673;love
152603;11221;blood
152603;162515;contamination
152635;9937;suspense
152737;236;suicide
152737;1803;drug addiction
152737;3739;funeral
152737;10041;dysfunctional family
152737;10181;based on play or musical
152737;156230;midwest
152737;170633;southern
152737;197707;bleak comedy
152737;197708;mental disorders
152747;3342;yacht
152747;41599;sailor
152747;168683;storm at sea
152747;175316;unconsciousness
152747;175668;life raft
152747;176052;container
152747;206529;emergency
152747;206530;distress
152747;212412;very little dialogue
152780;236;suicide
152780;894;depression
152780;5707;childhood trauma
152780;6625;family secrets
152780;10041;dysfunctional family
152780;15160;divorce
152846;570;rape
152846;6038;marriage
152846;10391;mafia
152912;2343;magic
152912;3801;space travel
152912;9882;space
152992;992;bus
153;213;upper class
153;922;hotel room
153;965;age difference
153;1004;commercial
153;1005;karaoke
153;1007;homesickness
153;1463;culture clash
153;1895;jet lag
153;3490;pop star
153;6059;unsociability
153;179430;aftercreditsstinger
153;187056;woman director
153102;2988;shark attack
153102;15097;shark
153118;818;based on novel
153118;214549;short
153158;13042;soccer
153162;189152;dr. kildare
153170;10540;bollywood
153228;186949;female gunfighter
153228;188907;street shootout
153272;612;hotel
153272;3071;prince
153272;4079;lighthouse
1534;5895;viking
1534;10322;native american
1534;13006;torture
153444;8029;drama
153444;8029;drama
1535;470;spy
1535;478;china
1535;591;cia
1535;2106;cold war
153518;2041;island
153518;2646;bird
153518;4931;pig
153518;11477;talking animal
153518;41645;based on video game
153518;199263;anger management
153518;209714;3d
153652;18486;child molester
1537;242;new york
1537;4056;custody battle
1537;9937;suspense
1537;10909;lawyer
153738;2109;communist
153738;2652;nazis
153738;10568;science fiction
153738;11800;mockumentary
153738;163053;found footage
153774;187056;woman director
1538;387;california
1538;444;taxi
1538;782;assassin
1538;1562;hostage
1538;1749;taxi driver
1538;1812;fbi
1538;2708;hitman
1538;6149;police
1538;12670;los angeles
1538;13112;murderer
1538;14536;crime
1538;15009;criminal
1538;163656;gun violence
153845;2903;propaganda
153845;33501;political
153913;8201;satire
153913;10267;comedy
153913;167200;fashion model
153913;176876;fashion magazine
154073;2673;horse
154073;3800;airplane
1541;279;usa
1541;531;southern usa
1541;828;waitress
1541;2801;self-defense
1541;3306;highway
1541;5521;arkansas
1541;5522;grand canyon
1541;155803;drive over cliff
1542;10532;suburbia
1542;33471;downsizing
1542;167499;software engineer
1542;167506;burnout
1542;167507;dallas texas
1542;167510;beach resort
1542;167516;coworker relationship
1542;167519;laziness
1542;179431;duringcreditsstinger
1542;232700;business rivalry
154226;269;diving
154226;6075;sport
154276;894;depression
154276;9872;grief
154276;33688;hunting
154276;33720;guilt
154276;163764;death of brother
154339;154802;silent film
154339;156810;science
1544;212;london england
1544;2779;flower shop
1544;10180;homosexuality
1544;10768;lesbian
1544;158718;lgbt
154400;642;robbery
154400;1010;bar
154400;1442;winter
154400;1936;blackmail
154400;2708;hitman
154400;3458;bartender
154400;9730;crime boss
154400;10291;organized crime
154400;11578;mobster
154400;12341;pitbull
154400;14765;church
154400;18396;catholic
154400;41523;brooklyn new york city
154400;156121;ex-con
154400;220529;super bowl
154400;238184;abandoned puppy
154442;907;japanese
154442;8029;drama
154442;14988;asian
154582;291;circus
154582;2136;television
1546;1412;becoming an adult
1546;1782;thumb
1546;2201;first time
1546;3363;hypnosis
1546;5528;thumb sucking
1546;5529;attention deficit hyperactivity disorder (adhd)
1546;5535;elocution
1546;6270;high school
1546;10183;independent film
1546;10791;teenage crush
1546;14751;youth
1546;18035;family
154622;12396;hollywood
1547;542;street gang
1547;1415;small town
1547;3133;vampire
1547;5451;comic book
1547;5532;boardwalk
1547;9457;single
1547;155582;amusement park
1547;157499;mother son relationship
154786;187056;woman director
1548;18005;high school friends
1548;175492;art class
1548;175494;record collector
1548;175497;plaster
1548;175499;personal ad
1548;175506;blues music
1548;175510;nunchaku
1548;175514;prank telephone call
1548;179430;aftercreditsstinger
1549;254;france
1549;398;slang
1549;1418;skyscraper
1549;1950;vororte
1549;2356;immigrant
1549;4326;theatre play
1549;4333;theatre group
1549;6034;theatre milieu
1549;10508;teacher
1549;13072;falling in love
1549;14751;youth
1549;18035;family
1549;155939;group of friends
155;849;dc comics
155;853;crime fighter
155;1308;secret identity
155;3151;scarecrow
155;4426;sadism
155;4630;chaos
155;6969;gotham city
155;7002;vigilante
155;9537;joker
155;9715;superhero
155;9717;based on comic
155;10044;tragic hero
155;10291;organized crime
155;18023;criminal mastermind
155;33518;district attorney
155;156395;imax
155;163074;super villain
155;163455;super powers
155;230775;batman
1550;572;sex
1550;4543;thanksgiving
1550;7312;road trip
1550;9673;love
1550;10183;independent film
1550;10226;neighbor
1550;10776;marijuana
1550;18035;family
1550;40895;illness
155096;110;venice
155096;254;france
155096;570;rape
155096;10333;stalking
155096;13149;pregnancy
1551;314;life and death
1551;6155;afterlife
1551;6954;swing
1551;10937;memory
1551;187675;medical student
1551;187676;confetti
1552;970;parent child relationship
1552;161155;kids
1553;90;paris
1553;494;father son relationship
1553;936;loss of mother
1553;2918;estate agent
1553;3292;chinese woman
1553;3590;piano lessons
1553;5423;piano teacher
1553;5782;squatter
1553;5783;classical music
1553;6029;concert
1553;14743;pianist
1553;207592;piano
1554;378;prison
1554;549;prostitute
1554;1667;pimp
1554;1721;fight
1554;3134;louisiana
1554;10183;independent film
1554;10685;escape
1554;199483;conviction
1555;90;paris
1555;107;barcelona spain
1555;567;alcohol
1555;1253;roommate
1555;9457;single
1555;9935;travel
1555;9986;crush
1555;12105;student
1555;14534;relationship
1555;14602;break-up
1555;14751;youth
1555;33648;celebration
1555;155939;group of friends
155597;187056;woman director
155685;1321;gold
155685;4781;miner
155685;219945;calvary
1557;470;spy
1557;1772;german democratic republic
1557;2106;cold war
1557;2150;cocaine
1557;2157;hacker
1557;2800;psychology
1557;3012;court case
1557;3278;kgb
1557;5546;hannover
1557;6104;computer
1557;6262;delusion
1557;9672;based on true story
1557;11208;conspiracy theory
1557;11612;hospital
1557;12392;best friend
1559;5548;bizarre
1559;5549;beauty queen contest
1559;10183;independent film
155956;4344;musical
155956;5565;biography
155956;190855;joan of arc
1561;236;suicide
1561;2326;alibi
1561;3921;discontentedness and displeasedness
1561;3927;rage and hate
1561;8723;poacher
1561;33699;policeman
1561;33740;humiliation
1562;212;london england
1562;936;loss of mother
1562;1465;loss of family
1562;1852;mutant
1562;2867;pest
1562;3737;dying and death
1562;4630;chaos
1562;5313;parts of dead body
1562;5385;survivor
1562;6152;supernatural
1562;10349;survival
1562;10562;on the run
1562;12377;zombie
1562;15017;danger
1562;187710;escapade
1562;188957;virus
1562;188959;plague
1562;189421;female corpse
1562;193546;siblings relations
1562;202703;deadly
1562;206687;chases and races
1562;206705;chaos and mayham
1562;206706;human nature
1563;10183;independent film
156317;1604;operation
156597;4344;musical
156597;11040;masked killer
156597;12339;slasher
1566;1327;war crimes
1566;1415;small town
1566;3450;bridge
1566;4595;u.s. army
1566;6112;firearm
1566;11110;dead soldier
1566;11113;shot in the back
1566;11139;steel helmet
1566;11325;shot to death
1566;18068;teenage boy
1566;34061;american abroad
1566;211569;nazi soldier
156603;4410;u.s. navy
156603;190483;bowery boys
156627;190370;erotic movie
156643;478;china
156643;9682;history
156643;10391;mafia
156643;13142;gangster
156643;14536;crime
1567;3927;rage and hate
1567;9622;misanthrope
1567;11635;monologue
1567;11792;incest overtones
1567;12420;unsimulated sex
1567;224663;new french extremism
156708;187056;woman director
1568;3921;discontentedness and displeasedness
156896;187056;woman director
1571;521;washington d.c.
1571;1562;hostage
1571;1812;fbi
1571;1930;kidnapping
1571;2157;hacker
1571;3543;transport of prisoners
1571;8440;ex-cop
1571;9937;suspense
1571;14819;violence
1571;15483;car chase
1571;218122;cyber terrorism
1571;219404;action hero
1572;258;bomb
1572;444;taxi
1572;483;riddle
1572;642;robbery
1572;703;detective
1572;720;helicopter
1572;1321;gold
1572;1552;subway
1572;3799;ship
1572;5572;fistfight
1572;6149;police
1572;9663;sequel
1572;9758;deception
1572;10950;shootout
1572;14512;new york city
1572;14601;explosion
1572;14819;violence
1572;15483;car chase
1572;18525;fbi agent
1572;177309;simon says
1572;187844;flashback
1572;188329;dump truck
1572;192707;aqueduct
1572;219404;action hero
1572;226838;federal reserve bank
1573;502;ambush
1573;720;helicopter
1573;736;journalist
1573;818;based on novel
1573;822;airport
1573;4709;hand grenade
1573;5572;fistfight
1573;8015;cop
1573;9663;sequel
1573;10794;snow
1573;10808;dulles international airport
1573;10950;shootout
1573;11720;officer involved shooting
1573;13015;terrorism
1573;14601;explosion
1573;14765;church
1573;14819;violence
1573;15246;sabotage
1573;33553;walkie talkie
1573;156788;swat team
1573;158770;air traffic control
1573;195741;commando unit
1573;207771;snowmobile
157336;83;saving the world
157336;310;artificial intelligence
157336;494;father son relationship
157336;641;single parent
157336;1432;nasa
157336;1963;expedition
157336;3417;wormhole
157336;3801;space travel
157336;4337;famine
157336;4380;black hole
157336;4565;dystopia
157336;4776;race against time
157336;8056;quantum mechanics
157336;9831;spaceship
157336;9882;space
157336;10084;rescue
157336;10235;family relationships
157336;13127;farmhouse
157336;14544;robot
157336;14626;astronaut
157336;14760;scientist
157336;15300;father daughter relationship
157336;33479;single father
157336;154846;farmer
157336;156039;space station
157336;156395;imax
157336;160331;astrophysics
157336;162630;zero gravity
157336;189098;courage
157336;208757;time paradox
157336;214349;relativity
157350;818;based on novel
157350;4565;dystopia
157350;14751;youth
157350;162988;dystopic future
157350;180492;caste system
157350;211389;divergent
157350;223438;based on young adult novel
157375;236;suicide
157375;242;new york
157375;572;sex
157375;1526;home
157375;10499;pool
157375;10776;marijuana
157375;12193;reporter
157375;13130;teenager
157375;14534;relationship
157375;157955;childhood
157375;160961;lifeguard
157375;166262;valedictorian
157375;187056;woman director
1574;520;chicago
1574;10181;based on play or musical
1574;165675;prison matron
1574;165676;jazz age
1574;165686;nude man murdered
157544;2626;exorcism
157544;8685;anti-christ
157544;159940;exorcist
1577;779;martial arts
1577;1852;mutant
1577;4565;dystopia
1577;10084;rescue
1577;10410;conspiracy
1577;11738;evil corporation
1577;12377;zombie
1577;41645;based on video game
157723;3968;round table
157723;4434;interview
157723;5654;discussion
1578;396;transporter
1578;931;jealousy
1578;2320;violent husband
1578;2340;paranoia
1578;2792;boxer
1578;5565;biography
1578;5572;fistfight
1578;5573;broken nose
1578;6075;sport
1578;11925;domestic violence
1578;14687;extreme violence
1578;155464;over-the-hill fighter
157823;187056;woman director
157823;208647;activist
157825;572;sex
157825;818;based on novel
157825;10092;mystery
157825;10941;disappearance
157825;156091;missing person
157825;156777;teenage sexuality
157827;279;usa
157827;380;brother brother relationship
157827;494;father son relationship
157827;13063;car accident
157827;157213;death of mother
157827;180574;father son reunion
157827;181324;existentialism
157827;208397;death of wife
157829;242;new york
157829;33494;couple
157829;204298;loss of a child
157837;658;sea
157837;1025;great britain
157837;6133;industry
157837;9335;royal navy
157837;187056;woman director
157841;13008;train
157841;214527;cartographer
157843;539;middle east
157843;1241;persia
157843;175428;adventurer
157845;380;brother brother relationship
157845;1415;small town
157845;1562;hostage
157845;2669;motel
157845;4565;dystopia
157845;5657;australia
157845;9897;rifle
157845;10594;money
157845;13063;car accident
157845;14604;theft
157845;15162;dog
157845;15483;car chase
157845;18034;desert
157845;168713;neo-western
157845;234355;midget
157847;516;child abuse
157847;549;prostitute
157847;1010;bar
157847;1411;brothel
157847;1585;snake
157847;2217;rain
157847;2337;pedophilia
157847;3450;bridge
157847;4552;beer
157847;6149;police
157847;6563;wine
157847;7410;fellatio
157847;9276;truck
157847;9720;woods
157847;9826;murder
157847;10399;dogfight
157847;11333;cigar smoking
157847;11696;underage drinking
157847;13130;teenager
157847;15518;facial scar
157847;33457;alcoholic
157847;156121;ex-con
157847;159841;cigarette lighter
157847;168867;grocery store
157847;184369;shot
157847;233034;search for dog
157847;233035;trees
157847;233036;dirt road
157847;233037;assaulting an officer
157847;233038;gallon of water
157849;321;terror
157849;789;muslim
157849;2051;intelligence
157849;2356;immigrant
157849;13006;torture
157849;18420;surveillance
157849;159457;security
157851;255;male nudity
157851;572;sex
157851;3190;menage a trois
157851;7578;wedding ring
157851;11221;blood
157851;12396;hollywood
157851;33464;burning body
157851;162846;ghost
157851;166109;child murder
157851;167310;sitting on a toilet
157851;176125;reference to google
157851;183133;aspiring actor
157851;197638;sattire
1579;1465;loss of family
1579;2642;solar eclipse
1579;2831;slavery
1579;4113;jaguar
1579;5331;village
1579;5566;maya civilization
1579;5774;forest
1579;10148;tribe
1579;10864;human sacrifice
1579;15222;central america
1579;179298;maya
1579;179300;ancient civilization
1579;235679;yucatec maya language
158;270;ocean
158;830;car race
158;879;brain tumor
158;1322;money delivery
158;3737;dying and death
158;6054;friendship
158;6149;police
158;167043;road movie
1580;3152;planned murder
1580;4814;banquet
1580;4942;victim of murder
1580;5575;footlocker
1580;5579;strangle
1580;6399;rope
1580;9937;suspense
1580;10181;based on play or musical
1580;11440;long take
158009;187056;woman director
158011;1353;underground
158011;1420;gas station
158011;1930;kidnapping
158011;9826;murder
158011;9937;suspense
158011;10714;serial killer
158011;11108;american flag
158011;14688;multiple stabbings
158011;14819;violence
158011;15000;person on fire
158011;15156;cell phone
158011;176182;psycho
158015;4565;dystopia
158015;7246;barricade
158015;14903;home invasion
158015;221957;constitutional convention
158015;221958;legalized murder
158015;221960;social allegory
1581;65;holiday
1581;212;london england
1581;886;film making
1581;1441;christmas party
1581;1655;country house
1581;5854;room exchange
1581;6581;surrey
1581;9799;romantic comedy
1581;12670;los angeles
1581;171366;multiple storylines
1581;187056;woman director
1581;207317;christmas
158113;2637;bishop
158113;190901;perry mason
158113;207935;manslaughter
158232;187056;woman director
158262;242;new york
158262;290;angel
158262;11508;jewish
1583;414;hunter
1583;494;father son relationship
1583;934;judge
1583;2149;drug traffic
1583;3330;pizza delivery
1583;3703;law
1583;4523;joint
1583;4630;chaos
1583;4654;undercover agent
1583;5340;investigation
1583;5567;würzburg
1583;10776;marijuana
1583;14964;drug
1584;578;rock and roll
1584;5288;rock
1584;6270;high school
1584;41591;music band
158426;9826;murder
158426;13063;car accident
158426;18034;desert
158439;157904;luck
158439;192786;sweepstakes
1585;65;holiday
1585;290;angel
1585;818;based on novel
1585;974;bank
1585;1252;suicide attempt
1585;1415;small town
1585;5570;christmas tree
1585;5571;great depression
1585;33965;christmas eve
1585;156115;feel-good ending
1585;184559;guardian angel
1585;207317;christmas
1586;567;alcohol
1586;596;adultery
1586;703;detective
1586;787;mississippi
1586;931;jealousy
1586;1533;isolation
1586;2340;paranoia
1586;2669;motel
1586;2872;window
1586;3030;nightmare
1586;3344;letter
1586;3598;ax
1586;5585;notebook
1586;6149;police
1586;9826;murder
1586;10092;mystery
1586;11363;arson
1586;13028;writer
1586;15160;divorce
158675;4344;musical
1587;380;brother brother relationship
1587;791;mentally disabled
1587;2029;iowa
1587;4129;widow
1587;10041;dysfunctional family
1587;10183;independent film
158741;494;father son relationship
158741;1571;return
158741;154855;wedding anniversary
158743;316;chess
158743;612;hotel
158743;5801;nerd
158743;6104;computer
158743;12969;chess tournament
158743;196056;computer programming
1588;2920;cheerleader
1588;6075;sport
1588;6270;high school
1588;10809;teenage girl
1588;11672;cheerleading
1588;40905;cheering crowd
1588;179431;duringcreditsstinger
158811;41185;heiress
158811;164754;bohemian
158811;190283;greenwich village
158848;237;gay
158852;1436;inventor
158852;12332;apocalypse
158852;40850;destiny
158852;156395;imax
158852;173276;dreamer
158852;214714;futuristic car
158852;214715;futuristic city
158884;6270;high school
158884;41355;teacher student relationship
158884;187056;woman director
1589;4048;musician
1589;6027;music
1589;14985;ireland
158908;708;runaway
158908;2233;neglect
158908;10683;coming of age
158908;11935;working class
158908;41523;brooklyn new york city
158908;230570;kids on their own
158914;445;pornography
158914;5565;biography
158916;1508;new mexico
158916;9673;love
158916;9748;revenge
158916;9826;murder
158916;161264;religious fanatic
158936;255;male nudity
158936;15132;gay bar
158936;33928;audition
158936;41331;jock strap
158968;2903;propaganda
158968;209473;soviet propaganda
159;108;transvestism
159;237;gay
159;255;male nudity
159;566;sexual identity
159;823;cologne
159;824;drag queen
159;825;support group
159;826;heterosexual
159;827;diashow
159;828;waitress
159;1326;infidelity
159;6054;friendship
1590;766;beethoven
1590;187056;woman director
159000;187056;woman director
159002;437;painter
159002;2679;artist
159002;14893;art
159002;172971;elderly
159004;10183;independent film
159095;6259;psychopath
159095;6844;stalker
159095;13073;fear
159095;13125;sadist
159095;156104;stranger
1591;1465;loss of family
1591;1625;emigration
1591;1956;world war ii
1591;2606;jew
1591;3061;national socialism
1591;3510;kenia
1591;4555;only child
1591;4932;farm
1591;5809;marriage crisis
1591;156702;capture
1591;187056;woman director
1591;192519;emigrant
159117;10292;gore
159117;12377;zombie
159117;12553;alien abduction
159117;163053;found footage
159117;210012;mumblegore
159117;220376;vhs tapes
159121;2231;drug dealer
159121;10776;marijuana
159121;162836;weed+
159121;172972;old woman
159137;187056;woman director
159151;5282;rolling stones
159151;5718;recording studio
159151;175506;blues music
159151;211343;session musicians
159151;211344;allman brothers
159151;211345;wilson pickett
159151;211346;lynard skynard
159153;236;suicide
159153;894;depression
159153;187056;woman director
159153;189447;bipolar
159153;194514;ernest hemingway
159153;220448;bipolar disorder
1592;417;corruption
1592;2637;bishop
1592;3012;court case
1592;5593;pornographic video
1592;6148;court
1592;18130;psychopathy
159207;733;dancer
159207;10551;ballet
159215;14512;new york city
159215;15246;sabotage
159215;41402;invalid
159215;161230;train conductor
159389;187056;woman director
1594;2619;suspicion of murder
1594;3839;unskillfulness
1594;159550;pink panther
159403;907;japanese
159403;1462;samurai
159403;4063;siege
159403;10278;ninja
159403;18104;samurai era
159464;740;aids
159464;11341;methamphetamine
159464;15135;gay sex
159469;6038;marriage
159469;164663;courtship
1595;242;new york
1595;422;vietnam veteran
1595;949;terrorist
1595;960;homeless person
1595;1465;loss of family
1595;2340;paranoia
1595;2957;vietnam war
1595;5597;war on terror
1595;5598;tel aviv
1595;10183;independent film
1595;10508;teacher
1595;12670;los angeles
1595;160910;xenophobia
1595;236782;agent orange
159538;578;rock and roll
159538;6415;stage show
159538;11240;live concert
1596;1919;mayor
1596;3875;barn
1596;15462;flat tire
1596;161223;census taker
1596;187056;woman director
159638;12416;horror spoof
159638;15001;demon
159638;162846;ghost
159638;163053;found footage
1597;591;cia
1597;822;airport
1597;977;cat
1597;2606;jew
1597;3454;orderly
1597;3800;airplane
1597;4604;father-in-law
1597;5599;epistaxis
1597;5600;daughter
1597;5601;lost baggage
1597;5602;urn
1597;5604;pavilion
1597;5605;volleyball
1597;11612;hospital
1597;13027;wedding
159704;2343;magic
159704;3205;fairy tale
159704;4152;kingdom
159704;7376;princess
159704;11477;talking animal
159704;13084;king
159704;234213;sword and sorcery
1598;378;prison
1598;516;child abuse
1598;570;rape
1598;1415;small town
1598;5600;daughter
1598;6149;police
1598;9748;revenge
1598;10909;lawyer
1598;11333;cigar smoking
1598;13073;fear
1598;15162;dog
1598;41381;rapist
1599;572;sex
1599;703;detective
1599;931;jealousy
1599;3923;humor
1599;4108;protest
1599;4183;wife
1599;6562;celebrity
1599;9823;rivalry
1599;10183;independent film
1599;11001;religion
1599;15325;universe
1599;18047;anger
1599;18330;nature
1599;162271;husband
1599;181324;existentialism
1599;197526;enviroment
1599;202692;issues
16;30;individual
16;246;dancing
16;279;usa
16;642;robbery
16;730;factory worker
16;1328;secret
16;1382;factory
16;1415;small town
16;1691;dance
16;1741;blindness and impaired vision
16;2122;death penalty
16;2356;immigrant
16;2480;eye operation
16;2481;eyesight
16;2486;fantasy
16;2487;naivety
16;2488;self-abandonment
16;2489;hereditary disease
16;2490;loss of eyesight
16;2624;czech
16;3737;dying and death
16;4580;van
16;6054;friendship
16;9826;murder
16;10508;teacher
16;11061;debt
16;13129;execution
16;14536;crime
16;15090;police officer
160;254;france
160;477;train station
160;1388;cinema
160;3829;beginning
160;6026;film and cinema
160;13008;train
160118;13063;car accident
160118;164496;mother figure
160118;190205;oedipus complex
160118;209983;romanian new wave
160139;477;train station
160139;9957;loneliness
160165;237;gay
160165;1013;homophobia
160165;10093;priest
160165;10180;homosexuality
160165;10199;gay interest
160165;11524;in the closet
160165;15135;gay sex
160165;18396;catholic
160165;21747;poland
160165;33458;gay man
160165;154903;homophobe
160165;157008;catholic church
160165;157096;homoeroticism
160165;158718;lgbt
160165;161207;catholicism
160165;166452;masuria poland
160165;172391;catholic priest
160165;187056;woman director
160165;191225;homophobic
160588;582;san francisco
160588;1156;sister sister relationship
160588;14512;new york city
160588;34143;rich
160588;157291;narcissism
160588;197222;xanax
160660;3603;fascist
160660;5509;spanish civil war
160706;187056;woman director
160718;470;spy
160718;10988;based on tv series
160768;2833;psychoanalysis
160768;159313;psychiatry
160788;972;refugee
160788;2903;propaganda
160788;231063;umerziehung
1608;1701;hero
1608;6075;sport
1608;13042;soccer
1608;187056;woman director
1609;968;manchester city
1609;2277;penalty shot
1609;5614;idol
1609;9457;single
1609;13042;soccer
161;378;prison
161;3430;pickpocket
161;3688;strip club
161;10453;con artist
161;10530;atlantic city
161;11362;cockney accent
161;14570;las vegas
161;159355;card dealer
161;159358;explosives expert
161;159362;black and white scene
161;159369;male
161;159370;salt lake city utah
1610;212;london england
1610;5625;relationship problems
1610;6075;sport
1610;6914;arsenal london
1610;6921;jogging
1610;10508;teacher
1610;13042;soccer
1610;13043;dating
161024;187056;woman director
161024;187056;woman director
161070;1209;wales
161070;11004;rural setting
161070;157799;older woman younger man relationship
161076;33678;beard
161076;161966;bank teller
161076;170122;bee sting
161080;730;factory worker
161080;10183;independent film
161080;168929;sumo
161080;189417;nude woman
161080;192664;bbw
1611;810;budapest
1611;1244;hungary
1611;5622;bern
1611;6075;sport
1611;13042;soccer
1611;223149;soccer coach
161179;4549;loss of husband
161179;5331;village
161179;9714;remake
161179;10235;family relationships
161179;13119;tough guy
161179;156186;cameo
161179;169875;railroad track
161187;393;civil war
161187;5565;biography
1613;852;chemical
1613;215404;laxative
1613;233950;skinheads
161426;214549;short
161426;225011;cinema of transgression
161482;163096;battle of the sexes
161482;187056;woman director
161482;219802;feel bad comedy
161482;219872;idle rich
161482;163096;battle of the sexes
161482;187056;woman director
161482;219802;feel bad comedy
161482;219872;idle rich
161512;1704;ambassador
161512;191543;stalinism
1616;3799;ship
1616;9826;murder
161602;176223;bulldog drummond
161620;10843;superheroine
161620;163455;super powers
161782;40931;witchcraft
161782;159341;recruiting
161782;190022;hansel and gretel
161782;190100;new school
161796;1308;secret identity
161796;10771;wax museum
161796;179991;movie serial
1619;75;gunslinger
1619;534;mexico
1619;612;hotel
1619;1336;ransom
1619;1666;mexican standoff
1619;1930;kidnapping
1619;5098;sperm bank
1619;5626;from rags to riches
1619;7638;surrogate mother
1619;10594;money
1619;12371;gunfight
1619;13017;drifter
1619;13142;gangster
1619;15009;criminal
1619;18034;desert
1619;33626;millionaire
1619;168713;neo-western
162;240;underdog
162;699;love at first sight
162;928;hairdresser
162;1415;small town
162;1435;scissors
162;1436;inventor
162;1437;burglar
162;6059;unsociability
1620;782;assassin
1620;1308;secret identity
1620;2051;intelligence
1620;2111;soviet union
1620;2139;russia
1620;2698;celibacy
1620;2708;hitman
1620;2908;secret society
1620;3720;power
1620;3997;power takeover
1620;5440;adversary
1620;6086;government
1620;13129;execution
1620;14819;violence
1620;15127;killer
1620;41645;based on video game
1620;215141;secret formula
1621;5570;christmas tree
1621;5626;from rags to riches
1621;5628;broker
1621;5642;beggar
1621;7597;dollar
1621;11411;wager
1621;11860;fish out of water
1621;33626;millionaire
1621;160478;commodities
1621;160483;investor
1621;160486;big shot
1621;160488;hoodlum
1621;160497;wrongful arrest
1621;160500;santa hat
1622;236;suicide
1622;549;prostitute
1622;1157;wife husband relationship
1622;2085;summer residence
1622;2246;confidence
1622;3451;housewife
1622;5721;engineer
1622;9826;murder
1622;14632;suburb
1622;34094;extramarital affair
1622;157321;boundary violations
1622;157902;psychological
1622;159279;manipulativeness
162234;237;gay
162284;9639;playboy
162284;9826;murder
1623;378;prison
1623;2019;liberation of prisoners
1623;5643;prison warden
1623;207691;abuse
1623;214597;prison farm
1624;387;california
1624;1022;workaholic
1624;1421;birthday
1624;2251;lie
1624;3725;pregnancy and birth
1624;4896;wish
1624;210608;1990s
162406;187056;woman director
162442;187056;woman director
162592;6026;film and cinema
162592;9682;history
1626;90;paris
1626;490;philosophy
1626;549;prostitute
1626;1667;pimp
1626;11322;female protagonist
1626;13059;prostitution
1626;18091;free will
1626;157217;woman smoking
1626;170710;pinball machine
1626;177370;rule of law
1628;549;prostitute
1628;596;adultery
1628;818;based on novel
1628;931;jealousy
1628;4048;musician
1628;4653;french
1628;6038;marriage
1628;6054;friendship
1628;6091;war
1628;9673;love
1628;10614;tragedy
1628;155518;nouvelle vague
1628;163392;triangle
1628;177044;austrian
162862;392;england
162862;703;detective
162862;1495;fishing
162862;8508;party
162862;15162;dog
162864;217926;rocks
162874;164623;chorus girl
1629;90;paris
1629;1253;roommate
1629;5654;discussion
1629;6078;politics
1629;10183;independent film
1629;173644;communism
1629;214991;may 68
162928;6038;marriage
162928;15160;divorce
162928;188635;snobbery
162934;2343;magic
162934;190100;new school
162934;190101;new student
162934;190102;mysterious girl
163;9663;sequel
163;159480;fabergé egg
163;159488;dutch eastindian company
163;159490;second
163;159491;part
163;159496;golden egg
163;159497;goon
1630;351;poison
1630;445;pornography
1630;460;free love
1630;740;aids
1630;1664;eroticism
1630;2426;group sex
1630;2564;wheelchair
1630;2829;last judgment
1630;3012;court case
1630;3441;sentence
1630;3800;airplane
1630;5651;baptism
1630;5653;vulgar
1630;33626;millionaire
1630;33785;drugs and addiction
1630;158558;disabled
163018;1200;greece
163018;1842;village life
163018;8201;satire
163018;12105;student
163018;33648;celebration
163018;41355;teacher student relationship
163018;156885;junta
163018;164224;generation gap
163018;171206;graduate
1632;236;suicide
1632;529;ku klux klan
1632;787;mississippi
1632;798;sheriff
1632;1366;shotgun
1632;1559;deputy sheriff
1632;1812;fbi
1632;2669;motel
1632;3739;funeral
1632;4410;u.s. navy
1632;4942;victim of murder
1632;5664;burning cross
1632;6149;police
1632;6399;rope
1632;12425;racism
1632;14819;violence
1632;18525;fbi agent
1632;185722;based on true events
163202;5565;biography
163202;15060;period drama
1633;531;southern usa
1633;18379;bee
163366;3134;louisiana
163366;155180;cajun
163428;2646;bird
163659;187056;woman director
1639;1422;boat
1639;2799;cruise
1639;6104;computer
1639;10617;disaster
1639;33461;diamond
1639;228194;collision course
163907;3713;chase
163907;13008;train
163907;14601;explosion
163907;14652;falling from height
163907;54016;glue
163907;155291;cowboy
163907;155573;wild west
163937;187056;woman director
1640;3060;race politics
1640;5600;daughter
1640;5666;installer
1640;6149;police
1640;6201;fall
1640;9844;car crash
1640;12425;racism
1640;12670;los angeles
1640;157912;bigotry
1640;170154;social services
1640;203113;collision
1641;843;cataclysm
1641;3800;airplane
1641;9457;single
1641;9935;travel
1641;13027;wedding
1641;14527;storm
1641;34094;extramarital affair
1641;187056;woman director
1642;1332;cheating
1642;2547;new identity
1642;2812;computer virus
1642;3713;chase
1642;6104;computer
1642;10333;stalking
164278;15199;rabbit
164286;14554;alias
164286;155336;smuggler
1643;90;paris
1643;572;sex
1643;2483;nudity
1643;4480;business man
1643;9673;love
1643;10614;tragedy
1643;14534;relationship
1643;14638;american
1643;15184;woman
1643;33632;apartment
1643;34094;extramarital affair
1643;201195;parisian
1643;201200;clandestine
1644;7172;buried alive
1645;529;ku klux klan
1645;570;rape
1645;787;mississippi
1645;1417;jurors
1645;1936;blackmail
1645;2013;attempted murder
1645;3446;forgiveness
1645;6148;court
1645;7281;shooting
1645;9826;murder
1645;9937;suspense
1645;10909;lawyer
1645;11038;trial
1645;33519;courtroom
1645;41385;racial tension
1645;191314;kkk
1645;204173;racial issues
1645;214780;courtroom drama
164558;6029;concert
1646;577;black people
1646;818;based on novel
1646;1739;holocaust
1646;2394;ghetto
1646;2913;diary
1646;4508;principal witness 
1646;5565;biography
1646;5600;daughter
1646;6270;high school
1646;6984;racial segregation
1646;6985;anne frank
1646;6986;school excursion
1646;6987;idealism
1646;7920;violence in schools
1646;41385;racial tension
1646;181858;gang violence
1646;185722;based on true events
164687;3473;carnival
164687;3734;ambition
164687;6154;hell
164687;10760;barker
164687;190177;stoker
1647;470;spy
1647;591;cia
1647;34094;extramarital affair
164777;596;adultery
164777;931;jealousy
164777;1157;wife husband relationship
1648;931;jealousy
1648;1743;journey in the past
1648;2842;sigmund freud
1648;4379;time travel
1648;5540;heavy metal
1648;5671;socrates
1648;5672;billy the kid
1648;5674;school presentation
1648;5678;rhinoceros
1648;5679;phone booth
1648;5680;world peace
1648;6162;past
1648;9682;history
1648;10875;metal
1648;12392;best friend
1648;220265;napoleon bonaparte
164827;1200;greece
164827;189422;nazi occupation
1649;2964;future
1649;3737;dying and death
1649;4116;heaven
1649;4379;time travel
1649;5540;heavy metal
1649;5684;diabolical ego
1649;6155;afterlife
1649;10875;metal
1649;14544;robot
1649;14999;devil
1649;161891;doppelganger
1649;163186;seance
165;390;skateboarding
165;391;flying car
165;830;car race
165;951;delorean
165;952;lightning
165;956;almanac
165;1436;inventor
165;4379;time travel
165;9663;sequel
165;10738;diner
165;12026;alternate history
165;13130;teenager
165;33888;electric guitar
165;172251;walking cane
165;196664;high school dance
165;226370;hoverboard
165;226371;video phone
165023;1794;yakuza
165027;255;male nudity
165027;1890;camping
165027;2349;german
165027;3306;highway
165027;10198;gay relationship
165027;10200;man man relationship
165027;13078;skinny dipping
165027;158718;lgbt
165027;190007;mental hospital
165181;1613;terraforming
165181;10159;computer animation
1653;983;brazilian
1653;2020;revolution
1653;2109;communist
1653;5504;asthma
1653;5967;peru
1653;6460;chile
1653;7937;cuban revolution
1653;8658;che guevara
1653;10596;argentina
1653;14735;motorcycle
1653;158525;guajira peninsula
1653;158527;leper colony
1653;158529;biochemist
165321;3721;health
165321;9974;obesity
165321;10103;children
165321;10637;food
1654;818;based on novel
1654;1956;world war ii
1654;2652;nazis
1654;3098;castle
1654;3269;secret mission
1654;4595;u.s. army
1654;4613;training
1654;4709;hand grenade
1654;5572;fistfight
1654;10364;mission
1654;10950;shootout
1654;12993;suicide mission
1654;13065;soldier
1654;14601;explosion
1654;15248;commando
1654;158778;behind enemy lines
1654;161249;military police
165401;2676;honeymoon
1655;456;mother
1655;1939;hamster
1655;5153;son
1655;13005;doctor
1655;40895;illness
165567;14903;home invasion
1656;387;california
1656;470;spy
1656;494;father son relationship
1656;534;mexico
1656;1701;hero
1656;5809;marriage crisis
1656;9725;sword fight
1656;15160;divorce
1656;179585;american civil war
165739;3051;hostage drama
165739;6840;criminal past
165739;159710;hostage negotiator
166;90;paris
166;246;dancing
166;248;date
166;596;adultery
166;1525;puberty
166;5600;daughter
166;10707;mother daughter relationship
166;10791;teenage crush
166;14751;youth
166;33648;celebration
166076;83;saving the world
166076;849;dc comics
166076;163455;super powers
166076;179102;superhuman strength
166076;195526;supergirl
1661;455;farewell
1661;1567;intensive care
1661;5690;kicker
1661;5692;stetson
1661;5694;elvis
1661;6054;friendship
1661;167043;road movie
1662;242;new york
1662;4654;undercover agent
1662;8442;irish mob
166207;744;madrid
166207;2679;artist
166207;4412;grandfather
166207;15149;monkey
166207;15190;gipsy
166207;18035;family
166207;207819;accident
166221;331;tattoo
166221;1336;ransom
166221;1812;fbi
166221;188987;boyfriend girlfriend relationship
166225;128;love triangle
166225;703;detective
166225;6054;friendship
166225;160159;frame up
166225;171854;betrayal by friend
166271;3358;haunted house
166271;6095;house
166271;6155;afterlife
166271;9712;possession
166271;10714;serial killer
166271;10798;duct tape
166271;10854;time loop
166271;13130;teenager
166271;18029;trapped
166271;41600;laundry
166271;162846;ghost
166271;187820;duct tape gag
166271;212013;trapped soul
1665;572;sex
1665;2350;seattle
1665;2483;nudity
1665;4048;musician
1665;4528;song
1665;5288;rock
1665;9720;woods
1665;10183;independent film
1665;10229;singer
1665;10984;true
1665;12545;mansion
1665;159944;recording
166560;4344;musical
166560;206999;troupe
1666;236;suicide
1666;582;san francisco
1666;1252;suicide attempt
1666;3737;dying and death
1666;3810;jumping
166621;4344;musical
166621;12193;reporter
166643;339;submarine
166643;2682;shanghai
166643;3588;navy
166677;789;muslim
166677;949;terrorist
166677;8044;flight
166677;13015;terrorism
166677;155238;hijack
166677;235678;9/11
1667;970;parent child relationship
1667;3028;penguin
1667;4260;brood
1667;4970;autonomy
1667;5698;egg
1667;10349;survival
1667;10794;snow
1667;157160;antarctic
166798;444;taxi
166798;14636;india
166888;2652;nazis
166888;10329;wealth
166888;2652;nazis
166888;10329;wealth
1669;339;submarine
1669;2106;cold war
1669;2808;russian
1669;155460;defection
1669;155723;jack ryan
166904;190483;bowery boys
167;642;robbery
167;1566;dream
167;3363;hypnosis
167;5340;investigation
167;9826;murder
167;9951;alien
167;11612;hospital
167;13194;planet
167;14781;patient
167;14784;medication
167;15106;psychiatrist
167;156810;science
167;180241;claim
167;184130;doubt
167;199214;mental
167;202735;help
167032;2564;wheelchair
167032;8087;horror
167032;10603;killer doll
167032;10685;escape
167032;33630;doll
167032;187065;toy comes to life
167032;190349;chucky
1672;90;paris
1672;378;prison
1672;409;africa
1672;960;homeless person
1672;1157;wife husband relationship
1672;2051;intelligence
1672;9748;revenge
1672;9777;escape from prison
1673;10322;native american
1673;179419;comanche
167424;187056;woman director
167494;3679;society
1675;725;lovesickness
1675;774;film business
1675;886;film making
1675;1388;cinema
1675;1861;nice
1675;2559;film maker
1675;3973;insurance salesman
1675;34094;extramarital affair
167548;394;gypsy
167548;171886;world record
167556;2957;vietnam war
167556;17987;killing spree
167556;233450;proto-slasher
1677;577;black people
1677;634;soul
1677;727;country music
1677;963;loss of brother
1677;1228;1970s
1677;1416;jazz
1677;1741;blindness and impaired vision
1677;2495;georgia
1677;2635;overdose
1677;2776;bus ride
1677;4746;record producer
1677;5565;biography
1677;5626;from rags to riches
1677;5707;childhood trauma
1677;5708;gospel
1677;5711;indianapolis
1677;5716;record label
1677;5718;recording studio
167726;1918;cooking
167726;1946;restaurant
167726;3739;funeral
167726;3914;kitchen
167726;18295;food critic
167726;41607;recipe
167726;187056;woman director
1678;233;japan
1678;907;japanese
1678;2041;island
1678;2580;shipwreck
1678;3799;ship
1678;5703;lizard
1678;5704;giant lizard
1678;7671;godzilla
1678;161791;kaiju
1678;223059;animal horror
167810;1449;underworld
167810;10622;lost city
167858;1321;gold
167858;5301;brother
167858;11112;search
167858;12554;dragon
167858;33344;bandit
167858;188959;plague
1679;7671;godzilla
1679;10617;disaster
1679;10642;osaka japan
1679;161791;kaiju
167956;10292;gore
167956;12377;zombie
167956;33407;hanging
168;83;saving the world
168;582;san francisco
168;665;uss enterprise-a
168;4379;time travel
168;4676;whale
168;5359;marine biologist
168;155212;vulcan
168;161176;space opera
1680;233;japan
1680;720;helicopter
1680;907;japanese
1680;1852;mutant
1680;2041;island
1680;2771;octopus
1680;5704;giant lizard
1680;7671;godzilla
1680;9663;sequel
1680;10787;jungle
1680;11100;giant monster
1680;11873;king kong
1680;12369;tokyo japan
1680;12667;tokusatsu
1680;159099;gojira
1680;161791;kaiju
1680;196425;giant ape
1680;201956;giant octopus
1680;204975;lost world
168022;10199;gay interest
168022;10508;teacher
168022;10873;school
168022;158968;gay lead character
168098;236;suicide
168098;818;based on novel
168098;822;airport
168098;1680;boston
168098;9826;murder
168098;10339;drive-in theatre
168098;14819;violence
168098;15156;cell phone
168098;177317;ice cream truck
168098;188957;virus
1682;233;japan
1682;1299;monster
1682;5698;egg
1682;7671;godzilla
1682;9027;mothra
1682;9663;sequel
1682;11100;giant monster
1682;12667;tokusatsu
1682;156176;moth
1682;159088;giant moth
1682;159099;gojira
1682;161791;kaiju
1682;210614;monster movie
1682;210621;mosura
168210;570;rape
168210;793;drowning
168210;818;based on novel
168210;1889;lake
168210;2968;grave
168210;6152;supernatural
168210;9826;murder
168210;10229;singer
168210;10541;curse
168210;11162;miniseries
168210;41307;lye
168210;155251;novelist
168228;293;female nudity
168228;3473;carnival
168228;293;female nudity
168228;3473;carnival
1683;1261;river
1683;2618;miracle
1683;3036;bible
1683;3134;louisiana
1683;4456;frog
1683;5705;grasshopper
1683;6150;faith
168320;10683;coming of age
168426;187056;woman director
168478;2808;russian
168478;5938;mermaid
1685;1852;mutant
1685;4565;dystopia
1685;5385;survivor
1685;14626;astronaut
1685;14759;ape
1685;156810;science
1685;157963;worship
168530;4668;police operation
168530;15090;police officer
168530;164677;brother-in-law brother-in-law relationship
168530;179431;duringcreditsstinger
168530;179450;black men
168672;10453;con artist
168672;11454;scam
168672;11578;mobster
168672;18525;fbi agent
168676;1956;world war ii
168712;952;lightning
168712;3800;airplane
168712;10617;disaster
1688;291;circus
1688;2551;pet
1688;3714;human being
1688;4565;dystopia
1688;5726;insurrection
1688;6092;army
1688;14759;ape
168806;5565;biography
168806;14768;single mother
168806;47017;jazz singer
168806;173297;nightclub singer
1689;4476;buddhist
1689;4558;tibet
1689;5484;reincarnation
1689;5722;buddha
1689;5723;siddhartha
1689;10183;independent film
168994;907;japanese
168994;18035;family
168994;162365;military
168994;197951;time of war
169;1297;predator
169;1601;war on drugs
169;1603;extraterrestrial technology
169;12670;los angeles
169;14915;invisible
1690;472;bathroom
1690;572;sex
1690;587;amsterdam
1690;1295;europe
1690;1411;brothel
1690;5689;slovakia
1690;5891;backpacker
1690;8087;horror
1690;10292;gore
1690;11221;blood
1690;13006;torture
1690;155955;business card
1690;156149;doberman
1690;157958;hostel
1690;157959;surgery
1690;198438;elite club
1690;198441;fingers
169066;242;new york
169066;1930;kidnapping
169066;2106;cold war
169066;4289;secret agent
169066;14760;scientist
169066;15106;psychiatrist
169158;3419;fanatic
169158;4063;siege
169250;3271;secret organization
169250;13028;writer
169250;14864;rich poor
169250;189359;rat
169298;417;corruption
169298;1930;kidnapping
169298;14964;drug
169314;1419;gun
169314;2968;grave
169314;3030;nightmare
169314;5619;tape
169314;6154;hell
169314;9887;surrealism
169314;10114;evil spirit
169314;10292;gore
169314;11260;serial murder
169314;14819;violence
169314;15001;demon
1694;2635;overdose
1694;4005;human experimentation
1694;4553;black humor
1694;6255;insanity
1694;10122;reanimation
1694;10124;laboratory
1694;10125;mad scientist
1694;10308;h.p. lovecraft
1694;11181;decapitation
1694;11581;severed head
1694;11612;hospital
1694;12105;student
1694;12377;zombie
1694;15085;splatter
1694;18085;intestines
1694;34079;death
1694;34117;cult film
1694;155488;black cat
1694;157490;dead cat
1694;157572;surgical operation
1694;174413;reanimated corpse
1694;187675;medical student
1694;187677;medical school
169448;187056;woman director
1696;625;sadistic
1696;627;killing
1696;657;fire
1696;798;sheriff
1696;801;bounty hunter
1696;2150;cocaine
1696;2669;motel
1696;3598;ax
1696;4426;sadism
1696;6259;psychopath
1696;7312;road trip
1696;9663;sequel
1696;9826;murder
1696;10022;rampage
1696;10371;antisocial personality disorder
1696;10714;serial killer
1696;10950;shootout
1696;13006;torture
1696;13092;corpse
1696;13125;sadist
1696;14687;extreme violence
1696;14707;brutality
1696;14805;maniac
1696;14819;violence
1696;14831;stabbing
1696;17987;killing spree
1696;18320;held at gunpoint
1696;34117;cult film
1696;157560;roadkill
1696;162810;macabre
1696;165288;misogynist
1696;167043;road movie
1696;176691;killer clown
1696;188186;painted face
1696;191327;evil clown
1696;206642;homicidal maniac
1696;212406;sadistic horror
169642;187056;woman director
169644;12377;zombie
1697;936;loss of mother
1697;1224;radio station
1697;1252;suicide attempt
1697;2279;bavaria
1697;2829;last judgment
1697;3740;radio presenter
1697;4305;radio transmission
1697;4358;shenanigan
1697;4551;swamp
1697;9457;single
1697;10123;dark comedy
1697;10508;teacher
169726;394;gypsy
169726;10911;inheritance
169726;180250;swindle
169758;596;adultery
169758;1930;kidnapping
169758;3298;hallucination
169758;9826;murder
169758;10224;haunting
169758;156104;stranger
169758;207767;erotic thriller
169760;5565;biography
169760;187056;woman director
1698;156096;butterfly
1698;157890;dissection
1698;163128;scalpel
1698;187677;medical school
169842;394;gypsy
169842;1244;hungary
169842;4066;windmill
169844;9665;cover-up
169844;14857;juvenile delinquent
169864;271;competition
169864;5922;north carolina
169864;10073;documentary
169864;161155;kids
169864;161643;sport competition
169962;1563;prisoner
169962;3537;orchestra
169962;4595;u.s. army
169962;14643;battle
17;236;suicide
17;439;paradise
17;516;child abuse
17;658;sea
17;704;adolescence
17;1209;wales
17;1328;secret
17;1449;underworld
17;1450;shepherd
17;1452;loss of child
17;3020;sheep
17;9457;single
17;10707;mother daughter relationship
17;173162;sect
170;212;london england
170;444;taxi
170;968;manchester city
170;1375;submachine gun
170;1420;gas station
170;5385;survivor
170;5600;daughter
170;10124;laboratory
170;11612;hospital
170;12377;zombie
170;14707;brutality
170;14765;church
170;14819;violence
170;14837;rage
170;17995;epidemic
170;162365;military
170;188957;virus
170;208418;waking from coma
170;238332;animal research
1702;1373;killer robot
1702;6259;psychopath
170263;886;film making
170263;5565;biography
170279;2692;arranged marriage
170279;6038;marriage
170279;9253;slapstick
170279;10428;cultural difference
170279;18447;japanese woman
170279;168929;sumo
170279;179431;duringcreditsstinger
170315;188479;condemned inmate
170399;187056;woman director
170477;549;prostitute
170477;10181;based on play or musical
1705;4458;post-apocalyptic
1705;4565;dystopia
1705;14759;ape
170517;733;dancer
170517;206416;cable car
170517;228524;teen idol
170657;178856;folklore
170657;186425;demon hunter
170687;818;based on novel
170687;10121;stop motion
170687;15300;father daughter relationship
170687;167982;unlikely friendship
170687;179431;duringcreditsstinger
170689;470;spy
170689;2808;russian
170767;514;spain
170767;572;sex
170767;2483;nudity
170767;2618;miracle
170767;2679;artist
170767;2983;passion
170767;4849;exile
170767;5565;biography
170767;6092;army
170767;6897;bordeaux
170767;14893;art
170767;155697;aristocrat
170767;176857;duchess
170767;187844;flashback
170767;189433;tyranny
170967;187056;woman director
171;65;holiday
171;90;paris
171;970;parent child relationship
171;1525;puberty
171;2201;first time
171;5600;daughter
171;10707;mother daughter relationship
171;10791;teenage crush
171;13008;train
171;13027;wedding
171;14751;youth
171;33648;celebration
1710;796;police brutality
1710;2800;psychology
1710;4668;police operation
1710;5430;police protection
1710;10714;serial killer
1710;11268;psychologist
1710;13001;cowardliness
171045;321;terror
171045;3473;carnival
171045;7312;road trip
171045;10738;diner
171213;187056;woman director
1713;242;new york
1713;2301;architect
1713;3691;forbidden love
1713;5736;coloured
1713;160910;xenophobia
171363;2708;hitman
171363;9826;murder
171363;179385;prostitute mother
1714;2137;totalitarian regime
1714;2733;firemen
1714;4565;dystopia
1714;5737;book burning
1714;162988;dystopic future
171429;1463;culture clash
171429;6713;integration
171429;7368;alienation
171429;9682;history
171429;10322;native american
171429;12425;racism
171429;12532;african american
171429;41385;racial tension
171429;162701;racial prejudice
171429;173823;cross cultural relationship
171429;188014;mixed race child
171429;192279;american history
1715;11732;cigarette smoking
1715;12532;african american
1715;33841;incest
1715;41352;drug overdose
1715;163853;war injury
1715;163859;apple cider
1715;163860;anesthetic
1715;163864;incinerator
1715;163870;picking apples
1715;163874;unwed pregnancy
171587;158540;south korea
171587;158540;south korea
171597;187056;woman director
1716;2430;hiding place
1716;2433;jew persecution
1716;2606;jew
1716;4326;theatre play
1716;4333;theatre group
1716;6034;theatre milieu
1716;7470;rassengesetzte
1716;10183;independent film
1717;417;corruption
1717;736;journalist
1717;818;based on novel
1717;1936;blackmail
1717;2887;manipulation
1717;3088;bodyguard
1717;3134;louisiana
1717;3692;scandal
1717;3720;power
1717;5744;governor
1717;6078;politics
1717;10614;tragedy
1717;11869;mistress
1717;155697;aristocrat
171769;1463;culture clash
171769;5565;biography
1718;1721;fight
1718;2831;slavery
1718;3419;fanatic
1718;6091;war
171885;187056;woman director
1719;90;paris
1719;699;love at first sight
1719;822;airport
1719;848;double life
1719;1902;lisbon
1719;2080;stewardess
1719;3800;airplane
1719;5852;reims
1719;14602;break-up
1719;15160;divorce
171961;886;film making
172;503;federation
172;505;starfleet
172;665;uss enterprise-a
172;748;sha-ka-ree
172;963;loss of brother
172;1430;self sacrifice
172;1562;hostage
172;5362;liberation of hostage
172;12388;romulans
172;155211;klingon
172;155212;vulcan
172;161176;space opera
1720;240;underdog
1720;1420;gas station
1720;2401;grandmother grandson relationship
1720;2415;idiot
1720;5468;monotony
1720;5746;iceland
1720;5747;fjord
1720;6257;genius
1720;33457;alcoholic
172011;1200;greece
172011;2365;crete
172011;213761;kos
1721;3800;airplane
1721;5572;fistfight
1721;5749;thin
1721;33461;diamond
1721;156937;opal
172149;1201;austria
172149;197747;american diplomat
1722;3776;officer
1722;174363;greek island
1722;174369;mandolin
1722;174371;italian soldier
1722;174375;resistance fighter
1722;174378;greek history
1722;174379;italian army
1722;174389;allied forces
172297;3356;quebec
172297;8871;moose
172297;9721;hunting trip
1723;1721;fight
1723;5750;zeitgeist unknown
1723;5751;mccarthy era
1723;6054;friendship
1723;6078;politics
1723;9450;front
1723;166329;film industry
1723;173644;communism
1723;194595;mccarthyism
1723;208611;1950s
1724;242;new york
1724;1809;rio de janeiro
1724;8828;marvel comic
1724;9715;superhero
1724;9717;based on comic
1724;10562;on the run
1724;10718;fugitive
1724;10834;super soldier
1724;12555;tony stark
1724;160977;virginia
1724;162365;military
1724;179100;hulk
1724;180547;marvel cinematic universe
1724;200918;angry
1724;202816;bruce banner
172475;470;spy
1725;100;slum
1725;542;street gang
1725;699;love at first sight
1725;797;showdown
1725;2124;puerto rican
1725;2356;immigrant
1725;3306;highway
1725;3691;forbidden love
1725;4344;musical
1725;9823;rivalry
1725;9932;feud
1725;10131;interracial relationship
1725;10181;based on play or musical
1725;10449;sondheim
1725;18087;attempted rape
1725;33699;policeman
1725;159278;obsessive love
1725;160367;lifting female in air
1725;165100;young love
1725;165212;modern day adaptation
1725;165214;shakespeare in modern dress
172533;10556;male female relationship
172533;14522;co-worker
172533;14534;relationship
172533;171993;mumblecore
172535;5565;biography
172545;10183;independent film
172545;10199;gay interest
172545;33458;gay man
172545;187056;woman director
172577;11162;miniseries
1726;539;middle east
1726;6163;arms dealer
1726;8613;malibu
1726;8828;marvel comic
1726;9715;superhero
1726;9717;based on comic
1726;12555;tony stark
1726;173776;iron man
1726;179430;aftercreditsstinger
1726;180547;marvel cinematic universe
1726;208630;counter terrorism
1726;209756;agent coulson
172673;14629;experimental film
172673;214549;short
1727;351;poison
1727;1812;fbi
1727;2172;zoo
1727;3713;chase
1727;11190;sexual attraction
1727;33785;drugs and addiction
1727;156650;machine gun
1727;158045;piranha
172705;5565;biography
172705;8570;president
172705;9672;based on true story
172705;186064;true life character
172747;5049;ancient rome
172747;12965;duel
172767;2215;hurricane
172767;2215;hurricane
172785;1009;baby
172785;5905;father
172785;9713;friends
172785;13149;pregnancy
172785;162271;husband
172785;187056;woman director
172803;2215;hurricane
172803;3256;infant
172803;5096;natural disaster
172803;5905;father
172803;204159;hurricane katrina
172847;6241;stupidity
172847;9713;friends
172847;13088;summer
172847;14955;fighting
172847;18034;desert
172847;202692;issues
172847;220608;engine trouble
172897;187056;woman director
1729;8847;tempel
1729;9390;shaolin
1729;13130;teenager
1729;14778;urination
1729;15192;staff
1729;192913;warrior
1729;207411;monkey king
172913;947;prohibition
173;269;diving
173;270;ocean
173;339;submarine
173;385;jules verne
173;1316;captain
173;2768;atlantis
173;2769;deep sea
173;2770;war ship
173;2772;diving suit
173;3193;harpoon
173;3799;ship
173;6091;war
173;10503;scuba diving
173;14785;underwater
173;155334;scuba
173;191409;captain nemo
173;219972;giant  squid
1730;291;circus
1730;564;polen
1730;774;film business
1730;887;film producer
1730;960;homeless person
1730;1284;identity
1730;2058;film setting
1730;2320;violent husband
1730;2587;married couple
1730;2793;film director
1730;3595;deceived husband
1730;4183;wife
1730;9826;murder
1730;10183;independent film
1730;33465;parallel world
1730;162262;movie star
1730;184989;spectacle
1731;894;depression
1731;187056;woman director
173189;9716;stand-up comedy
1732;1930;kidnapping
1732;4152;kingdom
1732;5515;heir to the throne
1732;9725;sword fight
1732;9920;royalty
1732;177035;identity swap
173205;10428;cultural difference
173205;191446;inspiring
173205;201272;international
173205;220203;gender differences
173327;282;video game
173327;14905;britain
173327;18133;computer games
1734;5153;son
1734;157894;ancient egypt
1734;163306;bracelet
173491;187056;woman director
173541;1326;infidelity
173541;1332;cheating
173541;15160;divorce
173541;166113;marriage problems
173577;2583;blackout
173577;4470;punk
173577;180092;nyc
173577;207009;hip hop culture
173577;221227;heatwave
173631;6089;freedom
173631;10181;based on play or musical
173631;225135;domineering husband
173635;12193;reporter
173689;242;new york
173689;947;prohibition
173689;13142;gangster
173689;157283;speakeasy
173689;180172;framed for murder
1738;663;fortune teller
1738;179431;duringcreditsstinger
173805;378;prison
173805;570;rape
173805;10181;based on play or musical
173891;2679;artist
173891;33965;christmas eve
173897;720;helicopter
173897;1299;monster
173897;1353;underground
173897;1852;mutant
173897;4458;post-apocalyptic
173897;4565;dystopia
173897;9663;sequel
173897;10150;end of the world
173897;11024;female soldier
173897;11537;woman with gun
173897;12102;resident evil
173897;12377;zombie
173897;12654;armageddon
173897;13132;pistol
173897;41645;based on video game
173897;156525;heroine
173897;196376;sci-fi thriller
174;455;farewell
174;503;federation
174;505;starfleet
174;559;peace conference
174;665;uss enterprise-a
174;750;rura penthe
174;3012;court case
174;4732;peace contract
174;4812;plan
174;155211;klingon
174;161176;space opera
174195;190483;bowery boys
174371;187056;woman director
174487;14964;drug
174487;157701;psychotic
174487;210108;perth
174565;214549;short
174611;214549;short
174671;167381;house on fire
174671;187056;woman director
174671;232380;death of parents
174675;679;cyborg
174675;4565;dystopia
174759;1299;monster
174759;2041;island
174759;11083;paganism
174759;12414;escaped convict
174759;33782;diver
174759;190852;sponge
174865;18118;disguise
174865;156801;club
174865;215680;kleptomaniac
175291;9937;suspense
175291;210012;mumblegore
175555;207317;christmas
175869;203998;slovenia
175869;203999;bell maker
175983;1253;roommate
175983;3692;scandal
175983;10873;school
175983;215840;finishing school
176;1366;shotgun
176;13000;based on short film
176;13125;sadist
176;13132;pistol
176;157367;chained
176;157375;bludgeoning
176;157376;game of death
176069;187056;woman director
176077;1233;composer
176077;1523;obsession
176085;65;holiday
176085;10183;independent film
176085;195623;christmas time
176085;211302;feelbad
176143;907;japanese
176167;2199;opera
177;113;holy grail
177;960;homeless person
177;1014;loss of lover
177;1313;mental disease
177;1335;sense of guilt
177;1660;suppressed past
177;1873;yuppie
177;2045;cynic
177;2486;fantasy
177;2796;self-discovery
177;3305;housebreaking
177;3446;forgiveness
177;3600;gun rampage
177;3741;talk show
177;3754;legend
177;6059;unsociability
177;187554;person running amok
1770;393;civil war
1770;1721;fight
1770;2946;presidential election
1770;3538;freedom fighter
1770;4355;chinese civil war
1770;14985;ireland
1771;242;new york
1771;279;usa
1771;1956;world war ii
1771;2652;nazis
1771;8828;marvel comic
1771;9715;superhero
1771;9717;based on comic
1771;11064;nazi germany
1771;15060;period drama
1771;41523;brooklyn new york city
1771;173775;captain america
1771;179430;aftercreditsstinger
1771;180547;marvel cinematic universe
1771;209714;3d
1772;586;new jersey
1772;726;drug abuse
1772;2957;vietnam war
1772;3263;american  way of life
1772;5768;urban life
1772;6078;politics
1772;10183;independent film
1772;160910;xenophobia
1772;208349;child
1773;974;bank
1773;1929;bank manager
1773;3515;banker
1773;5571;great depression
1773;6126;banking
1773;210455;small community
1774;378;prison
1774;822;airport
1774;2398;narration
1774;2494;ohio
1774;4108;protest
1776;186;christianity
1776;1536;religious education
1776;5767;summer camp
1776;9649;god
1776;10183;independent film
1776;11529;conservatism
1776;14765;church
1776;15302;evangelical christianity
1776;18071;belief in god
1776;33858;right wing
1776;164810;religious fundamentalism
1776;166950;indoctrination
1776;187056;woman director
1779;592;capitalism
1779;14737;economics
1779;156052;unemployment
1779;156338;corporate greed
178;949;terrorist
178;1680;boston
178;2407;fireworks
178;3537;orchestra
178;5879;anarchist
178;6029;concert
178;6104;computer
178;9748;revenge
178;11018;irish
178;13027;wedding
178;14601;explosion
178;14819;violence
178;33406;roulette wheel
178;155530;capsized ship
178;157198;belfast
178;157251;bomb planting
178;179966;headphones
178;187844;flashback
178;206544;bomb attack
178;222423;blast
178;226463;human bomb
1781;2210;climate change
1781;2212;greenhouse effect
1781;3693;climate
1781;4627;earth
1781;5769;global warming
1781;6078;politics
1781;6256;truth
1781;6711;crisis
1781;18330;nature
1781;33577;environment
1781;156810;science
1781;164090;audience
1782;530;prophecy
1782;10909;lawyer
1782;13005;doctor
1783;233;japan
1783;388;scotland
1783;2052;traitor
1783;2448;freight train
1783;5339;railway car
1783;10508;teacher
1783;10787;jungle
1783;170223;corporal punishment
1783;188181;bushido
1787;65;holiday
1787;128;love triangle
1787;395;gambling
1787;158718;lgbt
1788;246;dancing
1788;733;dancer
1788;1691;dance
1788;6027;music
1788;207010;dance teacher
1789;1334;wedding vows
1789;1936;blackmail
1789;2136;television
1789;2692;arranged marriage
1789;3595;deceived husband
1789;3912;tv duel
1789;4481;deceived wife
1789;10818;author
179;242;new york
179;407;dictator
179;409;africa
179;434;destruction of a civilization
179;441;assassination
179;836;resistance
179;9748;revenge
179;9826;murder
179;15053;united nations
179;15155;witness to murder
179;18525;fbi agent
179;174375;resistance fighter
1791;456;mother
1791;572;sex
1791;818;based on novel
1791;2483;nudity
1791;2486;fantasy
1791;2699;fetish
1791;3260;masochism
1791;3720;power
1791;4399;victim
1791;6027;music
1791;6029;concert
1791;9673;love
1791;9859;controversial
1791;10508;teacher
1791;12105;student
1791;14743;pianist
1791;15319;attraction
1791;33513;desire
1791;155813;submissive
1791;180340;voyeur
1791;203493;domineering
1792;572;sex
1792;733;dancer
1792;779;martial arts
1792;1650;cook
1792;6593;stripper
1792;9673;love
1792;10624;bully
1792;12396;hollywood
1792;15016;twins
1792;187844;flashback
1792;207673;freak
1792;207716;actor
1792;208513;anxiety
1792;208514;conjoined
1792;208515;siamese
1793;4668;police operation
1793;5430;police protection
1793;5600;daughter
1793;40957;police academy
18;402;clone
18;444;taxi
18;679;cyborg
18;1160;egypt
18;2964;future
18;3622;stowaway
18;3801;space travel
18;4776;race against time
18;6163;arms dealer
18;9673;love
18;9951;alien
18;10093;priest
18;10150;end of the world
18;10842;good vs evil
18;10950;shootout
18;11148;police chase
18;11290;cab driver
18;14512;new york city
18;161176;space opera
18;162365;military
18;164920;opera singer
18;169593;resort hotel
18;172718;ancient astronaut
18;223344;archeologist
18;229863;ancient evil
18;234630;cruise liner
180;476;self-fulfilling prophecy
180;521;washington d.c.
180;2620;evidence
180;2964;future
180;3249;hologram
180;4565;dystopia
180;9826;murder
180;207268;neo-noir
180;236189;future noir
1807;282;video game
1807;1419;gun
1807;1517;classroom
1807;1583;mass murder
1807;5490;girlfriend
1807;7548;columbine
1807;12105;student
1809;128;love triangle
1809;10183;independent film
1809;171366;multiple storylines
1810;840;usa president
1810;2940;mexican revolution
1810;2946;presidential election
1810;4402;peasant
1811;572;sex
1811;1664;eroticism
1811;3183;bisexuality
1811;9951;alien
1811;10183;independent film
1811;14751;youth
1811;14964;drug
1811;33648;celebration
1812;237;gay
1812;824;drag queen
1812;888;screenwriter
1812;2864;one-night stand
1812;6593;stripper
1812;10183;independent film
1812;10198;gay relationship
1812;14512;new york city
1812;208341;it burns
1815;1402;general
1815;1936;blackmail
1815;3152;planned murder
1815;4942;victim of murder
1815;5600;daughter
1815;155860;philip marlowe
1817;949;terrorist
1817;5679;phone booth
1817;6259;psychopath
1824;563;deja vu
1824;1453;amnesia
1824;1668;hawaii
1824;2336;ladykiller
1824;9799;romantic comedy
1826;90;paris
1826;212;london england
1826;572;sex
1826;776;screenplay
1826;888;screenwriter
1826;1595;ex-girlfriend
1826;2516;boat wedding
1826;3563;st. petersburg russia
1826;3799;ship
1826;4118;ballet dancer
1826;10183;independent film
1826;10551;ballet
1826;10818;author
1826;13027;wedding
183;271;competition
183;282;video game
183;387;california
183;5301;brother
183;5303;utah
183;5304;nintendo
183;15291;on the road
183;167043;road movie
1830;2106;cold war
1830;6110;weapon
1830;6163;arms dealer
1831;237;gay
1831;970;parent child relationship
1831;4056;custody battle
1831;5568;flush
1831;5828;yoga
1831;9457;single
1831;12392;best friend
1831;12670;los angeles
1831;33479;single father
1831;212873;co-parenting
1832;290;angel
1832;2024;wisconsin
1832;4636;church service
1832;14765;church
1832;179430;aftercreditsstinger
1832;179431;duringcreditsstinger
1834;703;detective
1834;1808;lover (female)
1834;3152;planned murder
1834;9016;femme fatale
1834;11528;hallucinogenic drug
1834;12670;los angeles
1834;34145;beach house
1834;155790;private detective
1834;155860;philip marlowe
1834;195402;film noir
1834;213815;sedation
1834;222476;search for truth
1834;230960;unfaithful wife
1834;234849;tiki culture
1835;2619;suspicion of murder
1835;3152;planned murder
1835;12670;los angeles
1835;155860;philip marlowe
184;822;airport
184;1449;underworld
184;2001;arms deal
184;6110;weapon
184;6149;police
184;14964;drug
1840;703;detective
1840;1321;gold
1840;3152;planned murder
1840;4942;victim of murder
1840;155860;philip marlowe
1840;195402;film noir
1841;703;detective
1841;2134;press
1841;155860;philip marlowe
1841;195402;film noir
1842;2597;bigfoot
1842;5521;arkansas
1842;9672;based on true story
1842;10996;monsters of the wild
1842;11220;cryptozoology
1842;15061;docudrama
1842;208942;southern sasquatch
1842;208943;fouke monster
1843;992;bus
1843;2375;junkie
1843;2671;heroin
1843;3658;career
1843;4344;musical
1843;4516;romantic rivalry
1843;5288;rock
1843;5568;flush
1843;187056;woman director
1845;90;paris
1845;110;venice
1845;444;taxi
1845;700;italo-american
1845;1003;photographer
1845;1463;culture clash
1845;1749;taxi driver
1845;5167;restaurant owner
1845;5625;relationship problems
1845;6025;photography
1845;10183;independent film
1845;187056;woman director
1846;703;detective
1846;1936;blackmail
1846;3152;planned murder
1846;4942;victim of murder
1846;155807;bruce lee
1846;155860;philip marlowe
1847;703;detective
1847;3045;mission of murder
1847;4668;police operation
1847;4942;victim of murder
1847;5616;united states–mexico barrier
1847;6149;police
1847;9937;suspense
1847;12670;los angeles
1847;155860;philip marlowe
1847;207268;neo-noir
1848;703;detective
1848;2013;attempted murder
1848;3152;planned murder
1848;155860;philip marlowe
1849;441;assassination
1849;188641;reference to mahatma gandhi
1849;209365;indian history
185;378;prison
185;542;street gang
185;570;rape
185;704;adolescence
185;738;sexuality
185;766;beethoven
185;970;parent child relationship
185;2438;social worker
185;3676;living together
185;3679;society
185;4565;dystopia
185;9701;controversy
185;9859;controversial
185;14819;violence
185;192260;futuristic society
1850;837;show business
1850;3485;comedian
1850;5970;wrestling
1852;321;terror
1852;708;runaway
1852;905;alarm clock
1852;1701;hero
1852;2733;firemen
1852;2736;fire engine
1852;5597;war on terror
1852;10084;rescue
1852;11399;marine
1852;11612;hospital
1852;18029;trapped
1852;18030;rubble
1852;18031;rescue team
1853;187056;woman director
1857;4290;toy
1857;4375;transformation
1857;10542;based on toy
1857;10607;transformers
1857;234249;robots
1857;238465;intergalactic war
1858;2535;destroy
1858;4375;transformation
1858;9951;alien
1858;10542;based on toy
1858;10607;transformers
1858;14544;robot
1858;179431;duringcreditsstinger
1858;188178;teenage hero
1859;90;paris
1859;592;capitalism
1859;1847;istanbul
1859;2109;communist
1859;2110;capitalist
1859;5154;fur
1859;6099;jewelry
186;441;assassination
186;782;assassin
186;1284;identity
186;1589;sniper
186;2281;mistake in person
186;2606;jew
186;3149;gangster boss
186;5305;gambling debts
186;5306;boss
186;9826;murder
186;12355;sniper rifle
186;18525;fbi agent
186;155759;horse racing
186;155841;gambler
186;156573;slevin
186;156574;caso
186;160488;hoodlum
186;179450;black men
1863;1605;new love
1863;2676;honeymoon
1863;3452;love letter
1863;6091;war
1863;11104;russian front
1863;13065;soldier
1865;658;sea
1865;1316;captain
1865;1860;mutiny
1865;1938;sword
1865;2569;prime minister
1865;3180;sailing
1865;3625;silver
1865;3799;ship
1865;4235;duke
1865;5938;mermaid
1865;12988;pirate
1865;13065;soldier
1865;14643;battle
1865;157186;swashbuckler
1865;179430;aftercreditsstinger
1865;209714;3d
187;4565;dystopia
187;9717;based on comic
187;15365;held captive
187;18712;based on graphic novel
187;158973;black and white and color
187;159362;black and white scene
187;171570;black and white to color
187;175593;mysterious killer
187;175600;doing the right thing
187;175603;mercedes
187;175610;silhouette
187;207268;neo-noir
1870;2134;press
1870;4668;police operation
1870;10718;fugitive
1870;15009;criminal
1870;208612;poliziotteschi
1871;918;newspaper
1871;2562;press conference
1871;4668;police operation
1871;10718;fugitive
1872;9748;revenge
1872;10326;morgue
1872;10327;undead
1873;5499;burma
1873;5855;rangoon
1873;13005;doctor
1874;2881;jail guard
1874;2885;prison cell
1874;3644;south africa
1874;4106;apartheid
1874;5856;nelson mandela
1874;10685;escape
1874;160910;xenophobia
1875;4323;hunting human beings
1875;4668;police operation
1875;6149;police
1875;15009;criminal
1877;242;new york
1877;1721;fight
1877;4379;time travel
1877;5144;matter of life and death
1878;167799;gonzo journalist
1878;167805;sweaty face
1878;167808;fake identity
1878;167809;wedding chapel
1878;167812;grapefruit
1878;167818;cadillac convertible
1878;167822;gibberish
1878;167830;corvette stingray
1878;167833;police convention
1879;582;san francisco
1879;1459;marriage proposal
1879;6072;ruling class
1879;6876;vacation
1879;10131;interracial relationship
1879;12532;african american
1879;12997;dinner
1879;13005;doctor
1879;15478;art gallery
1879;33476;widower
1879;165872;miscegenation
1879;188994;publisher
1880;1008;guerrilla
1880;1981;colorado
1880;4278;invasion
1880;7059;anti-communism
1880;40847;near future
1880;193008;red army
1882;428;nurse
1882;1543;war veteran
1882;2564;wheelchair
1882;5859;paralysis
1882;8181;swimming pool
1882;11612;hospital
1882;13005;doctor
1882;160910;xenophobia
1883;187;islam
1883;242;new york
1883;378;prison
1883;441;assassination
1883;529;ku klux klan
1883;789;muslim
1883;796;police brutality
1883;966;beach
1883;2392;koran
1883;2881;jail guard
1883;2885;prison cell
1883;3036;bible
1883;5565;biography
1883;5835;martin luther king
1883;5860;nation of islam
1883;5861;civil rights movement 
1883;5863;mekka
1883;5864;pilgrimage
1883;5865;cabriolet
1883;6149;police
1883;6165;historical figure
1883;208455;malcolm x
1884;970;parent child relationship
1884;1299;monster
1884;1826;space marine
1884;2343;magic
1884;2486;fantasy
1884;3851;dangerous
1884;3930;bravery
1884;5774;forest
1884;5867;caravan
1884;6187;fairy-tale figure
1884;9882;space
1884;10084;rescue
1884;15285;spin off
1885;1439;flat
1885;2063;taskmaster
1885;3436;karate
1885;5698;egg
1885;9963;kids and family
1885;14735;motorcycle
1887;54612;shoe
1887;159431;voice over
1887;170339;rite
1887;173903;theatre audience
1887;180052;bride and groom
1887;180059;death of king
1887;180061;applause
1887;187056;woman director
1888;279;usa
1888;579;american football
1888;2102;brother-in-law
1888;2564;wheelchair
1888;4427;honesty
1888;4606;cinematographer
1888;4617;insurance fraud
1888;4918;shadowing
1888;5875;fortune cookie
1888;155816;ex-wife
189;703;detective
189;4565;dystopia
189;7089;dominatrix
189;9826;murder
189;9937;suspense
189;15016;twins
189;18712;based on graphic novel
189;178857;dark horse comics
189;207268;neo-noir
189;209714;3d
1890;1635;deaf-mute
1890;3770;listening
1890;5756;man-woman relation
1890;33756;deaf
1890;187056;woman director
1891;526;rebel
1891;803;android
1891;1423;asteroid
1891;2902;space battle
1891;3373;snow storm
1891;3388;space colony
1891;9831;spaceship
1891;10016;lightsaber
1891;10527;jedi
1891;10842;good vs evil
1891;11196;rebellion
1891;160134;the force
1891;161176;space opera
1891;178710;stormtrooper
1891;210346;wookie
1891;232452;jedi master
1891;232453;jedi training
1891;232454;droid
1892;526;rebel
1892;1155;brother sister relationship
1892;2280;emperor
1892;2902;space battle
1892;5144;matter of life and death
1892;9831;spaceship
1892;10013;death star
1892;10014;jabba the hutt
1892;10015;ewoks
1892;10527;jedi
1892;161176;space opera
1893;530;prophecy
1893;1399;senate
1893;2011;queen
1893;2063;taskmaster
1893;4270;galaxy
1893;4488;apprentice
1893;6128;taxes
1893;161176;space opera
1894;1399;senate
1894;5340;investigation
1894;6092;army
1894;10013;death star
1894;10527;jedi
1894;11491;cult figure
1894;13027;wedding
1894;14819;violence
1894;14922;kendo
1894;18069;laser gun
1894;161176;space opera
1894;163239;spaceport
1894;163242;teenage rebellion
1894;163248;good becoming evil
1894;163252;alien race
1894;163255;mechanical hand
1894;198710;yoda
1895;797;showdown
1895;10013;death star
1895;10629;vision
1895;11491;cult figure
1895;158449;hatred
1895;160840;dream sequence
1895;160946;expectant mother
1895;161176;space opera
1895;163272;chancel
1895;163277;childbirth
1895;163295;galactic war
1896;107;barcelona spain
1896;378;prison
1896;494;father son relationship
1896;1155;brother sister relationship
1896;1228;1970s
1896;1353;underground
1896;1775;demonstration
1896;2122;death penalty
1896;2137;totalitarian regime
1896;2339;political activism
1896;5750;zeitgeist unknown
1896;5879;anarchist
1896;5881;toulouse
1896;5882;franco regime
1896;5883;garotte
1896;9682;history
1896;10950;shootout
1896;14677;bullet wound
1896;41665;anarchy
1899;34215;lesbian interest
1899;173504;lgbt history
19;312;man vs machine
19;1001;underground world
19;1436;inventor
19;1761;metropolis
19;2346;worker
19;2964;future
19;3223;machine town
19;3640;work
19;4034;class society
19;4565;dystopia
19;5966;tower of babel
19;6662;delirium
19;10012;chase scene
19;10125;mad scientist
19;11222;prophet
19;14544;robot
19;14796;destruction
19;154802;silent film
19;201028;depravity
19;206472;masterpiece
19;234109;downtrodden
19;234110;saviour
1900;279;usa
1900;1601;war on drugs
1900;2149;drug traffic
1900;2231;drug dealer
1900;3391;drug smuggle
1900;4436;addicted
1900;4668;police operation
1900;5616;united states–mexico barrier
1900;6782;addiction
1900;18026;drug lord
1901;1599;midlife crisis
1901;5600;daughter
1901;5812;bad boss
1903;1453;amnesia
1903;1595;ex-girlfriend
1903;4563;virtual reality
1906;220;berlin
1906;6587;east berlin
1906;156026;east germany
1907;458;hippie
1907;911;exotic island
1907;966;beach
1907;1969;map
1907;2323;group dynamics
1907;2988;shark attack
1907;3077;leader
1907;3434;thailand
1907;5890;community
1907;5891;backpacker
1907;6262;delusion
1907;10776;marijuana
1907;14751;youth
1907;15097;shark
1907;34094;extramarital affair
1909;5906;sex addiction
1909;9673;love
1909;11857;mental institution
1909;14781;patient
1909;15106;psychiatrist
1909;180077;don juan
1911;616;witch
1911;1964;cave
1911;1975;arabian
1911;5475;scandinavia
1911;5894;bagdad
1911;5895;viking
1911;5939;iraq
1911;6091;war
1911;10364;mission
1912;220;berlin
1912;236;suicide
1912;441;assassination
1912;567;alcohol
1912;726;drug abuse
1912;1335;sense of guilt
1912;1577;solidarity
1912;1797;loyalty
1912;1936;blackmail
1912;2069;bathing
1912;2150;cocaine
1912;2417;self-awareness
1912;2571;tv show
1912;2954;manipulation of the media
1912;3587;media tycoon
1912;3600;gun rampage
1912;4113;jaguar
1912;5638;arrest
1912;6040;group
1912;6054;friendship
1912;9844;car crash
1912;11612;hospital
1913;380;brother brother relationship
1913;856;paraplegic
1913;1567;intensive care
1913;2336;ladykiller
1913;2564;wheelchair
1913;3737;dying and death
1913;5565;biography
1913;5896;galicia
1913;5897;bathing accident
1913;6089;freedom
1913;9840;romance
1913;10909;lawyer
1913;41599;sailor
1913;206662;euthanasia
1913;208666;dignity
1915;830;car race
1915;928;hairdresser
1915;1778;ruhr
1915;1779;mercedes benz
1915;2415;idiot
1915;2554;macho
1915;5898;turk
1915;5899;opel manta
1915;6696;tussi
1918;549;prostitute
1918;5598;tel aviv
1918;5902;escort service
1918;10508;teacher
1918;10707;mother daughter relationship
1918;13059;prostitution
1918;187056;woman director
192;186;christianity
192;295;library
192;344;inquisition
192;345;monk
192;351;poison
192;352;secret passage
192;18129;labyrinth
192;34143;rich
192;41406;middle ages
192;161167;persecution
192;161257;medieval
192;161258;franciscan
192;187316;burned at the stake
192;195889;poor
192;207046;murder mystery
192;229826;theological debate
1920;1326;infidelity
1920;2134;press
1920;3734;ambition
1920;4668;police operation
1920;6149;police
1920;209064;columnist
1921;1022;workaholic
1921;5904;dogsitter
1922;212;london england
1922;549;prostitute
1922;970;parent child relationship
1922;1546;ambulance
1922;1605;new love
1922;5153;son
1922;5248;female friendship
1922;11612;hospital
1922;33625;illegal prostitution
1922;40895;illness
1923;703;detective
1923;739;sexual abuse
1923;1010;bar
1923;1415;small town
1923;1817;orgy
1923;3307;surreal
1923;5340;investigation
1923;6152;supernatural
1923;9826;murder
1923;9937;suspense
1923;10988;based on tv series
1923;11004;rural setting
1923;13059;prostitution
1923;33785;drugs and addiction
1923;192241;disturbed teenager
1923;232999;cameos
1924;83;saving the world
1924;736;journalist
1924;849;dc comics
1924;853;crime fighter
1924;3312;nuclear missile
1924;4270;galaxy
1924;9715;superhero
1924;9717;based on comic
1924;15009;criminal
1924;15246;sabotage
1924;34154;north pole
1924;156230;midwest
1924;163420;kryptonite
1924;163455;super powers
1924;179102;superhuman strength
1924;179430;aftercreditsstinger
1924;193544;save the day
1926;1418;skyscraper
1926;5597;war on terror
1926;5907;middle east conflict
1926;6007;media
1926;6059;unsociability
1926;172971;elderly
1926;187056;woman director
1927;387;california
1927;582;san francisco
1927;1299;monster
1927;1402;general
1927;1419;gun
1927;1718;dna
1927;2766;mutation
1927;2800;psychology
1927;3695;berkeley
1927;4375;transformation
1927;4456;frog
1927;8570;president
1927;8828;marvel comic
1927;9715;superhero
1927;12393;golden gate bridge
1927;13005;doctor
1927;13073;fear
1927;14760;scientist
1927;15162;dog
1927;18034;desert
1927;18047;anger
1927;46951;mirror
1927;157344;phone
1927;162365;military
1927;163207;cell
1927;179100;hulk
1927;179102;superhuman strength
1927;184987;repressed memory
1927;222797;repression
193;10988;based on tv series
193;34079;death
193;162410;exploding planet
193;162415;mountain cabin
193;162429;solar system
1930;1872;loss of father
1930;7002;vigilante
1930;8803;serum
1930;8828;marvel comic
1930;156855;scientific experiment
1930;158124;spider bite
1930;158456;masked vigilante
1930;161184;reboot
1930;163455;super powers
1930;163561;genetic engineering
1930;171556;social outcast
1930;179431;duringcreditsstinger
1931;699;love at first sight
1931;963;loss of brother
1931;1974;breakdance
1931;5600;daughter
1933;2341;nanny
1933;3358;haunted house
1933;5911;channel islands
1933;33465;parallel world
1933;166591;photosensitivity
1933;210530;spiritism
1936;395;gambling
1936;1261;river
1936;1415;small town
1936;1582;saloon
1936;4320;lover
1936;4542;gold rush
1936;4932;farm
1936;10229;singer
1936;207928;19th century
1937;65;holiday
1937;818;based on novel
1937;1808;lover (female)
1937;2853;mediterranean
1937;5600;daughter
1937;9813;french riviera
1938;128;love triangle
1938;1546;ambulance
1938;3012;court case
1938;5138;gas
1938;5921;step mother
1938;6795;ambulance man
1938;155068;emergency doctor
1938;155436;classic noir
1938;155803;drive over cliff
1938;200830;double jeopardy
1939;703;detective
1939;1523;obsession
1939;5340;investigation
1939;5918;painting
1939;5920;advertising expert
1939;9826;murder
1939;9840;romance
1939;9937;suspense
1939;14780;investigator
1939;33632;apartment
1939;155436;classic noir
194;90;paris
194;128;love triangle
194;365;ghost train
194;366;sex-shop
194;367;shyness
194;1407;montmartre
194;5600;daughter
194;5972;garden gnome
194;5973;journey round the world
194;6025;photography
1940;4344;musical
1940;6027;music
1941;536;israel
1941;835;jewry
1941;5907;middle east conflict
1941;6917;epic
1942;4725;baby-snatching
1944;966;beach
1944;1326;infidelity
1944;3096;book
1944;3487;assistant
1944;6139;innocence
1944;10183;independent film
1944;10818;author
1944;13028;writer
1944;13088;summer
1945;936;loss of mother
1945;1578;loss of sister
1945;1608;twin sister
1945;1646;autism
1945;1889;lake
1945;2171;kaspar-hauser-syndrom
1945;5650;feral child
1945;5774;forest
1945;5922;north carolina
1945;11268;psychologist
1945;18035;family
1946;282;video game
1946;2157;hacker
1946;3088;bodyguard
1946;3490;pop star
1946;4563;virtual reality
1946;4565;dystopia
1946;5380;virtual fight
1947;697;loss of son
1947;798;sheriff
1947;1016;wyoming
1947;2971;grandfather granddaughter relationship
1947;5927;violence against women
1948;351;poison
1948;720;helicopter
1948;782;assassin
1948;2483;nudity
1948;2708;hitman
1948;4680;adrenalin
1948;5572;fistfight
1948;8181;swimming pool
1948;9748;revenge
1948;10950;shootout
1948;14735;motorcycle
1948;14964;drug
1948;15156;cell phone
1948;15483;car chase
1948;18520;though guy
1948;159546;pharmacy
1948;163516;defibrillation
1948;166093;hospital gown
1948;177127;emergency room
1948;179430;aftercreditsstinger
1948;185686;sweatshop
1948;198962;run
1948;226710;epinephrine
1949;387;california
1949;582;san francisco
1949;627;killing
1949;736;journalist
1949;918;newspaper
1949;1583;mass murder
1949;3152;planned murder
1949;4123;embassy
1949;4399;victim
1949;4923;threat to death
1949;4942;victim of murder
1949;4950;code
1949;6149;police
1949;9826;murder
1949;10714;serial killer
1949;12193;reporter
195;110;venice
195;642;robbery
195;931;jealousy
195;4129;widow
195;5310;approach
195;11677;secretary
195;34094;extramarital affair
195;211269;emotions
1950;383;poker
1950;6075;sport
1950;14570;las vegas
1951;531;southern usa
1951;2831;slavery
1951;179431;duringcreditsstinger
1954;1453;amnesia
1954;2362;chaos theory
1954;2583;blackout
1954;4379;time travel
1954;187844;flashback
1955;2804;exploitation
1955;5565;biography
1955;11612;hospital
1955;158023;curiosity
1955;163075;sideshow
1955;170383;disfigurement
1955;203624;physical deformity
1955;207673;freak
1955;207928;19th century
1955;208666;dignity
1956;1333;desperation
1956;3306;highway
1956;3593;wilderness
1956;5930;getting lost
1956;6054;friendship
1956;9826;murder
1956;12392;best friend
1956;18034;desert
1956;212412;very little dialogue
1956;215020;tarkovskyesque
1956;225061;friend
1957;828;waitress
1957;1157;wife husband relationship
1957;2320;violent husband
1957;2801;self-defense
1957;5927;violence against women
1957;9937;suspense
1957;155501;marry rich
1957;212643;abusive husband
1958;213;upper class
1958;515;women
1958;2123;father murder
1958;5600;daughter
1958;13097;maid
1958;170652;father figure
1958;217324;murder hunt
1959;240;underdog
1959;658;sea
1959;1209;wales
1959;1738;ukraine
1959;1942;strangeness
1959;2580;shipwreck
1959;4549;loss of husband
1959;13005;doctor
1959;160910;xenophobia
1959;187056;woman director
1959;198141;strange person
196;386;railroad robber
196;387;california
196;951;delorean
196;957;indian territory
196;999;sports car
196;1436;inventor
196;1544;locomotive
196;1582;saloon
196;2284;horseback riding
196;4379;time travel
196;9503;outlaw
196;9663;sequel
196;10125;mad scientist
196;10322;native american
196;10511;western
196;10950;shootout
196;12371;gunfight
196;13008;train
196;155573;wild west
196;156234;cavalry
1961;9755;parody
1961;33465;parallel world
1963;965;age difference
1963;1157;wife husband relationship
1963;1422;boat
1963;12663;little girl
1963;158540;south korea
1964;107;barcelona spain
1964;128;love triangle
1964;822;airport
1964;830;car race
1964;2080;stewardess
1964;3973;insurance salesman
1964;4682;basement garage
1964;6054;friendship
1965;931;jealousy
1965;1936;blackmail
1965;2679;artist
1965;3152;planned murder
1965;34094;extramarital affair
1966;347;aristotle
1966;1160;egypt
1966;1200;greece
1966;1241;persia
1966;2857;elephant
1966;3072;campaign
1966;5127;alexander the great
1966;10180;homosexuality
1966;10198;gay relationship
1966;14704;ancient world
1967;131;italy
1967;534;mexico
1967;567;alcohol
1967;572;sex
1967;966;beach
1967;2483;nudity
1967;2983;passion
1967;3170;cigarette
1967;3344;letter
1967;5091;kiss
1967;6149;police
1967;9673;love
1967;12425;racism
1967;12670;los angeles
1968;828;waitress
1968;1463;culture clash
1968;9799;romantic comedy
1968;13149;pregnancy
1969;534;mexico
1969;2492;bank robber
1969;9748;revenge
1969;12392;best friend
1969;15363;bank robbery
1969;155445;bank vault
1969;163671;steam locomotive
197;30;individual
197;388;scotland
197;930;in love with enemy
197;3754;legend
197;4097;independence
197;6987;idealism
197;162845;revolt
197;189433;tyranny
1970;255;male nudity
1970;428;nurse
1970;907;japanese
1970;6095;house
1970;9714;remake
1970;10541;curse
1970;172972;old woman
1970;172980;catatonia
1970;172992;ghost child
1970;172998;remake of japanese film
1975;9714;remake
1975;9736;little boy
1975;10541;curse
1977;1155;brother sister relationship
1977;10525;broken neck
1977;10541;curse
1977;14831;stabbing
1977;33505;gothic
1977;161261;demonic possession
1977;161742;film starts with text
1977;161744;police tape
1977;161745;handprint
1977;161750;dollhouse
1977;161752;family photo
1977;207914;murder of son
1978;212;london england
1978;769;falsely accused
1978;4320;lover
1978;34094;extramarital affair
1979;657;fire
1979;720;helicopter
1979;1671;surfboard
1979;2546;mask
1979;3376;satellite
1979;3800;airplane
1979;4375;transformation
1979;5774;forest
1979;6506;resurrection
1979;8828;marvel comic
1979;9663;sequel
1979;9715;superhero
1979;9717;based on comic
1979;12405;outer space
1979;13027;wedding
1979;14601;explosion
1979;14760;scientist
1979;15271;interrogation
1979;33456;double cross
1979;160117;fantastic four
1979;162365;military
1979;175975;earth in peril
1979;179102;superhuman strength
1979;179431;duringcreditsstinger
1979;189115;invisibility
1979;202541;silver surfer
1979;222915;forcefield
1979;227591;elasticity
1979;227595;absorbing power
198;128;love triangle
198;212;london england
198;1326;infidelity
198;1956;world war ii
198;2435;warsaw ghetto
198;2436;polish resistance
198;2444;jewish ghetto
198;2652;nazis
198;3800;airplane
198;4679;parachuting
198;11065;funny nazi
198;11109;military officer
198;11134;espionage
1984;818;based on novel
1984;2136;television
1984;2964;future
1984;4565;dystopia
1984;8202;big brother
1984;178712;totalitarianism
1985;740;aids
1985;4529;diplomat
1985;5944;nairobi
1985;6083;politician
1985;6135;pharmaceutical industry
1985;10163;cancer
1985;10326;morgue
1985;33617;genocide in rwanda
1988;321;terror
1988;917;journalism
1988;1605;new love
1988;1647;sadness
1988;1812;fbi
1988;2300;despair
1988;3051;hostage drama
1988;3848;support
1988;3929;hope
1988;6054;friendship
1988;6150;faith
1988;6203;loss
1988;7021;pakistan
1988;9826;murder
1988;10183;independent film
1988;13149;pregnancy
1989;279;usa
1989;369;kaffeehaus
1989;383;poker
1989;725;lovesickness
1989;828;waitress
1989;1010;bar
1989;1759;night life
1989;3752;night
1989;4232;melancholy
1989;5310;approach
1989;9957;loneliness
199;503;federation
199;505;starfleet
199;522;borg
199;671;enterprise-e
199;679;cyborg
199;680;montana
199;836;resistance
199;1436;inventor
199;1522;repayment
199;1523;obsession
199;49960;business start-up
199;161176;space opera
1990;1774;news broadcast
1990;4956;decision
1990;6201;fall
1990;10049;teen angst
1990;10183;independent film
1990;10521;fatal accident
1990;11471;flash forward
1990;13130;teenager
1990;14602;break-up
1990;18068;teenage boy
1990;41180;security guard
1990;157171;nonlinear timeline
1990;162533;torso cut in half
1990;178873;skateboarder
1990;178883;autumn
1990;178887;skate park
1990;178895;questioning
1992;1452;loss of child
1992;4409;military base
1992;5138;gas
1992;11532;grindhouse
1992;12377;zombie
1992;15085;splatter
1993;131;italy
1993;279;usa
1993;494;father son relationship
1993;629;sicily
1993;941;tradition
1993;1526;home
1993;1534;attachment to nature
1993;1625;emigration
1993;1913;atlantic ocean
1993;2062;restart
1993;2486;fantasy
1993;3371;family history
1993;3469;utopia
1993;3799;ship
1993;4402;peasant
1993;5978;progress
1993;5979;ocean crossing
1993;5981;intelligence test
1993;6156;superstition
1993;10392;mute
1993;18035;family
1993;192519;emigrant
1994;3185;crocodile
1994;5572;fistfight
1994;33688;hunting
1994;156630;remote island
1994;156764;pre-code
1994;156866;based on short story
1994;161240;sole survivor
1994;183225;reef
1994;183239;attacked by a dog
1994;183240;mute villain
1994;199812;nobleman
1994;207678;human prey
1994;224121;big game hunter
1997;380;brother brother relationship
1997;963;loss of brother
1997;2960;cambodia
1997;3713;chase
1997;4809;tiger
1997;5744;governor
1997;9920;royalty
1997;41585;travelling circus
1997;41586;archaeologist
1998;417;corruption
1998;612;hotel
1998;1572;bestechung
1998;2393;adoption
1998;2960;cambodia
1998;5097;sterility
1998;6019;human trafficking
1998;6020;auvergne
1998;417;corruption
1998;612;hotel
1998;1572;bestechung
1998;2393;adoption
1998;2960;cambodia
1998;5097;sterility
1998;6019;human trafficking
1998;6020;auvergne
1999;965;age difference
1999;1495;fishing
1999;1679;arbitrary law
1999;2317;conductor
1999;5982;ex husband
1999;9457;single
1999;10183;independent film
2;240;underdog
2;378;prison
2;730;factory worker
2;1563;prisoner
2;1787;helsinki
2;10183;independent film
2;13072;falling in love
20;455;farewell
20;457;responsability
20;3737;dying and death
20;4225;night shift
20;5600;daughter
20;7879;secret love
20;10707;mother daughter relationship
20;187056;woman director
200;161176;space opera
200;162388;retribution
200;162392;spacecraft officer
200;162399;exploding ship
2000;1321;gold
2000;3441;sentence
2000;4414;adventure
2000;4542;gold rush
2000;5967;peru
2000;5968;amazon
2000;6206;float
2000;6255;insanity
2000;18266;south america
2000;208244;16th century
2000;208358;conquest
2000;209966;new german cinema
2000;215162;indigenous peoples
2000;228691;conquistador
2001;242;new york
2001;494;father son relationship
2001;2334;nightclub
2001;13142;gangster
2002;128;love triangle
2002;1014;loss of lover
2002;1808;lover (female)
2002;9553;ancien régime
2002;155697;aristocrat
2002;187056;woman director
2004;494;father son relationship
2004;779;martial arts
2004;780;kung fu
2004;886;film making
2004;2559;film maker
2004;5808;pregnant minor
2004;5898;turk
2004;5976;multiculturalism
2004;5977;schanzenviertel
2004;13149;pregnancy
2004;14534;relationship
2005;2409;church choir
2005;4009;witness protection
2005;4344;musical
2005;5708;gospel
2005;6029;concert
2005;9826;murder
2005;10229;singer
2005;15155;witness to murder
2005;41592;monastery
2007;970;parent child relationship
2007;1279;medicine
2007;1452;loss of child
2007;3737;dying and death
2008;964;servant
2008;2280;emperor
2008;3994;battle assignment
2009;570;rape
2009;922;hotel room
2009;2137;totalitarian regime
2009;2566;cohabitant
2009;5248;female friendship
2009;5984;dormitory
2009;12392;best friend
2009;33358;contraception
2009;209983;romanian new wave
201;402;clone
201;441;assassination
201;502;ambush
201;503;federation
201;505;starfleet
201;671;enterprise-e
201;768;romulus
201;803;android
201;1399;senate
201;1430;self sacrifice
201;1475;telepathy
201;6110;weapon
201;12388;romulans
201;161176;space opera
2010;1534;attachment to nature
2010;1647;sadness
2010;2074;pflegeheim
2010;5774;forest
2010;187056;woman director
2011;393;civil war
2011;970;parent child relationship
2011;1228;1970s
2011;1525;puberty
2011;2137;totalitarian regime
2011;2630;cutting the cord
2011;4470;punk
2011;4514;bomb alarm
2011;6091;war
2011;161919;adult animation
2011;173919;punk band
2011;187056;woman director
2013;1731;writing
2013;1808;lover (female)
2013;2629;psychological stress
2013;3737;dying and death
2013;4222;editor-in-chief
2013;4653;french
2013;10183;independent film
2013;14781;patient
2013;158558;disabled
2015;697;loss of son
2015;1252;suicide attempt
2015;4549;loss of husband
2015;6150;faith
2015;10183;independent film
2015;158540;south korea
2016;1956;world war ii
2016;2263;algerian
2016;2349;german
2016;4515;northern africa
2016;4653;french
2016;6092;army
2016;10057;institutional discrimination
2016;10183;independent film
2016;11106;infantry
2016;12419;heroic bloodshed
2017;642;robbery
2017;703;detective
2017;974;bank
2017;1562;hostage
2017;1621;robber
2017;6149;police
2017;9016;femme fatale
2017;9672;based on true story
2017;9727;thief
2017;10481;tension
2017;11169;missing girl
2017;14604;theft
2017;15090;police officer
2017;15167;police detective
2017;15363;bank robbery
2017;33699;policeman
2017;197434;team of criminals
2017;207268;neo-noir
2018;238179;skab under tv
2018;238241;foran
2018;238242;nederste hylde
2019;2411;new orleans
2019;3070;mercenary
2019;4323;hunting human beings
2019;10594;money
2019;13017;drifter
2019;15137;union
2019;41599;sailor
2019;207678;human prey
2020;582;san francisco
2020;1338;bachelor
2020;9714;remake
2020;10911;inheritance
2020;13027;wedding
2021;212;london england
2021;894;depression
2021;1009;baby
2021;2341;nanny
2021;5600;daughter
2022;3452;love letter
2022;6018;new hampshire
2022;8680;ferrari
2022;9468;liar
2022;9821;city country contrast
2022;10911;inheritance
2022;12547;billionaire
2022;14512;new york city
2022;15120;kindness
2022;161757;fable
2022;161762;apple tree
2022;161779;corporate take over
2022;162632;chrysler building
2023;643;horse race
2023;2673;horse
2023;3525;racehorse
2024;526;rebel
2024;531;southern usa
2024;697;loss of son
2024;779;martial arts
2024;1402;general
2024;1465;loss of family
2024;2983;passion
2024;3074;insurgence
2024;4653;french
2024;5600;daughter
2024;5992;south carolina
2024;6731;british
2024;9672;based on true story
2024;10292;gore
2024;10364;mission
2026;1812;fbi
2026;1930;kidnapping
2026;4668;police operation
2026;14903;home invasion
2026;18233;hostage situation
2026;159710;hostage negotiator
2028;392;england
2028;2350;seattle
2028;5600;daughter
2028;6270;high school
2028;155646;kickboxer
203;1944;epilepsy
203;2236;protection money
203;7879;secret love
203;10594;money
203;11436;redemption
2034;796;police brutality
2034;1601;war on drugs
2034;2149;drug traffic
2034;2231;drug dealer
2034;12670;los angeles
2034;33426;gang member
2034;164253;mexican american
2034;183637;barrio
2034;206318;cholo
2038;351;poison
2038;3203;pilot
2038;3737;dying and death
2038;3800;airplane
2038;33785;drugs and addiction
2039;242;new york
2039;3452;love letter
2039;4320;lover
2039;4550;full moon
204;314;life and death
204;430;venezuela
204;657;fire
204;1291;central and south america
204;3464;tanker
204;5175;petrol
204;6059;unsociability
204;6124;incomes
204;9276;truck
204;10590;oil
204;15017;danger
204;155963;driver
204;181322;nitroglycerin
2042;393;civil war
2042;515;women
2042;570;rape
2042;3070;mercenary
2042;6091;war
2042;9285;serbian
2042;11872;atrocity
2043;2800;psychology
2043;4668;police operation
2043;6149;police
2043;11268;psychologist
2044;520;chicago
2044;1731;writing
2044;2301;architect
2044;2964;future
2044;3667;time
2044;12436;architecture
2044;15021;mysterious letter
2044;40847;near future
2044;47023;first kiss
2044;191100;romantic drama
2044;192966;passage of time
2045;1157;wife husband relationship
2045;1706;experiment
2045;6149;police
2045;9826;murder
2045;9937;suspense
2045;10937;memory
2045;160313;forensic
2045;163114;gunman
2045;168069;animal experimentation
2046;663;fortune teller
2046;1566;dream
2046;41171;pond
2046;163558;extrasensory perception
2047;378;prison
2047;6168;master thief
2047;6170;motherly love
2047;15363;bank robbery
2048;236;suicide
2048;310;artificial intelligence
2048;312;man vs machine
2048;520;chicago
2048;818;based on novel
2048;1701;hero
2048;2964;future
2048;3703;law
2048;4565;dystopia
2048;6149;police
2048;9826;murder
2048;14544;robot
2048;209714;3d
2048;220903;humanoid robot
2049;188;buddhism
2049;1201;austria
2049;1650;cook
2049;1918;cooking
2049;6172;zen
2049;6181;cookery course
2049;187056;woman director
205;971;rwanda
205;972;refugee
205;973;refugee camp
205;1550;militia
205;9826;murder
205;10089;slaughter
205;10877;dead body
205;11872;atrocity
205;13069;african
205;14624;cruelty
205;14819;violence
205;15053;united nations
205;33617;genocide in rwanda
205;34079;death
2054;1233;composer
2054;1310;mentor
2054;1635;deaf-mute
2054;4344;musical
2054;4488;apprentice
2054;5289;private life
2054;6027;music
2054;158558;disabled
2055;2673;horse
2055;5701;beef
2055;6174;ranger
2056;477;train station
2056;586;new jersey
2056;5290;small person
2056;6054;friendship
2056;6178;newfoundland
2057;515;women
2057;572;sex
2057;701;cuba
2057;1664;eroticism
2057;1808;lover (female)
2057;2983;passion
2057;6180;coffee grower
2057;7412;sin
2057;197602;denunciation
206;90;paris
206;436;south seas
206;439;paradise
206;440;missionary
206;10787;jungle
206;161207;catholicism
2061;792;copenhagen
2061;2231;drug dealer
2061;4668;police operation
2061;14964;drug
2067;839;mars
2067;1612;spacecraft
2067;3801;space travel
2067;9951;alien
2067;11440;long take
2067;12405;outer space
2067;14626;astronaut
2067;157444;dismemberment
2067;160515;alien contact
2067;191586;trapped in space
207;30;individual
207;490;philosophy
207;496;poetry
207;497;shakespeare
207;1992;professor
207;2132;literature
207;6054;friendship
207;226128;filmes focados em um professor
2071;483;riddle
2071;1453;amnesia
2071;4183;wife
2071;4585;plastic surgery
2071;5406;head physician
2071;9937;suspense
2071;155790;private detective
2072;642;robbery
2072;2812;computer virus
2072;4850;computer war
2072;8440;ex-cop
2072;14675;lethal virus
2072;15127;killer
2072;160488;hoodlum
2074;5498;lsd
2074;6230;looking for  birth parents
2074;6231;half-brother
2074;10183;independent film
2075;2708;hitman
2075;4663;lovers
2075;13142;gangster
2075;15127;killer
2077;1946;restaurant
2077;6038;marriage
2077;6234;roller-skating
2077;6235;lunch break
2077;8508;party
2077;15300;father daughter relationship
2077;34094;extramarital affair
2077;40950;waiter
2077;154802;silent film
2077;193522;rollerskating rink
2077;226887;falling
2078;5634;pawnbroker
2078;6197;store window
2078;6198;ladder
2079;2281;mistake in person
2079;6199;dressmaker
2080;417;corruption
2080;1852;mutant
2080;2792;boxer
2080;6092;army
2080;8828;marvel comic
2080;9715;superhero
2080;179430;aftercreditsstinger
2080;179431;duringcreditsstinger
2082;2546;mask
2082;2604;babysitter
2082;4426;sadism
2082;6259;psychopath
2082;10685;escape
2082;13001;cowardliness
2082;14624;cruelty
2082;14687;extreme violence
2082;14805;maniac
2082;161184;reboot
2082;179431;duringcreditsstinger
2082;179564;disturbed child
2082;179565;michael myers
2084;293;female nudity
2084;642;robbery
2084;11014;mail order bride
2084;186757;bank clerk
2085;779;martial arts
2085;898;hip-hop
2085;6219;oakland
2085;14988;asian
2085;237849;asian man
2085;237850;asian lead
2086;441;assassination
2086;477;train station
2086;6078;politics
2086;12670;los angeles
2087;159588;suicide by hanging
2087;159595;sexual torture
2087;159600;exploding truck
2087;159601;cuckold
2087;159602;garbage dump
2088;4668;police operation
2088;5906;sex addiction
2088;6149;police
2088;6220;mafia boss
2088;9937;suspense
2088;10978;bad cop
2088;12366;hitwoman
2089;416;miami
2089;4679;parachuting
2089;10183;independent film
2089;14964;drug
2089;18525;fbi agent
2091;549;prostitute
2091;571;transsexuality
2091;798;sheriff
2091;1415;small town
2091;3134;louisiana
2091;6085;election campaign
2093;161814;psycho killer
2095;2708;hitman
2095;3593;wilderness
2095;9937;suspense
2095;18525;fbi agent
2095;199656;white woman
2097;233;japan
2097;1003;photographer
2097;1299;monster
2097;2041;island
2097;3521;earthquake
2097;3664;research
2097;3799;ship
2097;5144;matter of life and death
2097;11100;giant monster
2097;12616;dinosaur
2097;12667;tokusatsu
2097;157524;tropical island
2097;160189;giant egg
2097;161791;kaiju
2098;5694;elvis
2098;6027;music
2098;14570;las vegas
2099;520;chicago
2099;1812;fbi
2099;6220;mafia boss
2099;13142;gangster
2099;206544;bomb attack
21;1524;surfer
21;1671;surfboard
21;5349;surfing
2100;378;prison
2100;1402;general
2102;258;bomb
2102;310;artificial intelligence
2102;1670;sun
2102;1826;space marine
2102;14626;astronaut
2103;402;clone
2103;1565;loss of sense of reality
2103;3298;hallucination
2103;3801;space travel
2103;9872;grief
2103;9882;space
2103;11268;psychologist
2103;12405;outer space
2103;14626;astronaut
2103;18211;loss of loved one
2103;156039;space station
2103;161348;unusual phenomena
2104;345;monk
2104;41592;monastery
2105;3687;graduation
2105;6139;innocence
2105;10683;coming of age
2105;13130;teenager
2105;33910;high school student
2105;44447;pie
2105;155722;teen comedy
2105;156777;teenage sexuality
2105;160140;exchange student
2105;167310;sitting on a toilet
2105;178649;voyeurism
2105;208445;virginity
2105;215404;laxative
2105;226226;prom night
2107;2136;television
2107;2221;meteorology
2107;3337;metereologist
2107;3912;tv duel
2107;6340;weatherman
2107;12670;los angeles
2107;156052;unemployment
2108;6270;high school
2108;6291;tardy hall
2108;13130;teenager
2108;15299;detention
2109;11448;two man army
2109;167350;consul
2109;167352;crime lord
2109;167362;art treasures
2109;167366;reference to chelsea clinton
2109;167371;roses are red poem
2109;179431;duringcreditsstinger
211;292;berlin wall
211;494;father son relationship
211;931;jealousy
211;1563;prisoner
211;1591;ex-detainee
211;1749;taxi driver
211;1772;german democratic republic
211;1849;homicide
211;2300;despair
211;3026;reality
211;3396;probation assistant 
211;6054;friendship
211;6059;unsociability
2110;772;handcuffs
2110;2708;hitman
2110;3452;love letter
2110;4668;police operation
2110;6297;japanese mafia
2110;162461;golf club
2110;187729;brutal cop
2112;242;new york
2112;2671;heroin
2112;10594;money
2112;15009;criminal
2114;3994;battle assignment
2114;4565;dystopia
2114;9951;alien
2114;12413;downfall
2114;14760;scientist
2114;41645;based on video game
2115;1155;brother sister relationship
2115;2357;cleveland
2115;4344;musical
2115;5288;rock
2115;10163;cancer
2115;10707;mother daughter relationship
2115;11933;conflict
2116;416;miami
2116;1196;florida
2116;6309;double murder
2116;15160;divorce
2117;836;resistance
2117;2122;death penalty
2117;2437;munich
2117;5565;biography
2117;6312;white rose
2117;6313;flyer
2117;6317;guillotine
2117;11064;nazi germany
2117;15272;gestapo
2117;191726;nazism
2117;196273;anti-nazi
2117;207883;1940s
2118;417;corruption
2118;703;detective
2118;1366;shotgun
2118;10326;morgue
2118;11314;f word
2118;11925;domestic violence
2118;13092;corpse
2118;14536;crime
2118;33518;district attorney
2118;157325;bandage
2118;162262;movie star
2118;163335;man with glasses
2118;167145;knife in thigh
2118;167149;good cop bad cop
2118;167159;switchblade
2118;167164;call girl
2118;208611;1950s
2118;228495;falsifying
2119;6315;stock-car-race
2119;6316;daytona
2119;9844;car crash
2123;222;schizophrenia
2123;8440;ex-cop
2123;179430;aftercreditsstinger
2123;179431;duringcreditsstinger
2124;236;suicide
2124;387;california
2124;572;sex
2124;1308;secret identity
2124;1664;eroticism
2124;2340;paranoia
2124;2483;nudity
2124;2655;group therapy
2124;2726;therapist
2124;9872;grief
2124;11036;obsessive compulsive disorder
2124;14819;violence
2124;15106;psychiatrist
2124;15483;car chase
2124;18118;disguise
2124;41329;mental illness
2124;155812;color blindness
2124;178649;voyeurism
2125;1563;prisoner
2125;2964;future
2125;10685;escape
2125;222423;blast
213;441;assassination
213;470;spy
213;471;mount rushmore national memorial
213;10325;mistaken identity
213;10562;on the run
213;10718;fugitive
213;11134;espionage
213;15086;advertising
213;15124;framed
213;163049;government agent
2132;2334;nightclub
2132;4320;lover
2132;6331;blond
2133;3366;u.s. air force
2133;13046;grocery
2133;168663;jamaican
2133;168669;meteorologist
2133;168672;rescue boat
2133;168673;marina
2133;168676;city hall
2133;168678;the flemish cap
2133;168679;male camaraderie
2133;168683;storm at sea
2134;212;london england
2134;1436;inventor
2134;2964;future
2134;4379;time travel
2134;4565;dystopia
2134;5455;time machine
2135;2964;future
2135;5455;time machine
2139;585;casino
2139;780;kung fu
2139;2671;heroin
2139;10601;blaxploitation
2139;12354;hong kong
214;879;brain tumor
214;2483;nudity
214;3407;suffocation
214;157512;mutilation
214;157513;severed foot
214;157514;famous theme
214;157515;shot in the face
2140;90;paris
2140;549;prostitute
2140;14964;drug
2141;5565;biography
2142;417;corruption
2142;586;new jersey
2142;772;handcuffs
2142;1812;fbi
2142;3450;bridge
2142;6149;police
2142;9786;burned alive
2142;9826;murder
2142;9844;car crash
2142;10183;independent film
2142;10978;bad cop
2142;11363;arson
2142;11719;dirty cop
2142;11730;internal affairs
2142;13063;car accident
2142;14512;new york city
2142;14819;violence
2142;156022;nypd
2142;161306;world trade center
2142;182069;jumping off a bridge
2142;226376;corrupt cop
2143;393;civil war
2143;892;glasgow
2143;1952;socially deprived family
2143;2776;bus ride
2143;5612;bus driver
2143;6342;nicaragua
2143;6358;sandinistas
2143;208289;1980s
2144;5514;conspiracy of murder
2144;207268;neo-noir
2148;1416;jazz
2148;3017;jazz musician
2148;4344;musical
2148;10391;mafia
2149;572;sex
2149;1326;infidelity
2149;1664;eroticism
2149;2483;nudity
2149;3182;seduction
2149;9826;murder
2149;14964;drug
2149;207268;neo-noir
215;483;riddle
215;10714;serial killer
2151;1604;operation
2151;1749;taxi driver
2151;3636;face operation
2151;5451;comic book
2151;6349;bulgaria
2151;6350;head injury
2151;6351;chief executive officer
2151;10183;independent film
2151;13005;doctor
2152;6374;dixie chicks
2152;6375;george w. bush
2152;33858;right wing
2152;34250;media hype
2152;187056;woman director
2153;3796;auto
2153;155453;gritty
2154;1826;space marine
2154;196145;sattelite
2155;378;prison
2155;642;robbery
2155;5629;role reversal
2155;34094;extramarital affair
2157;4379;time travel
2157;15246;sabotage
2157;168603;deep space explorer
216;74;germany
216;525;foreigner
216;970;parent child relationship
216;1157;wife husband relationship
216;6059;unsociability
216;7204;german-turkish living together
216;209966;new german cinema
2160;1860;mutiny
2160;2210;climate change
2160;2984;iceberg
2160;3312;nuclear missile
2160;3772;heat
2160;4776;race against time
2160;6791;torpedo
2160;8012;physicist
2160;10085;betrayal
2160;10124;laboratory
2160;12654;armageddon
2160;13040;electrocution
2160;14601;explosion
2160;15053;united nations
2160;15246;sabotage
2160;33782;diver
2160;161264;religious fanatic
2160;174244;brawl
2160;198423;moral dilemma
2160;206384;desertion
2160;207656;mini submarine
2160;217163;abandoned ship
2160;219972;giant  squid
2160;221816;disobeying orders
2160;226381;minefield
2160;227612;nuclear submarine
2160;227613;meteor shower
2160;227614;sky on fire
2160;227615;van allen radiation belt
2161;339;submarine
2161;732;coma
2161;2147;claustrophobia
2161;2820;wound
2161;3290;laser
2161;3637;double agent
2161;3722;human body
2161;6380;shrinking
2161;9741;radioactive
2161;12101;miniaturization
2161;13005;doctor
2161;14760;scientist
2161;15246;sabotage
2161;159457;security
2161;162365;military
2161;168859;hypodermic needle
2161;189401;brain surgery
2161;208637;turbulence
2161;226153;scuba diver
2161;227609;blood clot in brain
2161;227610;microscopic
2163;387;california
2163;974;bank
2163;1336;ransom
2163;1927;car breakdown
2163;1930;kidnapping
2163;2441;donut
2163;3306;highway
2163;3875;barn
2163;6876;vacation
2163;9743;stranded
2163;9758;deception
2163;9826;murder
2163;9937;suspense
2163;10250;redneck
2163;10738;diner
2163;11259;extortion
2163;15381;captive
2163;15483;car chase
2163;18034;desert
2163;18253;moving
2163;156165;trucker
2164;3801;space travel
2164;3822;teleportation
2164;8862;uprising
2164;11325;shot to death
2164;11402;androgyny
2164;11606;space western
2164;12405;outer space
2164;41414;timebomb
2164;159138;death of son
2164;160381;nuclear weapons
2164;163250;invented language
2164;163331;hieroglyph
2164;163338;egyptian mythology
2164;163347;egyptology
2165;3599;defense industry
2165;6381;loss of daughter
2165;9937;suspense
2165;187056;woman director
2166;1252;suicide attempt
2166;3450;bridge
2166;9457;single
2166;9748;revenge
2169;830;car race
2169;928;hairdresser
2169;1003;photographer
2169;5625;relationship problems
2169;5899;opel manta
2171;704;adolescence
2171;5767;summer camp
2171;10183;independent film
2172;1445;ice
2172;1465;loss of family
2172;1583;mass murder
2172;2143;loss of parents
2172;2806;lapland
2172;3713;chase
2172;6904;spur
2172;9748;revenge
2172;10794;snow
2172;11221;blood
2172;41406;middle ages
2176;387;california
2176;1155;brother sister relationship
2176;2143;loss of parents
2176;9937;suspense
2176;12565;psychological thriller
2176;13014;orphan
2176;13063;car accident
2179;953;guitar
2179;2570;rock star
2179;5288;rock
2179;6383;music competition
2179;10138;satan
2179;10875;metal
2179;14999;devil
218;83;saving the world
218;310;artificial intelligence
218;526;rebel
218;679;cyborg
218;1366;shotgun
218;1373;killer robot
218;1381;sun glasses
218;4565;dystopia
218;15483;car chase
218;18069;laser gun
218;33556;urban setting
218;162484;future war
2180;369;kaffeehaus
2180;456;mother
2180;1599;midlife crisis
2180;2334;nightclub
2180;3423;liquor
2180;3614;disappointment
2180;4159;dancing scene
2180;5982;ex husband
2180;6281;partnership
2180;10707;mother daughter relationship
2180;13027;wedding
2180;13072;falling in love
2180;15160;divorce
2182;2766;mutation
2182;4015;aggression by plant
2182;4344;musical
2182;6388;tomato
2182;6401;vegetable
2182;9660;low-budget
2182;9755;parody
2182;10125;mad scientist
2182;11034;b movie
2182;11931;spoof
2182;34117;cult film
2185;177341;gadfly
2186;13209;cabin in the woods
2186;161261;demonic possession
2186;173099;indian burial ground
2186;214549;short
2189;572;sex
2189;2483;nudity
2189;8508;party
2189;10260;mechanic
2189;156928;tomboy
219;516;child abuse
219;570;rape
219;657;fire
219;739;sexual abuse
219;744;madrid
219;1328;secret
219;1571;return
219;1577;solidarity
219;5331;village
219;6156;superstition
219;14536;crime
219;34079;death
219;162846;ghost
219;212642;abusive father
2191;839;mars
2191;1826;space marine
2191;3576;raumschiffabsturz
2191;5144;matter of life and death
2191;187056;woman director
2192;10787;jungle
2192;187305;peplum
2193;6274;learning and teaching
2193;18015;tutor
2193;157799;older woman younger man relationship
2196;380;brother brother relationship
2196;455;farewell
2196;494;father son relationship
2196;965;age difference
2196;970;parent child relationship
2196;1328;secret
2196;1647;sadness
2196;1909;coffin
2196;3739;funeral
2196;4432;gathering
2196;4902;surprise
2196;5498;lsd
2196;5948;studies
2196;6410;hallucinogen
2196;11483;drug trip
2196;171070;arrogance
2196;189421;female corpse
2197;409;africa
2197;972;refugee
2197;973;refugee camp
2197;1729;migration
2197;2062;restart
2197;2429;will to survive
2197;3593;wilderness
2197;4200;aridity
2197;4237;water
2197;4337;famine
2197;5252;misery
2197;5385;survivor
2197;10508;teacher
2197;10685;escape
2197;10707;mother daughter relationship
2197;13065;soldier
2197;187056;woman director
2197;192519;emigrant
2199;515;women
2199;1326;infidelity
2199;3715;man
22;911;exotic island
22;1318;blacksmith
22;1319;east india trading company
22;1321;gold
22;1459;marriage proposal
22;1860;mutiny
22;3266;jamaica
22;4062;skeleton
22;5600;daughter
22;5744;governor
22;11086;wooden eye
22;11087;gold coin
22;12988;pirate
22;33457;alcoholic
22;157186;swashbuckler
22;167861;caribbean
22;179430;aftercreditsstinger
22;185200;pirate ship
22;235625;capuchin monkey
22;235626;tortuga
220;30;individual
220;380;brother brother relationship
220;526;rebel
220;531;southern usa
220;1421;birthday
220;3534;big wheel
220;9673;love
220;10594;money
220;46958;good and bad
220;189599;beans
2200;2394;ghetto
2200;2606;jew
2200;3929;hope
2200;4305;radio transmission
2200;6091;war
2200;15272;gestapo
2202;388;scotland
2202;4427;honesty
2202;9180;yorkshire
2202;15162;dog
2202;158185;collie dog
2202;178869;lassie
2202;189092;journey
2202;189391;boy dog relationship
2204;242;new york
2204;822;airport
2204;3715;man
2204;3800;airplane
2204;5756;man-woman relation
2204;167043;road movie
2207;3045;mission of murder
2207;167863;male bonding
2207;175600;doing the right thing
2207;232411;people change
2210;246;dancing
2210;572;sex
2210;1566;dream
2210;4344;musical
2210;6149;police
2210;7984;bikini
2210;8181;swimming pool
2210;9749;beauty salon
2210;9799;romantic comedy
2210;9831;spaceship
2210;9840;romance
2210;9951;alien
2210;11128;furry
2210;11612;hospital
2210;34130;makeover
2210;163957;nosy neighbor
2210;177299;discotheque
2210;177303;valley girl
2211;220;berlin
2211;2606;jew
2211;3691;forbidden love
2211;9833;lesbian relationship
2211;10180;homosexuality
2211;34215;lesbian interest
2212;996;expensive restaurant
2212;1406;night watchman
2212;3703;law
2212;5340;investigation
2212;9937;suspense
2212;12105;student
2212;12392;best friend
222;220;berlin
222;558;city portrait
222;13008;train
223;660;monte carlo
223;818;based on novel
223;965;age difference
223;1328;secret
223;1523;obsession
223;3582;bride
223;8079;cornwall
223;9673;love
223;9937;suspense
223;11004;rural setting
223;14769;devotion
223;17997;housekeeper
223;34079;death
223;155881;estate
223;188990;costume party
223;195402;film noir
223;228602;second wife
2239;738;sexuality
2239;1605;new love
2239;1664;eroticism
2239;1759;night life
2239;3737;dying and death
2239;3763;beobachten
2239;5921;step mother
2239;11933;conflict
2239;14536;crime
224;30;individual
224;564;polen
2241;1412;becoming an adult
2241;1772;german democratic republic
2241;2229;neukölln
2246;2587;married couple
2246;4617;insurance fraud
2246;6431;boarder
2246;9937;suspense
2246;168386;child wish
225;30;individual
225;4112;strike
2251;596;adultery
2251;1326;infidelity
2251;1664;eroticism
2251;2132;literature
2251;4320;lover
2251;14512;new york city
2251;207767;erotic thriller
2252;212;london england
2252;237;gay
2252;255;male nudity
2252;293;female nudity
2252;494;father son relationship
2252;572;sex
2252;931;jealousy
2252;1449;underworld
2252;1568;undercover
2252;2708;hitman
2252;2808;russian
2252;2913;diary
2252;6019;human trafficking
2252;6472;midwife
2252;9826;murder
2252;10707;mother daughter relationship
2252;13014;orphan
2252;13142;gangster
2252;14735;motorcycle
2252;173502;bathhouse
2253;220;berlin
2253;236;suicide
2253;258;bomb
2253;441;assassination
2253;836;resistance
2253;1157;wife husband relationship
2253;1956;world war ii
2253;3063;adolf hitler
2253;4812;plan
2253;6054;friendship
2253;9758;deception
2253;10202;treason
2253;10786;colonel
2253;11109;military officer
2253;11121;plot
2253;11122;german officer
2253;11123;piano wire
2253;11124;medal
2253;14819;violence
226;570;rape
226;572;sex
226;1284;identity
226;1415;small town
226;9673;love
226;9713;friends
226;9826;murder
226;9840;romance
226;10984;true
226;17975;transgender
226;18047;anger
226;187056;woman director
226;191008;nebraska
226;205733;small town murder
226;208799;transphobia
226;210039;gender identity
2260;739;sexual abuse
2260;6071;middle class
2260;6443;child pornography
2260;6444;sodomy
2260;14638;american
2260;18035;family
2261;577;black people
2261;3060;race politics
2261;4344;musical
2261;6029;concert
2261;6447;woodstock
2261;6448;watts riots
2261;12670;los angeles
2262;567;alcohol
2262;2437;munich
2262;13005;doctor
2262;14964;drug
2262;162262;movie star
2263;1327;war crimes
2263;1417;jurors
2263;2852;proof
2263;3012;court case
2263;3441;sentence
2263;5600;daughter
2263;6148;court
2264;417;corruption
2264;1411;brothel
2264;2065;province
2264;2279;bavaria
2264;6461;coburg
2264;13059;prostitution
2264;162831;the miracle on the rhine
2264;162832;adenauer
2266;90;paris
2266;558;city portrait
2266;1416;jazz
2266;1552;subway
2266;1605;new love
2266;1900;immigration
2266;2341;nanny
2266;5159;tourist
2266;187056;woman director
2267;970;parent child relationship
2267;6463;cuddle rabbit
2267;10103;children
2268;392;england
2268;1461;compass
2268;1706;experiment
2268;2596;lordship
2268;6464;uncle
2268;6678;polar bear
2268;13014;orphan
2268;18165;animal
2268;223438;based on young adult novel
2269;3133;vampire
2269;3760;light
2269;3762;darkness
2269;4933;battle for power
2269;5563;market
2269;186450;moscow
2270;616;witch
2270;818;based on novel
2270;1605;new love
2270;3071;prince
2270;3258;beauty
2270;3412;star
2270;4152;kingdom
2270;4372;wall
2270;6998;falling star
2270;9920;royalty
2270;10048;unrequited love
2270;10842;good vs evil
2270;170771;fratricide
2274;1721;fight
2274;3996;dynasty
2274;4238;chosen one
2274;4627;earth
2274;4978;immortality
2274;5069;bad power
2274;10842;good vs evil
2274;223438;based on young adult novel
2275;236;suicide
2275;703;detective
2275;818;based on novel
2275;910;bondage
2275;1402;general
2275;2340;paranoia
2275;2483;nudity
2275;4595;u.s. army
2275;5340;investigation
2275;6078;politics
2275;9665;cover-up
2275;9826;murder
2275;10085;betrayal
2275;10410;conspiracy
2275;12365;gang rape
2275;15300;father daughter relationship
2275;177185;videotape
2275;227890;military law
2277;803;android
2277;3249;hologram
2277;6089;freedom
2277;9685;futuristic
2277;14544;robot
228;1992;professor
228;5319;pub
228;6027;music
228;10644;melodrama
228;190475;german expressionism
228;214452;traveling circus
2280;1480;baseball
2280;14522;co-worker
2280;161307;bronx
2280;170710;pinball machine
2280;170711;toy maker
2280;170713;duet
2280;170715;job promotion
2280;170718;homesick
2280;170722;new toy
2280;170726;quarter
2280;170728;unplugged electronic works
2280;170729;yankee stadium bronx new york city
2280;170730;walking on piano keys
2280;170731;wish fulfillment
2280;170737;bunk bed
2280;187056;woman director
2284;2343;magic
2284;2486;fantasy
2284;3762;darkness
2284;4290;toy
2284;6122;sell
2284;6150;faith
2284;6300;puppet
2284;6333;wizardry
2284;6476;toy shop
2284;10084;rescue
2284;179430;aftercreditsstinger
2284;207592;piano
2286;2868;crusade
2286;2901;crusader
2286;4379;time travel
2286;4820;leap in time
2286;41406;middle ages
2287;542;street gang
2287;898;hip-hop
2287;1691;dance
2287;1721;fight
2287;1974;breakdance
2287;2394;ghetto
2287;4344;musical
2287;4507;clowning
2287;10726;gang
2287;12670;los angeles
2288;494;father son relationship
2288;699;love at first sight
2288;1003;photographer
2288;1014;loss of lover
2288;1332;cheating
2288;2251;lie
2288;3691;forbidden love
2288;4262;tea
2288;4320;lover
2288;5091;kiss
2288;6025;photography
2288;7879;secret love
2288;8764;times square
2288;9468;liar
2288;9606;sexchat
2288;10181;based on play or musical
2288;10201;death of father
2288;13072;falling in love
229;952;lightning
229;1227;cemetery
229;1299;monster
229;4271;hermit
229;5313;parts of dead body
229;5314;mill
229;6737;frankenstein
229;10125;mad scientist
229;155489;classic horror
229;235810;comedic relief
2290;835;jewry
2290;1799;schutzstaffel
2290;2315;jewish life
2290;2444;jewish ghetto
2291;14819;violence
2291;173066;postal worker
2291;173077;figment of imagination
2291;173083;oneiric
2292;1361;salesclerk
2292;3090;loser
2292;179430;aftercreditsstinger
2293;572;sex
2293;4325;game show
2293;8631;slacker
2293;41175;shopping
2293;157690;mall
2293;162296;ex-boyfriend ex-girlfriend relationship
2293;168033;jay and silent bob
2293;171329;silent man
2293;171343;coke
2293;171346;bandleader
2293;179430;aftercreditsstinger
2294;886;film making
2294;168033;jay and silent bob
2294;168039;self mocking
2294;168040;character is subject of comic
2294;168042;reference to prince valiant
2294;168049;indiana jones spoof scene
2294;168051;monkey actor
2294;168054;view askew
2294;168063;gigantic hand
2294;168069;animal experimentation
2295;10183;independent film
2295;179430;aftercreditsstinger
2295;179431;duringcreditsstinger
2297;1328;secret
2297;2346;worker
2297;13028;writer
2297;14522;co-worker
2297;192008;kafka
2300;6075;sport
2300;6496;basketball
2300;13005;doctor
2300;176746;basketball team
2300;177208;basketball game
2300;177216;referee
2300;177218;basketball court
2300;177219;tweety bird
2300;177224;speedy gonzales
2300;177227;cartoon chicken
2300;177228;sylvester the cat
2300;177230;cartoon reality crossover
2300;177231;basketball hoop
2300;177232;cartoon skunk
2302;279;usa
2302;2139;russia
2302;2606;jew
2302;3901;rabbi
2302;3902;synagogue
2302;3903;bar mitvah
2302;192519;emigrant
2307;931;jealousy
2307;4395;burning house
2307;10791;teenage crush
2307;15233;arsonist
231;139;anti terror
231;258;bomb
231;441;assassination
231;539;middle east
231;589;lebanon
231;591;cia
231;592;capitalism
231;593;globalization
231;697;loss of son
231;1241;persia
231;1242;war against terror
231;1269;energy policy
231;5175;petrol
2310;509;denmark
2310;2037;nordic mythology
2310;2251;lie
2310;3932;pride and vanity
2310;4615;folk hero
2310;5035;human weakness
2310;5895;viking
2310;7368;alienation
2310;7411;festival hall
2310;7412;sin
2310;9920;royalty
2310;10541;curse
2310;14643;battle
2310;14704;ancient world
2310;161919;adult animation
2310;196544;motion capture
232;542;street gang
232;1356;billard
232;1358;colour-blindness
232;10726;gang
2320;258;bomb
2320;1336;ransom
2320;1562;hostage
2320;3800;airplane
2320;4245;hijacking
2320;4460;terror cell
2320;5422;special unit
2320;9758;deception
2320;10084;rescue
2320;10185;covert operation
2320;10617;disaster
2320;10950;shootout
2320;13015;terrorism
2320;14601;explosion
2320;14819;violence
2320;18420;surveillance
2320;161998;night vision goggles
2320;185266;flight attendant
2320;185692;intelligence agent
2320;187844;flashback
2320;188955;hand to hand combat
2320;220935;nerve gas
2321;1812;fbi
2321;9799;romantic comedy
2321;11578;mobster
2321;11590;italian american
2321;208476;starting over
2322;2157;hacker
2322;2303;mathematician
2322;4967;assignment
2322;6129;company
2322;155555;computer hacker
2323;802;regret
2323;818;based on novel
2323;1480;baseball
2323;2618;miracle
2323;4932;farm
2323;6075;sport
2323;7312;road trip
2323;10818;author
2323;13005;doctor
2323;156802;cornfield
2323;158086;recluse
2323;158679;pta
2323;162846;ghost
2323;163976;reconciliation
2323;227655;hearing voices
2323;227656;school board
2324;10183;independent film
233;242;new york
233;542;street gang
233;577;black people
233;578;rock and roll
233;579;american football
233;704;adolescence
233;10683;coming of age
2330;444;taxi
2330;916;marseille
2330;1749;taxi driver
2330;3330;pizza delivery
2330;5983;pizza boy
2330;15090;police officer
2330;15363;bank robbery
2332;90;paris
2332;4668;police operation
2332;5422;special unit
2332;6297;japanese mafia
2334;642;robbery
2334;1991;santa claus
2334;2898;armor
2334;18118;disguise
2335;916;marseille
234;4924;insane asylum
234;154802;silent film
234;174089;unreliable narrator
234;179874;expressionism
234;183931;somnambulist
234;183944;unreliable flashback
234;183946;megalomania
234;183953;madman
234;183954;enigma
234;183955;somnambulism
234;190475;german expressionism
2348;642;robbery
2348;965;age difference
2348;1329;canada
2348;5083;hysteria
2348;6328;crook couple
2348;6576;hutterer
2348;13027;wedding
2348;155582;amusement park
2349;1605;new love
2349;1741;blindness and impaired vision
2349;2139;russia
2349;2726;therapist
2349;2875;sense of life
2349;6521;theatre director
2349;164713;hamburg germany
2349;167043;road movie
2357;1760;casual meeting
2357;2062;restart
2357;3489;job interview
2357;4042;underclass
2357;4673;consumption
2357;6069;class
2357;162262;movie star
2357;179430;aftercreditsstinger
2357;179431;duringcreditsstinger
2359;211;bureaucracy
2359;279;usa
2359;417;corruption
2359;701;cuba
2359;1279;medicine
2359;4404;guantanamo bay
2359;6137;assurance
2359;6514;health care
2359;10594;money
2359;11612;hospital
2359;13005;doctor
2359;40895;illness
2359;161288;existence
2360;2231;drug dealer
2360;4168;greenhouse
2360;6149;police
2360;14964;drug
2360;160488;hoodlum
2362;312;man vs machine
2362;803;android
2362;1582;saloon
2362;2964;future
2362;6876;vacation
2362;10009;robot as menace
2362;10349;survival
2362;34117;cult film
2362;158340;theme park
2363;90;paris
2363;3703;law
2363;33648;celebration
2363;163048;decadence
237;30;individual
237;388;scotland
237;596;adultery
237;892;glasgow
237;1261;river
237;1422;boat
237;3012;court case
237;3737;dying and death
237;10818;author
237;13149;pregnancy
237;34094;extramarital affair
2370;242;new york
2370;591;cia
2370;701;cuba
2370;2106;cold war
2370;9937;suspense
2371;90;paris
2371;212;london england
2371;242;new york
2371;441;assassination
2371;4060;time frame
2371;5986;teheran
2371;6538;winston churchill
2371;6539;joseph stalin
2371;6540;franklin delano roosevelt
2371;11064;nazi germany
2371;33705;agent
2371;186450;moscow
2371;197602;denunciation
238;131;italy
238;699;love at first sight
238;1872;loss of father
238;4677;patriarch
238;10291;organized crime
238;10391;mafia
238;10909;lawyer
238;11590;italian american
238;33421;crime family
238;165725;rise to power
238;166462;mob boss
238;207883;1940s
2383;1329;canada
2383;2805;rocky mountains
2383;3593;wilderness
2383;6202;spring
2383;6533;kodiak bear
2383;6534;brown bear
2383;6535;puma
2383;6536;trapper
2383;13088;summer
2383;14652;falling from height
2395;271;competition
2395;1200;greece
2395;1396;colosseum
2395;2070;olympic games
2395;2280;emperor
2395;2343;magic
2395;2673;horse
2395;3035;roman
2395;5276;wild boar
2395;6088;governance
2395;6716;galier
2397;2345;spaceman
2397;12347;infiltration
2397;211487;space centre
24;233;japan
24;732;coma
24;779;martial arts
24;780;kung fu
24;1449;underworld
24;1794;yakuza
24;1938;sword
24;3582;bride
24;9748;revenge
24;10292;gore
24;10704;female yakuza
24;11221;blood
24;13027;wedding
24;18098;samurai sword
24;193521;part animation
240;700;italo-american
240;701;cuba
240;1950;vororte
240;4232;melancholy
240;6049;praise
240;9748;revenge
240;10391;mafia
240;10909;lawyer
240;11221;blood
240;156024;corrupt politician
240;158261;bloody body of child
240;187788;man punches woman
241;625;sadistic
241;736;journalist
241;1583;mass murder
241;1584;yellow press
241;2754;trauma
241;5600;daughter
241;8201;satire
241;9701;controversy
241;9859;controversial
241;14819;violence
241;206545;young couple
241;207691;abuse
242;131;italy
242;186;christianity
242;242;new york
242;441;assassination
242;700;italo-american
242;716;vatican
242;717;pope
242;718;confession
242;720;helicopter
242;5600;daughter
242;10909;lawyer
2428;2974;jesus christ
2428;5565;biography
2428;6917;epic
243;520;chicago
243;532;music record
243;578;rock and roll
243;633;record store
243;634;soul
243;635;disc jockey
243;637;pop
243;638;bruce frederick joseph springsteen
243;639;record collection
2436;1852;mutant
2436;3521;earthquake
2436;4458;post-apocalyptic
2436;6556;talisman
2436;10471;cult favorite
2436;10547;arcade
2436;12670;los angeles
2436;41645;based on video game
2436;162715;ruins
2438;2992;diva
2438;4528;song
2438;6555;stage fright
2438;33457;alcoholic
2438;188991;drunkenness
2438;207716;actor
244;774;film business
244;776;screenplay
244;886;film making
244;887;film producer
244;911;exotic island
244;3799;ship
244;5571;great depression
244;6059;unsociability
244;11873;king kong
244;12616;dinosaur
244;14512;new york city
244;188280;sea voyage
244;188294;damsel in distress
244;189008;empire state building
244;207583;actress
244;223059;animal horror
244;234196;great ape
2440;2286;border
2440;13065;soldier
2440;15053;united nations
2440;158538;north korea
2440;158540;south korea
2441;393;civil war
2441;5543;cow
2441;6559;basque country 
2442;572;sex
2442;772;handcuffs
2442;1010;bar
2442;2350;seattle
2442;2532;bomber
2442;3048;bomb constructor
2442;4668;police operation
2442;5824;video surveillance
2442;6490;shopping mall
2442;9778;exploding building
2442;10183;independent film
2442;11612;hospital
2442;11732;cigarette smoking
2442;13015;terrorism
2442;18114;exploding car
2442;33702;bombing
2442;156788;swat team
2442;157251;bomb planting
2442;163277;childbirth
2442;167342;bomb squad
2442;171792;die hard scenario
2442;188960;elevator
2442;226463;human bomb
2442;226499;manhunt
2444;1252;suicide attempt
2444;1453;amnesia
2444;2251;lie
2444;2554;macho
2444;2983;passion
2444;5288;rock
2444;14735;motorcycle
2447;2974;jesus christ
2447;3036;bible
2447;3570;three kings
2447;3648;archangel gabriel
2447;5950;christian
2447;186962;blessed hope
2447;186965;wise men
2447;187056;woman director
245;212;london england
245;578;rock and roll
245;641;single parent
245;897;rap music
245;1338;bachelor
245;1412;becoming an adult
245;6054;friendship
245;9457;single
2453;417;corruption
2453;1365;harley davidson
2453;2231;drug dealer
2453;12670;los angeles
2453;14570;las vegas
2454;818;based on novel
2454;855;fictional place
2454;1155;brother sister relationship
2454;2043;lion
2454;3714;human being
2454;4391;wretch
2454;4820;leap in time
2454;5144;matter of life and death
2454;6150;faith
2454;6464;uncle
2454;166930;narnia
2454;170362;fantasy world
2455;703;detective
2455;1443;clerk
2457;4661;pantomime
2457;5879;anarchist
2457;6932;count
2457;9673;love
2457;9727;thief
2457;9826;murder
2457;10897;mime
2457;14783;false accusations
2457;160488;hoodlum
2457;163110;theater
2457;207583;actress
2457;207716;actor
2459;1599;midlife crisis
2459;2863;mannequin
246;233;japan
246;779;martial arts
246;1462;samurai
246;1936;blackmail
246;1938;sword
246;4342;geisha
246;9748;revenge
246;11221;blood
246;14819;violence
2460;128;love triangle
2460;290;angel
2460;931;jealousy
2460;1252;suicide attempt
2460;1595;ex-girlfriend
2460;1664;eroticism
2460;2554;macho
2460;6563;wine
2460;14527;storm
2462;6567;hibernation
2463;6564;terminal illness
2463;9727;thief
2463;9748;revenge
2463;9826;murder
2463;12354;hong kong
2469;378;prison
2469;1591;ex-detainee
2469;2727;porn actor
2469;4952;inferiority complex
247;417;corruption
247;596;adultery
247;642;robbery
247;643;horse race
247;1157;wife husband relationship
247;1328;secret
247;1587;way of life
247;1589;sniper
247;1591;ex-detainee
247;5809;marriage crisis
247;9016;femme fatale
247;10856;bag of money
247;14536;crime
247;155436;classic noir
2470;931;jealousy
2470;2683;tango
2470;6038;marriage
2470;6078;politics
2470;8508;party
2470;9673;love
2470;9826;murder
2470;13065;soldier
2470;14794;lust
2470;206384;desertion
248;419;dude
248;947;prohibition
248;9758;deception
248;14512;new york city
248;33673;apple
248;157904;luck
248;162752;dowager
248;165282;high society
248;214548;1930s
2486;818;based on novel
2486;5457;mythical creature
2486;12554;dragon
2486;170362;fantasy world
2486;188178;teenage hero
2486;223438;based on young adult novel
2487;233;japan
2487;9748;revenge
2487;11249;blood bath
2487;230462;meiji period
249;650;gymnastics
249;651;candelabrum
249;977;cat
249;10909;lawyer
249;15162;dog
2493;157186;swashbuckler
2493;160350;evil prince
2493;160358;reference to socrates
2493;160359;reference to plato
2493;160362;screwball
2493;160364;impersonation
25;1589;sniper
25;4405;marine corps
25;5174;saudi arabia
25;5175;petrol
25;161236;golf war
25;188114;u.s. marine
250;380;brother brother relationship
250;509;denmark
250;642;robbery
250;974;bank
250;1650;cook
250;1651;donation
250;1652;bread
250;1653;explosive
250;2483;nudity
250;3817;chance
250;6092;army
250;10123;dark comedy
250;14819;violence
250;14852;poker game
250;15363;bank robbery
250;160488;hoodlum
2501;90;paris
2501;107;barcelona spain
2501;782;assassin
2501;818;based on novel
2501;1308;secret identity
2501;1453;amnesia
2501;1589;sniper
2501;3022;passport
2501;3045;mission of murder
2501;4663;lovers
2501;10685;escape
2501;10950;shootout
2501;14967;foot chase
2501;15156;cell phone
2501;15483;car chase
2501;33507;multiple identities
2501;159433;surveillance camera
2501;164713;hamburg germany
2501;174617;fishing boat
2501;185702;langley virginia
2501;187023;safe deposit box
2501;187844;flashback
2501;188955;hand to hand combat
2502;220;berlin
2502;782;assassin
2502;818;based on novel
2502;1453;amnesia
2502;1589;sniper
2502;2251;lie
2502;9663;sequel
2502;9937;suspense
2502;10562;on the run
2502;10950;shootout
2502;11134;espionage
2502;14819;violence
2502;14967;foot chase
2502;15483;car chase
2502;18067;exploding house
2502;18520;though guy
2502;18522;one against many
2502;33779;rail car
2502;164148;dark past
2502;186450;moscow
2502;188955;hand to hand combat
2503;90;paris
2503;417;corruption
2503;744;madrid
2503;782;assassin
2503;818;based on novel
2503;1295;europe
2503;3246;prosecution
2503;3851;dangerous
2503;3864;false identity
2503;4087;revelation
2503;6086;government
2503;6110;weapon
2503;6710;interpol
2503;9663;sequel
2503;10410;conspiracy
2503;10950;shootout
2503;11134;espionage
2503;14735;motorcycle
2503;14819;violence
2503;14967;foot chase
2503;18269;moskow
2503;164148;dark past
2503;185702;langley virginia
2503;187844;flashback
2503;226521;chase on the roof
2503;226522;security leak
251;417;corruption
251;663;fortune teller
251;881;money transfer
251;975;money laundering
251;1553;pottery
251;6155;afterlife
251;210530;spiritism
2516;392;england
2516;936;loss of mother
2516;1155;brother sister relationship
2516;3202;con man
2517;233;japan
2517;936;loss of mother
2517;1155;brother sister relationship
2517;3743;season
252;715;chocolate
252;730;factory worker
252;818;based on novel
252;985;candy
252;986;tv addicted person
252;987;overweight child
252;1158;grandfather grandson relationship
252;1382;factory
252;4344;musical
252;9457;single
252;10508;teacher
2527;697;loss of son
2527;966;beach
2527;2123;father murder
2527;3344;letter
2527;9937;suspense
2527;39737;seaside
2527;155845;french noir
2527;155963;driver
2527;159431;voice over
2527;207583;actress
2528;596;adultery
2528;4029;bourgeoisie
253;212;london england
253;242;new york
253;258;bomb
253;392;england
253;470;spy
253;798;sheriff
253;851;dual identity
253;1308;secret identity
253;1422;boat
253;2149;drug traffic
253;2591;tarot cards
253;2671;heroin
253;3185;crocodile
253;3266;jamaica
253;3269;secret mission
253;3272;secret intelligence service
253;3391;drug smuggle
253;3392;voodoo
253;3393;tombstone
253;179430;aftercreditsstinger
254;774;film business
254;776;screenplay
254;837;show business
254;886;film making
254;887;film producer
254;911;exotic island
254;1299;monster
254;1551;indigenous
254;3799;ship
254;12616;dinosaur
256;30;individual
256;90;paris
256;633;record store
256;704;adolescence
256;725;lovesickness
256;970;parent child relationship
256;1362;place de clichy
256;6029;concert
2567;2336;ladykiller
2567;3203;pilot
2567;5565;biography
2567;9094;womanizer
2567;10168;aviation
2567;10352;phobia
2567;33483;u.s. congress
2567;221446;flying boat
2567;229078;test flight
25735;11034;b movie
25735;195402;film noir
25736;9016;femme fatale
25736;10738;diner
25736;155436;classic noir
25736;195402;film noir
25738;8181;swimming pool
25738;10562;on the run
25738;14512;new york city
25738;195402;film noir
25741;65;holiday
25741;207317;christmas
25744;5707;childhood trauma
25744;8087;horror
25744;9714;remake
25748;9663;sequel
25748;9712;possession
25748;10093;priest
25748;41002;corn
25748;190061;harvest
25749;520;chicago
25749;5086;telekinesis
25749;5202;boy
25749;6158;cult
25749;8636;blood splatter
25749;9663;sequel
25749;10093;priest
25749;10842;good vs evil
25749;11001;religion
25749;11221;blood
25749;14828;city
25749;41002;corn
25749;156802;cornfield
25749;157789;arm ripped off
25749;178148;killer scarecrow
25749;188989;supernatural power
25749;190624;killer child
25749;231173;dream within a dream
2575;246;dancing
2575;470;spy
2575;1421;birthday
2575;1969;map
2575;2407;fireworks
2575;3450;bridge
2575;4289;secret agent
2575;8570;president
2575;10103;children
2575;10183;independent film
2575;11061;debt
2575;15058;swimming
2575;33501;political
2575;33624;band
25750;798;sheriff
25750;3752;night
25750;3875;barn
25750;9663;sequel
25750;10103;children
25750;11221;blood
25750;12339;slasher
25750;14819;violence
25750;18072;preacher
25750;41002;corn
25751;5808;pregnant minor
25751;10103;children
25752;236;suicide
25752;732;coma
25752;3544;machete
25752;9663;sequel
25752;187056;woman director
25753;2340;paranoia
25753;2483;nudity
25753;9663;sequel
25753;14601;explosion
25753;41002;corn
25753;160153;dead
25753;175261;tomahawk
25755;818;based on novel
25755;992;bus
25755;1262;mountain
25755;1382;factory
25755;3432;bangkok
25755;5344;bottle
25755;9887;surrealism
25755;13008;train
25755;15162;dog
25755;227307;bright color
2576;1739;holocaust
2576;1956;world war ii
2576;2913;diary
2576;5565;biography
2576;6091;war
2576;11508;jewish
2576;14659;girl
2576;18035;family
2576;189422;nazi occupation
25763;818;based on novel
25763;2964;future
25763;4458;post-apocalyptic
25763;6091;war
25763;7325;cockroach
25763;14735;motorcycle
25763;159245;scorpion
25763;194713;post nuclear
25763;196367;battle for survival
25767;11513;cheating husband
25767;33626;millionaire
25767;156706;oil tycoon
25768;1261;river
25768;1935;wind
25768;5490;girlfriend
25768;9890;jail
25768;11073;steamboat
25768;34130;makeover
25768;34268;rescue from drowning
25768;154802;silent film
25768;158192;barbershop
25768;165551;carnation
25768;180574;father son reunion
25768;188351;catastrophe
25768;196682;rich man
25768;209197;unlikely hero
25768;232700;business rivalry
25768;238540;steamboat captain
25768;238541;hat shopping
25768;238542;classic sight gag
25768;238543;falling building
25768;238544;violent storm
25769;966;beach
25769;1333;desperation
25769;4884;infection
25769;10349;survival
25769;11131;biohazard
25769;14673;disease
25769;14782;trust
25769;188957;virus
25769;188973;pandemic
2577;2350;seattle
2577;2682;shanghai
2577;2964;future
2577;3973;insurance salesman
2577;4565;dystopia
25770;10322;native american
25770;154802;silent film
25771;5288;rock
25771;6029;concert
25771;157954;progressive rock
25771;180473;pompeii
25771;217319;stylish
25771;217320;ampitheatre
25773;6054;friendship
25774;4344;musical
25774;10183;independent film
25778;187056;woman director
25783;7936;fidel castro
25783;7937;cuban revolution
25783;8658;che guevara
25787;11034;b movie
25787;14669;older man younger woman relationship
25789;242;new york
25789;3521;earthquake
25789;10614;tragedy
25789;10616;urban
25789;10617;disaster
25795;3430;pickpocket
25796;3582;bride
25796;4317;wedding night
25796;13027;wedding
25796;159947;parents
25797;818;based on novel
25797;977;cat
25797;1881;dutch
25797;1919;mayor
25797;4375;transformation
25797;11500;anthropomorphism
25797;12193;reporter
25797;15219;rooftop
25797;41538;turns into animal
25807;3036;bible
25807;155436;classic noir
25807;195402;film noir
25831;3071;prince
25831;3870;mickey mouse
25831;5369;guard
25831;9920;royalty
25831;177035;identity swap
25832;236;suicide
25832;395;gambling
25832;572;sex
25832;782;assassin
25832;1326;infidelity
25832;1328;secret
25832;1664;eroticism
25832;2199;opera
25832;2334;nightclub
25832;2483;nudity
25832;2546;mask
25832;4849;exile
25832;9673;love
25832;9826;murder
25832;9887;surrealism
25832;10551;ballet
25832;14819;violence
25832;195607;aria
25834;293;female nudity
25834;570;rape
25834;572;sex
25834;1930;kidnapping
25834;2483;nudity
25834;3199;clown
25834;3307;surreal
25834;5774;forest
25834;8775;panther
25834;9820;alternate dimension
25834;9951;alien
25834;10183;independent film
25834;10292;gore
25834;11221;blood
25834;12553;alien abduction
25834;14742;psychic
25834;197927;toy soldier
25842;65;holiday
25842;33966;scrooge
25842;180975;charles dickens
25846;629;sicily
25846;1755;fascism
25846;10391;mafia
25846;173644;communism
25852;10183;independent film
25855;779;martial arts
25858;13142;gangster
25858;33457;alcoholic
25869;4344;musical
25869;9673;love
25869;9840;romance
25869;10540;bollywood
25869;156934;episodic
2587;11001;religion
25872;4344;musical
25872;9755;parody
25872;12988;pirate
25874;409;africa
25874;2043;lion
25874;2964;future
25874;3206;story teller
25874;3298;hallucination
25874;4563;virtual reality
25874;5386;tramp
25874;9743;stranded
25874;9820;alternate dimension
25874;9831;spaceship
25874;9893;lioness
25874;10150;end of the world
25874;10158;alien planet
25874;10349;survival
25874;10536;rocket crash
25874;10629;vision
25874;11669;multiple time frames
25874;206230;eutanasia
2588;744;madrid
2588;1904;life planning
2588;3363;hypnosis
2588;3675;arts and culture
2588;6814;ibiza
2588;14751;youth
25884;1812;fbi
25884;18525;fbi agent
25890;3972;simulated reality 
25893;157768;vaudeville
25894;441;assassination
25894;1562;hostage
25894;2676;honeymoon
25894;3269;secret mission
25894;11489;nazi officer
25894;18118;disguise
25894;33484;concert hall
25894;158922;dog attack
25894;191726;nazism
25894;208878;british intelligence
25894;234417;newlyweds
25894;236950;clues
25894;236953;oxford professor
25894;236954;secret agents
25894;236955;eve of world war ii
25898;65;holiday
25898;10324;toys
259;90;paris
259;596;adultery
259;817;bookshop
259;1225;print shop
259;1226;printer
259;1227;cemetery
259;1228;1970s
259;1412;becoming an adult
25900;155436;classic noir
25902;187056;woman director
25905;1739;holocaust
25905;2652;nazis
25905;5689;slovakia
25905;197951;time of war
25908;2624;czech
25908;189151;medieval times
25914;75;gunslinger
25914;974;bank
25914;1419;gun
25914;2492;bank robber
25914;10511;western
25914;187320;storekeeper
25915;236;suicide
25915;156121;ex-con
25915;160901;parole officer
25915;190453;female convict
25915;207925;wanted
25918;380;brother brother relationship
25918;2792;boxer
25918;4487;boxing match
25918;6075;sport
25918;155436;classic noir
2593;90;paris
2593;236;suicide
2593;567;alcohol
2593;4232;melancholy
2593;9957;loneliness
2593;10183;independent film
25934;212;london england
25934;2470;education
25934;10508;teacher
25934;10873;school
25935;10093;priest
25935;14744;english
25935;161257;medieval
25936;4344;musical
2594;90;paris
2594;1956;world war ii
2594;2433;jew persecution
2594;6406;escape agent
2594;10685;escape
2594;207883;1940s
2594;221285;occupied france
25941;2801;self-defense
25941;33476;widower
25943;290;angel
25944;131;italy
25944;293;female nudity
25944;570;rape
25944;1909;coffin
25944;2109;communist
25944;2389;virgin
25944;3133;vampire
25944;3633;dracula
25944;9755;parody
25944;10292;gore
25944;155493;campy
25944;232441;sister sister incest
25951;1419;gun
25951;4470;punk
25951;9748;revenge
25951;9887;surrealism
25952;12405;outer space
25952;156039;space station
25956;1336;ransom
25956;10594;money
25956;14964;drug
25961;11451;pokémon
25961;11551;pocket monsters
25970;616;witch
25970;40929;witch burning
25975;1523;obsession
25975;2249;camcorder
25975;9986;crush
25975;11223;dream girl
25977;9951;alien
25993;2884;asylum
25993;4924;insane asylum
25993;9706;anthology
25993;15106;psychiatrist
25993;160174;mental asylum
25994;10183;independent film
25998;233;japan
25998;478;china
25998;907;japanese
25998;1327;war crimes
25998;1583;mass murder
25998;1865;biological weapon
25998;1956;world war ii
25998;1968;prisoners of war
25998;3207;concentration camp prisoner
25998;4005;human experimentation
25998;7097;torture by the police
25998;11133;japanese occupation
26;220;berlin
26;376;neo-nazi
26;536;israel
26;1933;nazi background
26;2072;chauffeur
26;3037;mossad
26;5907;middle east conflict
26;6441;dead sea
26;10144;anti semitism
26;10293;kibbutz
26;11064;nazi germany
26;12993;suicide mission
260;212;london england
260;388;scotland
260;770;scotland yard
260;772;handcuffs
260;1328;secret
260;1491;entertainer
260;2051;intelligence
260;2311;cabaret
260;4289;secret agent
260;9826;murder
260;10718;fugitive
260;13008;train
260;218567;memorization
260;226499;manhunt
260;236566;handcuffed together
260;236567;held against will
260;236568;bickering couple
260;236569;wrongly accused
26009;918;newspaper
26009;5444;lonely hearts ad
26009;195402;film noir
26016;9716;stand-up comedy
26018;1279;medicine
26018;3721;health
26018;10163;cancer
26018;10637;food
26018;10638;pharmacology
26018;192606;nutrition
26022;10540;bollywood
26028;156205;concert film
26028;187056;woman director
26030;585;casino
26030;642;robbery
26030;14604;theft
26030;155841;gambler
26030;191308;ex-boxer
26035;236;suicide
26035;9229;grandparents
26035;9673;love
26035;9840;romance
26035;13088;summer
26035;13130;teenager
26035;187056;woman director
26035;208703;rebellious teenager
26038;417;corruption
26038;9672;based on true story
26038;15108;justice
26038;163098;newspaper reporter
26038;185953;perjury
26038;195537;forgery
26038;199327;classified ad
26038;226500;polygraph
26038;231698;state penitentiary
26038;236414;chicago illinois
26038;238810;wrongly convicted
26038;238812;murder case
26038;238813;determined mother
26038;238814;enlarged picture
26038;238815;monetary reward
2604;422;vietnam veteran
2604;447;post traumatic stress  disorder
2604;1010;bar
2604;1228;1970s
2604;2564;wheelchair
2604;2957;vietnam war
2604;18034;desert
2604;33343;spit in the face
2604;188991;drunkenness
2604;208611;1950s
2604;208992;1960s
26042;3344;letter
26042;46951;mirror
26042;157667;warlock
26044;12547;billionaire
26044;33457;alcoholic
2605;310;artificial intelligence
2605;952;lightning
2605;14544;robot
2608;4896;wish
2608;8508;party
2608;13097;maid
2608;187056;woman director
2608;208705;fairy godmother
2608;219901;weird couple
261;30;individual
261;236;suicide
261;531;southern usa
261;596;adultery
261;787;mississippi
261;894;depression
261;931;jealousy
261;1157;wife husband relationship
261;3737;dying and death
261;33457;alcoholic
2610;1361;salesclerk
26111;1192;sweden
26119;570;rape
26119;160799;posse
26119;180173;dead horse
26119;195463;canteen
26119;195464;carcass
2612;4896;wish
26123;6270;high school
26123;13130;teenager
26123;155722;teen comedy
26123;156777;teenage sexuality
26123;208445;virginity
26124;2492;bank robber
26124;10085;betrayal
26124;10476;double crossed
26124;14819;violence
26124;15009;criminal
26124;160488;hoodlum
26124;187056;woman director
26124;187554;person running amok
26127;999;sports car
26127;9748;revenge
26127;10685;escape
26127;11719;dirty cop
26127;14536;crime
26127;15483;car chase
2613;699;love at first sight
2613;5133;body exchange
26137;478;china
26137;187056;woman director
26138;197002;hyeongsa
26138;197003;형사 duelist
2614;1706;experiment
2614;6380;shrinking
2614;11221;blood
26141;11931;spoof
26141;155790;private detective
26142;11612;hospital
26142;13005;doctor
26142;157959;surgery
26142;187056;woman director
26147;6075;sport
26147;10556;male female relationship
26147;13042;soccer
26155;14544;robot
26156;6270;high school
26156;14751;youth
26158;339;submarine
26158;14785;underwater
2616;2604;babysitter
2616;170083;backfire
2616;170085;attitude
2616;170087;tire
2616;170089;streetwise
2616;170091;drag net
2616;170100;crazy uncle
2616;179430;aftercreditsstinger
2616;193237;child care
26162;2800;psychology
26162;10644;melodrama
26167;378;prison
26167;9748;revenge
26167;13142;gangster
26167;195402;film noir
2617;65;holiday
2617;1253;roommate
2617;1534;attachment to nature
2617;2522;grizzly bear
2617;12392;best friend
26170;10685;escape
26170;11860;fish out of water
26170;162632;chrysler building
26171;10235;family relationships
26171;13005;doctor
26171;18115;retired
26171;33364;visit
26171;33476;widower
26171;179431;duringcreditsstinger
26171;204267;heart trouble
26172;156166;mormon
26172;163098;newspaper reporter
26174;1568;undercover
26174;10890;treasury department
26174;155436;classic noir
26174;195402;film noir
26175;4147;robin hood
26175;190802;ivanhoe
26175;222340;king richard
26177;65;holiday
26177;4344;musical
26177;6540;franklin delano roosevelt
26177;10181;based on play or musical
26177;156866;based on short story
26178;5276;wild boar
26178;5657;australia
26178;158130;animal attack
26178;193760;australian outback
26178;205624;ozploitation
26178;223059;animal horror
26180;9098;trunk
26180;164149;attempted kidnapping
26181;5340;investigation
26181;6158;cult
26181;6731;british
26181;10410;conspiracy
26181;14544;robot
26181;15145;deadline
26181;33705;agent
26181;155649;arthouse
26181;175428;adventurer
26181;180076;airline
26185;417;corruption
26185;188865;police lieutenant
26189;1735;amateur detective
26189;13130;teenager
26189;156091;missing person
26189;187056;woman director
26191;187056;woman director
26198;2652;nazis
26198;14825;electronic music score
26198;15001;demon
26198;184995;ss
26199;470;spy
26199;470;spy
262;378;prison
262;837;show business
262;1491;entertainer
262;1812;fbi
262;1936;blackmail
262;2571;tv show
262;4740;public
262;5321;studio
262;33809;receptionist
2620;417;corruption
2620;8440;ex-cop
2620;155790;private detective
2620;177453;criminal defence lawyer
26203;15127;killer
26203;164092;blindness
26204;416;miami
26204;549;prostitute
26204;572;sex
26204;703;detective
26204;818;based on novel
26204;966;beach
26204;9826;murder
26205;1956;world war ii
26205;5565;biography
26205;6165;historical figure
26205;177771;rommel
26215;10332;salesman
26223;9937;suspense
26223;10183;independent film
26225;1010;bar
26225;1419;gun
26225;2708;hitman
26225;8442;irish mob
26225;10093;priest
26225;14708;tears
26225;14765;church
26225;33719;drink
26225;155244;vendetta
26225;155245;deli
26230;207679;troma
26232;2020;revolution
26232;4004;cultural revolution
26232;6054;friendship
26232;7937;cuban revolution
26232;187056;woman director
26235;10183;independent film
26242;918;newspaper
26243;2781;roadhouse
26243;13017;drifter
26243;155436;classic noir
26243;195402;film noir
26245;3633;dracula
26246;1002;authority
26246;1812;fbi
26246;2323;group dynamics
26246;2398;narration
26246;2421;social control
26246;2620;evidence
26246;3720;power
26246;7002;vigilante
26246;10322;native american
26246;10950;shootout
26246;11038;trial
26246;13129;execution
26246;18525;fbi agent
2625;894;depression
2625;2726;therapist
2625;166927;symphony
2625;207592;piano
2625;208167;psychiatrist patient relationship
2625;220448;bipolar disorder
26252;5159;tourist
26252;5439;inspector
26252;6044;promise
26252;10718;fugitive
26252;156123;algiers
26254;6086;government
26254;177894;witch hunt
26254;186846;adaptation
26255;1605;new love
26255;5608;affection
26258;1964;cave
26258;5739;waterfall
26258;10103;children
26258;10325;mistaken identity
26258;169995;boy scouts leader
26259;780;kung fu
26259;797;showdown
26259;1701;hero
26259;1930;kidnapping
26259;3389;warrior woman
26259;5572;fistfight
26259;5739;waterfall
26259;5774;forest
26259;9826;murder
26259;10292;gore
26259;11221;blood
26259;34009;tough girl
26259;41592;monastery
26259;156525;heroine
26259;157337;inn
26259;166862;severed hand
26259;184656;wuxia
26259;185466;kung fu master
26259;195818;inner strength
26259;195819;beggar clan
26259;217367;tavern fight
26266;470;spy
26266;5561;child prodigy
26266;177280;primate
26267;271;competition
26267;1328;secret
26267;2136;television
26267;2343;magic
26267;3026;reality
26267;4988;tricks
26267;13130;teenager
26268;185525;private eye
26268;208117;lew harper
26269;8440;ex-cop
26269;18115;retired
26270;3801;space travel
26271;5595;sleepover
26271;10183;independent film
26271;12392;best friend
26277;10540;bollywood
26280;237;gay
26280;10180;homosexuality
26280;10198;gay relationship
26280;10199;gay interest
26280;12342;gay son
26280;14534;relationship
26280;14646;overbearing mother
26280;14768;single mother
26280;33458;gay man
26280;157499;mother son relationship
26280;158718;lgbt
26280;163037;lgbt teen
26282;185077;macao
26282;195402;film noir
26283;14570;las vegas
26283;195402;film noir
26290;6054;friendship
26290;9840;romance
26290;10183;independent film
26290;10683;coming of age
26290;13160;university
26290;169635;psychological drama
26290;185443;relatonship study
26290;187056;woman director
26291;3199;clown
26291;3423;liquor
26291;5732;birthday party
26291;7464;alcoholism
26291;10123;dark comedy
26291;165580;cult classic
26291;192528;mimes
26291;192530;barflies
26301;156634;tv
26302;10183;independent film
26306;1897;oregon
26306;2070;olympic games
26306;6075;sport
26306;204967;runner
26316;1956;world war ii
26316;10678;mosquito
26316;10679;squadron
26317;14629;experimental film
26320;6579;music festival
26320;10183;independent film
26320;187249;catskills
26320;187250;dog tags
26323;585;casino
26323;6149;police
26323;9826;murder
26323;195402;film noir
26325;7347;tarzan
26325;207767;erotic thriller
26326;578;rock and roll
26326;4470;punk
26326;9783;bong
26326;11196;rebellion
26326;11663;camp
26326;155614;ramones
26333;9673;love
26333;10614;tragedy
26333;13014;orphan
26333;18161;baboon
26334;293;female nudity
26334;570;rape
26334;2804;exploitation
26334;9748;revenge
26334;9826;murder
26334;15127;killer
26337;207268;neo-noir
26342;679;cyborg
26347;496;poetry
26347;886;film making
26347;5907;middle east conflict
26347;7973;bosnian war of 1992-1995
26347;10183;independent film
26347;10674;film grammar
26356;2036;greek mythology
26356;4720;ritual
26356;5809;marriage crisis
26356;7019;medea
26356;9748;revenge
26356;208018;infanticide
26357;470;spy
26357;10988;based on tv series
2636;1653;explosive
2636;9748;revenge
2636;159358;explosives expert
26360;187056;woman director
26366;3485;comedian
26366;9716;stand-up comedy
26366;10267;comedy
26367;6894;aunt
26367;179431;duringcreditsstinger
26369;201834;avocado jungle
2637;818;based on novel
2637;1415;small town
2637;1566;dream
2637;2669;motel
2637;3298;hallucination
2637;3450;bridge
2637;4862;alien life-form
2637;4949;warning
2637;6622;tumor
2637;8232;west virginia
2637;9955;urban legend
2637;10170;premonition
2637;10904;telephone call
2637;11612;hospital
2637;12193;reporter
2637;14742;psychic
2637;15198;car wreck
2637;208397;death of wife
2637;230413;mothman
2637;238137;mysterious events
2637;238138;chemical plant
26371;237;gay
26371;1862;coming out
26371;6731;british
26371;10198;gay relationship
26371;10683;coming of age
26371;34333;lgbt child
26371;158718;lgbt
26371;178329;best friends in love
26378;703;detective
26378;1859;arizona
26378;2752;ranch
26378;2792;boxer
26378;4487;boxing match
26378;6075;sport
26378;6149;police
26378;12193;reporter
26378;14845;dead end kids
26380;657;fire
26380;1422;boat
26380;5420;fisherman
26380;13142;gangster
26380;41523;brooklyn new york city
26380;155502;racketeers
26380;195402;film noir
26386;65;holiday
26388;1533;isolation
26388;1909;coffin
26388;4776;race against time
26388;7172;buried alive
26388;10349;survival
26388;13015;terrorism
26388;15017;danger
26388;15156;cell phone
26388;18034;desert
26388;157902;psychological
26388;179430;aftercreditsstinger
26388;206219;captivity
26388;206687;chases and races
26388;206690;mind and soul
26388;206704;confined
26389;90;paris
26389;591;cia
26389;1568;undercover
26389;1653;explosive
26389;1667;pimp
26389;1704;ambassador
26389;2095;anti hero
26389;4087;revelation
26389;4653;french
26389;6083;politician
26389;6112;firearm
26389;9758;deception
26389;9844;car crash
26389;10726;gang
26393;6038;marriage
26397;2831;slavery
26397;179585;american civil war
26397;180829;robert e lee
26398;572;sex
26398;818;based on novel
26398;1299;monster
26398;15140;quicksand
26398;161511;edgar rice burroughs
26398;162801;subterranean
26398;166695;cavern
26398;197359;cave woman
2640;236;suicide
2640;2913;diary
2640;6054;friendship
2640;6270;high school
2640;10123;dark comedy
2640;41203;clique
2642;166297;set
2642;238248;sammen
26425;90;paris
26425;242;new york
26425;717;pope
26425;1918;cooking
26425;5490;girlfriend
26425;5948;studies
26425;10883;scalper
26425;14536;crime
26425;48711;ticket
26431;955;plutonium
26431;2139;russia
26431;2449;black market
26431;3275;nuclear radiation
26431;6564;terminal illness
26444;1329;canada
26444;3593;wilderness
26444;10349;survival
26452;2036;greek mythology
26452;9725;sword fight
26452;187301;hercules
26452;187302;roman mythology
26465;898;hip-hop
26465;4562;rapper
26475;1326;infidelity
26475;1941;ecstasy
26475;8508;party
26475;10183;independent film
26475;187056;woman director
26479;1568;undercover
26479;8629;made for cable tv
26479;156121;ex-con
26479;162917;police reporter
26479;194027;gun dealer
26480;779;martial arts
26480;3133;vampire
26480;3633;dracula
26480;9259;vampire hunter
26480;155730;hammer horror
26483;4344;musical
26483;188583;beach movie
26484;966;beach
26484;1524;surfer
26484;41240;madcap comedy
26484;161276;anthropologist
26484;188583;beach movie
26488;1228;1970s
26488;2483;nudity
26488;2793;film director
26488;9732;movie in movie
26488;33490;filmmaking
26488;160329;super-8
26488;185722;based on true events
26488;190370;erotic movie
26488;195997;adult filmmaking
26488;197508;erotic 70s
26488;236316;anarchic comedy
2649;380;brother brother relationship
2649;1421;birthday
2649;3883;danger of life
2649;5732;birthday party
2649;173303;surprising
26491;8250;victorian england
26491;10180;homosexuality
26491;11162;miniseries
26491;15060;period drama
26491;34215;lesbian interest
26497;818;based on novel
26497;3205;fairy tale
265;220;berlin
265;532;music record
265;835;jewry
265;836;resistance
265;837;show business
265;930;in love with enemy
265;1222;zurich
265;1223;switzerland
265;1224;radio station
265;4344;musical
26502;798;sheriff
26502;9503;outlaw
26502;194062;wells fargo
26504;2656;hat
26504;3760;light
26504;4399;victim
26504;4728;knife
26504;6844;stalker
26504;10685;escape
26504;10886;punishment
26504;11039;giallo
26504;14791;spa
26504;14792;tarantula
26504;14793;wasp
26504;14794;lust
26504;14795;jacket
26504;14796;destruction
26509;4458;post-apocalyptic
26509;4565;dystopia
26509;10123;dark comedy
26509;10183;independent film
26513;458;hippie
26513;4565;dystopia
26513;11800;mockumentary
26513;13065;soldier
26513;14819;violence
26513;18034;desert
26513;162365;military
26513;201864;hostile
26513;202371;aggressive
26515;616;witch
26515;3623;cabin
26515;6712;death of a child
26515;9826;murder
26515;12198;pumpkin
26515;15001;demon
26515;156075;evil
26515;187320;storekeeper
26515;232766;vengeance
2652;236;suicide
2652;570;rape
2652;965;age difference
2652;1003;photographer
2652;1445;ice
2652;1879;shower
2652;2250;menace
2652;2251;lie
2652;2337;pedophilia
2652;2887;manipulation
2652;3303;bedroom
2652;4426;sadism
2652;5157;electric shock
2652;5483;coffee shop
2652;5502;castration
2652;6255;insanity
2652;7002;vigilante
2652;9740;sociopath
2652;9758;deception
2652;10226;neighbor
2652;10809;teenage girl
2652;12544;crying
2652;13006;torture
2652;13125;sadist
2652;14576;pedophile
2652;14624;cruelty
2652;14669;older man younger woman relationship
2652;15068;one day
2652;15108;justice
2652;15111;drinking
2652;15219;rooftop
2652;15365;held captive
2652;41329;mental illness
2652;156661;threat
2652;159595;sexual torture
2652;167942;screaming
2652;175522;electrical torture
2652;184988;childhood sexual abuse
2652;211669;photo studio
2652;212404;verbal abuse
26530;3800;airplane
26530;9826;murder
26530;12193;reporter
26530;157008;catholic church
26530;187844;flashback
26530;195402;film noir
26538;65;holiday
26539;65;holiday
26539;10115;snowman
2654;1415;small town
2654;2340;paranoia
2654;6018;new hampshire
2654;6255;insanity
2654;9937;suspense
2654;10308;h.p. lovecraft
2654;10738;diner
2654;10818;author
2654;10941;disappearance
2654;14765;church
2654;14819;violence
2654;33505;gothic
2654;41380;crucifix
2654;41393;new england
2654;155435;insurance investigator
2654;166701;ghost town
2654;188994;publisher
2654;235266;horror novel
26540;65;holiday
26540;6513;cartoon
26540;161155;kids
26547;65;holiday
26547;1991;santa claus
26547;207317;christmas
2655;1328;secret
2655;3358;haunted house
2655;10112;ouija board
2655;10224;haunting
2655;11169;missing girl
2655;162846;ghost
26550;894;depression
26550;1525;puberty
26550;1543;war veteran
26550;1610;country estate
26550;2087;lolita
26550;2504;world war i
26550;3691;forbidden love
26550;10683;coming of age
26550;10814;wounded
26550;178649;voyeurism
26550;894;depression
26550;1525;puberty
26550;1543;war veteran
26550;1610;country estate
26550;2087;lolita
26550;2504;world war i
26550;3691;forbidden love
26550;10683;coming of age
26550;10814;wounded
26550;178649;voyeurism
26555;157524;tropical island
26558;447;post traumatic stress  disorder
26558;2956;vietnam
26558;14819;violence
26558;14964;drug
26558;34117;cult film
26558;159909;veteran
26558;161728;urban decay
26558;193659;splatterpunk
26558;236495;low budget film
26558;236782;agent orange
26560;736;journalist
26560;1890;camping
26560;2805;rocky mountains
26560;5350;eagle
26560;10468;bear
26560;14720;love affair
26560;185718;cultural conflict
26560;192767;mountain lion
26560;209334;newspaper columnist
26561;131;italy
26561;818;based on novel
26561;5248;female friendship
26561;6876;vacation
26561;190084;chance encounter
26564;1353;underground
26564;5565;biography
26564;14893;art
26566;494;father son relationship
26566;1930;kidnapping
26566;4654;undercover agent
26566;6951;biker
26566;8015;cop
26566;226774;father son conflict
26567;10183;independent film
26569;779;martial arts
2657;1155;brother sister relationship
2657;2571;tv show
2657;4565;dystopia
2657;5737;book burning
2657;8201;satire
2657;10683;coming of age
2657;12425;racism
2657;12999;black and white
2657;156282;alternate reality
2657;222982;colour
26571;10183;independent film
26571;14893;art
26571;236316;anarchic comedy
26574;1019;rodeo
26574;4470;punk
26574;187056;woman director
26578;470;spy
26578;5565;biography
26581;4379;time travel
26587;3030;nightmare
26587;5251;primal fear
26593;798;sheriff
26593;1556;texas
26593;2052;traitor
26593;10786;colonel
26596;1582;saloon
26596;155493;campy
26596;155512;saloon owner
26599;3098;castle
26599;9826;murder
266;128;love triangle
266;131;italy
266;774;film business
266;883;capri
266;884;cinecittà
266;885;villa
266;886;film making
266;887;film producer
266;888;screenwriter
266;931;jealousy
266;9844;car crash
266;15160;divorce
26600;3799;ship
26600;6155;afterlife
26600;10855;fate
26600;14601;explosion
26600;33702;bombing
26600;236406;ship passengers
26602;966;beach
26602;1480;baseball
26602;6075;sport
26602;7984;bikini
26602;8508;party
26602;9673;love
26602;9840;romance
26602;10499;pool
26602;13088;summer
26602;187844;flashback
26603;818;based on novel
26603;5629;role reversal
26603;10873;school
26603;11870;teen movie
26603;33721;body-swap
26603;163069;child as an adult
26603;177035;identity swap
26603;198929;adult as a child
26606;237;gay
26606;2570;rock star
26606;6562;celebrity
26606;11402;androgyny
26606;13142;gangster
2661;339;submarine
2661;849;dc comics
2661;2534;missile
2661;2988;shark attack
2661;10084;rescue
2661;15097;shark
2661;155461;shark repelent
2661;155488;black cat
2661;163455;super powers
26615;779;martial arts
26615;780;kung fu
26617;7312;road trip
26617;13017;drifter
26617;14514;class differences
26617;196599;rebelliousness
26617;196600;pacific northwest
2662;213;upper class
2662;3335;halloween
2662;6259;psychopath
2662;9955;urban legend
2662;14751;youth
2662;161270;satanic ritual
26622;10163;cancer
26622;10726;gang
26622;12670;los angeles
26622;156121;ex-con
26631;9815;psychic power
26631;10183;independent film
26638;1382;factory
26638;3002;fog
26643;2343;magic
26643;5147;sorcery
26643;6333;wizardry
26643;7376;princess
26643;10466;knight
2665;305;moon
2665;1826;space marine
2665;2439;coffee
2665;3801;space travel
2665;11931;spoof
2665;157251;bomb planting
2665;179430;aftercreditsstinger
2665;236316;anarchic comedy
26655;6075;sport
2666;634;soul
2666;2116;sleep
2666;2887;manipulation
2666;2964;future
2666;4565;dystopia
2666;4630;chaos
2666;10937;memory
2666;12965;duel
2666;33465;parallel world
2666;178657;tech noir
2666;185199;matrix
2666;207268;neo-noir
2666;214730;retrofuturism
26663;242;new york
26663;166463;night club singer
2667;616;witch
2667;3392;voodoo
2667;3754;legend
2667;5147;sorcery
2667;5729;maryland
2667;5774;forest
2667;6686;footage
2667;8087;horror
2667;10984;true
2667;12105;student
2667;44451;lost
2667;163053;found footage
2667;196288;film
26670;4326;theatre play
26670;9249;backstage
26676;14536;crime
26677;12377;zombie
2668;3963;cut-off head
2668;33708;horseman
2668;33709;head
26680;2652;nazis
26680;12377;zombie
26680;155493;campy
26680;155746;deserted island
26682;8629;made for cable tv
26682;10183;independent film
26682;14857;juvenile delinquent
26682;159953;automobile racing
26682;208611;1950s
26686;612;hotel
26688;293;female nudity
26688;3687;graduation
26688;10714;serial killer
26688;11221;blood
26688;12339;slasher
26688;15127;killer
26688;41667;horror movie remade
26688;194236;sorority house
26688;225938;axe
26689;4820;leap in time
26689;9937;suspense
26689;10714;serial killer
2669;293;female nudity
2669;911;exotic island
2669;1860;mutiny
2669;1889;lake
2669;2483;nudity
2669;3180;sailing
2669;3799;ship
2669;4414;adventure
2669;6611;tahiti
2669;9826;murder
2669;13149;pregnancy
2669;33760;great barrier reef
2669;41599;sailor
2669;47972;native peoples
2669;168683;storm at sea
2669;170335;whipping
2669;184418;british sailor
2669;185722;based on true events
2669;214789;fiji
26690;703;detective
26690;848;double life
26690;1680;boston
26690;5579;strangle
26690;11260;serial murder
26693;10541;curse
26693;41411;vengeful ghost
26693;192044;ju-on
26694;1261;river
26694;5968;amazon
26694;11827;swimmer
26699;3149;gangster boss
267;459;sexual obsession
267;549;prostitute
267;596;adultery
267;704;adolescence
267;726;drug abuse
267;739;sexual abuse
267;744;madrid
267;856;paraplegic
267;992;bus
267;3725;pregnancy and birth
26701;5783;classical music
26701;235834;concert violinist
26702;6154;hell
26702;15162;dog
26702;33671;german shepherd
26702;156321;tv movie
26703;272;transylvania
26703;3133;vampire
26703;3633;dracula
26703;4769;supernatural powers
26703;15162;dog
26703;33671;german shepherd
26703;156149;doberman
26703;156174;occult
26703;156185;hearse
26703;272;transylvania
26703;3133;vampire
26703;3633;dracula
26703;4769;supernatural powers
26703;15162;dog
26703;33671;german shepherd
26703;156149;doberman
26703;156174;occult
26703;156185;hearse
2671;3297;videoband
2671;232281;unofficial remake
26710;17985;birth
26710;160946;expectant mother
26710;162225;fatherhood
26710;184499;baby born
26710;187056;woman director
26712;156902;assistant district attorney
26714;2501;death row
26714;195402;film noir
26718;10909;lawyer
26718;161229;g man
26719;3202;con man
26719;4373;fraud
26719;5305;gambling debts
26719;9807;noir
26723;4048;musician
26723;11697;the beatles
26723;41591;music band
26723;164118;yoko ono
26723;164119;nude image
26723;164120;rock singer
26723;164121;nude drawing
26723;164124;mass media
26723;164132;george harrison
26723;164136;joy
26736;1155;brother sister relationship
26736;2041;island
26736;2343;magic
26736;4414;adventure
26736;9294;foreign language
26736;10988;based on tv series
26736;14724;family vacation
26736;33694;family holiday
26736;159947;parents
26736;177912;wizard
26736;184948;disney channel
26736;199093;trouble
26736;206736;changing the past or future
26738;9826;murder
26738;15479;fashion
26738;187056;woman director
26744;157138;numbers racket
26744;195402;film noir
2675;1715;symbolism
2675;4237;water
2675;4932;farm
2675;6150;faith
2675;9951;alien
2675;10235;family relationships
2675;11004;rural setting
2675;14909;alien invasion
2675;167642;crop circle
2675;192962;alien attack
2675;228753;loss of faith
2675;229652;alien encounter
26750;321;terror
26750;840;usa president
26750;2472;form of government
26750;2946;presidential election
26750;5769;global warming
26750;6086;government
26750;8570;president
26750;10410;conspiracy
26750;11208;conspiracy theory
26750;210455;small community
26752;2111;soviet union
26758;1502;marshal
26758;155513;dancehall girl
26758;168595;bowie knife
26758;186796;town tamer
26758;186797;african american servant
26758;186798;shooting dog
26761;2102;brother-in-law
26761;2801;self-defense
26761;3030;nightmare
26761;5707;childhood trauma
26761;17981;foster sister
26761;195402;film noir
26762;9748;revenge
26762;9937;suspense
26762;10391;mafia
26762;156121;ex-con
26766;4434;interview
26766;10729;car salesman
26766;33885;car
26766;155241;customer
26766;192742;vehicles
26766;208273;sale
26774;392;england
26774;570;rape
26774;2483;nudity
26774;2858;sacrifice
26774;3099;satanism
26774;5331;village
26774;9826;murder
26774;10292;gore
26774;14999;devil
26774;40931;witchcraft
26774;156174;occult
26774;157512;mutilation
26774;161271;beast
26776;10322;native american
26776;157136;lynching
26776;188014;mixed race child
26792;7158;war in afghanistan
26796;237;gay
26796;637;pop
26796;196249;joe meek
26797;2289;cigarette smuggling
26797;3170;cigarette
26797;10730;denis leary
268;848;double life
268;849;dc comics
268;851;dual identity
268;852;chemical
268;853;crime fighter
268;855;fictional place
268;6969;gotham city
268;9715;superhero
268;163455;super powers
26801;378;prison
26803;212;london england
26803;6027;music
26803;11053;punk rock
26803;14964;drug
26803;34117;cult film
26809;65;holiday
26809;1991;santa claus
26810;187056;woman director
26813;485;nepal
26813;486;himalaya
26813;157156;trek
26813;225244;yak
26814;4344;musical
26814;156028;broadway
26815;3734;ambition
26815;10540;bollywood
26815;12094;business
26815;14636;india
26815;197297;struggling career
26825;494;father son relationship
26825;886;film making
26827;242;new york
26827;769;falsely accused
26827;9808;cult comedy
26838;2884;asylum
26838;192090;brain injury
26838;195402;film noir
26842;187;islam
26842;539;middle east
26842;789;muslim
26842;6091;war
26842;11001;religion
26842;12995;historical fiction
26842;173259;arab
26842;197284;mohammed
26843;131;italy
26843;539;middle east
26843;836;resistance
26843;1956;world war ii
26843;5272;libya
26843;8077;benito mussolini
26843;9672;based on true story
26843;11031;guerrilla warfare
26849;1419;gun
26849;6399;rope
26849;18476;noose
26849;171989;wrongful conviction
26850;596;adultery
26850;922;hotel room
26850;11343;brighton
26850;15160;divorce
26850;155790;private detective
26850;208611;1950s
26851;1815;atomic bomb
26851;2903;propaganda
26860;3136;plantation
26860;3392;voodoo
26860;12377;zombie
26860;34117;cult film
26860;156578;newlywed
26860;156764;pre-code
26860;191345;poverty row
26865;1618;radiation
26865;3065;minister
26865;12999;black and white
2687;160130;invisible man
26880;5135;jeep
26880;5746;iceland
26880;9713;friends
26880;207942;icelandic
26889;577;black people
26889;1501;allegory
26889;5730;hispanoamerican
26889;9951;alien
26889;10183;independent film
26889;10568;science fiction
269;90;paris
269;736;journalist
269;795;running
269;915;car thief
269;916;marseille
269;917;journalism
269;918;newspaper
269;919;smoking
269;922;hotel room
269;1014;loss of lover
269;1721;fight
269;3737;dying and death
269;3796;auto
269;6054;friendship
269;33672;financial transactions
269;34094;extramarital affair
269;155518;nouvelle vague
269;155845;french noir
26914;351;poison
26914;616;witch
26914;1299;monster
26914;1346;dance performance
26914;1415;small town
26914;3182;seduction
26914;3298;hallucination
26914;6158;cult
26914;6662;delirium
26914;6876;vacation
26914;6878;sandwich
26914;18236;fasting
26914;46951;mirror
26914;163186;seance
26914;163795;recreational vehicle
26914;177104;family values
26914;182278;farming community
26914;189094;goblin
26914;196943;family exchange
26914;196944;vegetarianism
26914;196947;hospitality
26914;196949;cassette tape
26914;196952;odd religious customs
26914;196953;community spirit
26914;196955;healthy food
26914;196956;herbal remedies
26914;196957;popcorn
26914;196958;dating woes
26914;196960;dead grandfather
26914;196964;power of goodness
26914;196975;supernatural phenomena
2692;1627;patriotism
2692;1772;german democratic republic
2692;1773;socialism
2692;3490;pop star
2692;4098;civil rights activist
2692;4269;war on freedom
2692;5287;tour
2692;5965;marxism
2692;6027;music
2692;6029;concert
2692;6346;trade union
2692;6579;music festival
2692;162845;revolt
2692;192519;emigrant
26925;10125;mad scientist
26928;3202;con man
26928;18072;preacher
26928;208412;wagon master
26933;128;love triangle
26933;237;gay
26933;2065;province
26933;2506;algerienkrieg
26933;4653;french
26933;10180;homosexuality
26933;10198;gay relationship
26933;10683;coming of age
26933;11524;in the closet
26933;15135;gay sex
26933;33458;gay man
26933;34265;heartbreak
26933;158718;lgbt
26933;163037;lgbt teen
26933;192394;broken heart
26939;797;showdown
26939;10950;shootout
2694;1252;suicide attempt
2694;1430;self sacrifice
2694;1450;shepherd
2694;1459;marriage proposal
2694;3020;sheep
2694;3373;snow storm
2694;3583;bridegroom
2694;4717;camel
2694;5175;petrol
2694;5859;paralysis
2694;6602;veld
26940;585;casino
26940;190797;marx brothers
26940;234356;nazi
26945;1566;dream
26945;2343;magic
26945;9887;surrealism
26945;206436;clamp
26945;206437;shoujo
26946;1299;monster
26946;2041;island
26946;7994;water monster
26946;9970;crab
26946;10183;independent film
26946;11034;b movie
26946;11100;giant monster
26946;11181;decapitation
26946;14760;scientist
26946;158126;creature feature
26946;223089;giant crab
26947;1299;monster
26947;5202;boy
26947;6362;turtle
26947;9663;sequel
26947;9831;spaceship
26947;9951;alien
26947;11100;giant monster
26947;14659;girl
26947;161791;kaiju
26947;203502;gamera
26947;208048;cannibalism
26947;225796;giant turtle
26948;974;bank
26948;2492;bank robber
26948;10856;bag of money
26948;11034;b movie
26948;155436;classic noir
26948;161966;bank teller
26949;2504;world war i
26949;155509;hemmingway
26954;293;female nudity
26954;612;hotel
26954;2588;brain
26954;6300;puppet
26954;9663;sequel
26954;12377;zombie
26954;187844;flashback
26958;6300;puppet
26958;9663;sequel
26958;15001;demon
26962;9707;evil doll
26964;494;father son relationship
26964;612;hotel
26964;2401;grandmother grandson relationship
26964;3297;videoband
26964;5824;video surveillance
26964;10041;dysfunctional family
26969;9840;romance
26973;549;prostitute
26973;1003;photographer
26973;1411;brothel
26973;2389;virgin
26973;2411;new orleans
26973;6025;photography
26973;8640;young prostitute
26973;11254;loss of virginity
26974;1299;monster
26974;1721;fight
26974;6092;army
26974;11100;giant monster
26974;14643;battle
26976;428;nurse
26976;496;poetry
26976;1992;professor
26976;10163;cancer
26976;11612;hospital
26976;13005;doctor
26976;173655;hospital room
26976;194254;ovarian cancer
26976;217409;english professor
26976;220363;chemotherapy
26978;10158;alien planet
26978;187967;forbidden zone
26978;187969;waif
26985;65;holiday
2699;2580;shipwreck
2699;3799;ship
2699;4388;titanic
2699;4953;ocean liner
2699;10617;disaster
27;212;london england
27;293;female nudity
27;572;sex
27;578;rock and roll
27;3405;blow job
27;4313;condom
27;4316;safe sex
27;6029;concert
27;6935;erection
27;7410;fellatio
27;9772;pubic hair
27;9835;sexual fantasy
27;10762;penetration
27;11474;sexual intercourse
27;11868;ejaculation
27;12420;unsimulated sex
27;33494;couple
27;33513;desire
27;155606;semen
27;155662;vulva
27;155671;male orgasm
27;155678;penis
27;156433;explicit sex
27003;530;prophecy
27003;3098;castle
27003;7375;twin brother
27003;9552;baron
27003;33505;gothic
27004;10183;independent film
27004;10594;money
27009;1889;lake
27009;7994;water monster
27009;191143;loch ness monster
2701;3036;bible
2701;5565;biography
27016;11053;punk rock
27022;616;witch
27022;657;fire
27022;1994;wolf
27022;2098;fountain
27022;2343;magic
27022;3096;book
27022;3098;castle
27022;4237;water
27022;4488;apprentice
27022;4613;training
27022;8504;merlin
27022;9673;love
27022;10364;mission
27022;10821;sorcerer
27022;12554;dragon
27022;179430;aftercreditsstinger
27022;193201;apprendista
27022;222347;morgana
27031;1462;samurai
27031;193104;jidaigeki
27033;33457;alcoholic
27033;33518;district attorney
27033;195402;film noir
27036;9016;femme fatale
27036;10856;bag of money
27036;195402;film noir
27040;236;suicide
27040;1566;dream
27040;2382;flower
27040;2849;key
27040;9851;knife in hand
27040;14629;experimental film
27040;187056;woman director
27040;214549;short
27067;740;aids
27067;1944;epilepsy
27067;7368;alienation
27067;7490;hicktown
27067;10131;interracial relationship
27067;12420;unsimulated sex
27070;9016;femme fatale
27070;12377;zombie
27070;14736;motorcycle gang
27070;157204;girls with guns
27074;2493;oklahoma
27074;4344;musical
27074;4932;farm
27092;931;jealousy
27092;2629;psychological stress
27092;10198;gay relationship
27092;10596;argentina
27092;15363;bank robbery
27092;158718;lgbt
27092;208992;1960s
27093;380;brother brother relationship
27093;963;loss of brother
27093;9766;hiv
27094;3485;comedian
27094;5091;kiss
27094;6593;stripper
27094;11508;jewish
27094;11704;judaism
27094;33731;stand-up comedian
27094;187239;scatological humor
27094;187240;contempt of court
27095;255;male nudity
27095;293;female nudity
27095;3190;menage a trois
27095;4505;judo
27095;14751;youth
271;708;runaway
271;930;in love with enemy
271;1412;becoming an adult
271;1621;robber
271;3098;castle
271;5600;daughter
271;5774;forest
271;6054;friendship
271;6062;hostility
271;6187;fairy-tale figure
271;10707;mother daughter relationship
271;208349;child
27103;108;transvestism
27103;237;gay
27103;1690;belgium
27103;1862;coming out
27103;10235;family relationships
27103;10683;coming of age
27103;17975;transgender
27103;34214;gender
27103;34333;lgbt child
27105;4616;apache
27105;15381;captive
27112;2679;artist
27112;5918;painting
27114;236;suicide
27114;703;detective
27114;5923;sister
27114;8508;party
27114;15009;criminal
27134;12377;zombie
27152;1262;mountain
27152;1862;coming out
27152;6310;national park
27152;9632;forest ranger
27152;158718;lgbt
27172;378;prison
27172;15009;criminal
27172;33808;warden
27172;156786;prison escape
27176;187056;woman director
27197;236;suicide
27197;818;based on novel
27197;6706;performance
27197;9714;remake
27197;9725;sword fight
27197;9748;revenge
27197;10564;japanese culture
27197;14926;katana sword
27197;18104;samurai era
27197;190446;edo period
27197;197915;kabuki
272;486;himalaya
272;779;martial arts
272;849;dc comics
272;853;crime fighter
272;1308;secret identity
272;1568;undercover
272;1701;hero
272;1872;loss of father
272;3679;society
272;6969;gotham city
272;7002;vigilante
272;9715;superhero
272;9717;based on comic
272;9823;rivalry
272;10044;tragic hero
272;10278;ninja
272;10842;good vs evil
272;14536;crime
272;163455;super powers
272;173719;haunted by the past
272;179095;evil doctor
272;187710;escapade
272;206694;master villain
272;206700;fighting crime
272;206709;unfulfillment
272;206715;love and romance
272;206716;unfulfilled love
27205;1014;loss of lover
27205;1566;dream
27205;1930;kidnapping
27205;2116;sleep
27205;2117;subconsciousness
27205;10051;heist
27205;11436;redemption
27205;160137;female hero
2721;441;assassination
2721;591;cia
2721;1200;greece
2721;6078;politics
2721;6086;government
2721;6149;police
2721;9665;cover-up
2721;33858;right wing
2721;188719;magistrate
2721;214724;rally
27212;470;spy
27212;13142;gangster
27212;174539;police inspector
27215;186;christianity
27215;237;gay
27215;1862;coming out
27215;10183;independent film
27215;10198;gay relationship
27215;10360;prejudice
27217;739;sexual abuse
27217;5420;fisherman
27217;10041;dysfunctional family
2722;293;female nudity
2722;1326;infidelity
2722;2848;tennis player
2722;2864;one-night stand
2722;4115;longing
2722;14534;relationship
2722;155790;private detective
27221;1566;dream
27221;2035;mythology
27221;3593;wilderness
27221;3754;legend
27221;6015;mining
27221;157107;court trial
27223;395;gambling
27223;1873;yuppie
27223;6433;roulette
27223;8201;satire
27223;11313;winnebago
27223;14512;new york city
27223;14570;las vegas
27223;18326;fired from the job
27223;163795;recreational vehicle
27223;167043;road movie
27223;231121;hoover dam
27223;236651;crossing guard
27223;236652;nest egg
27232;1299;monster
27232;2343;magic
27232;3002;fog
27232;4393;archer
27232;10170;premonition
27232;12648;bromance
27232;53995;archery
27232;155800;atmospheric
27232;156075;evil
27232;161891;doppelganger
27232;167104;loner
27232;169613;mist
27232;211057;trippy
27232;232997;dreamlike
27232;234213;sword and sorcery
27236;3296;car mechanic
27236;6363;racing car
27236;9883;chevrolet
27236;10183;independent film
27236;167043;road movie
27263;703;detective
27271;422;vietnam veteran
27271;779;martial arts
27271;2732;rocket launcher
27271;5572;fistfight
27271;9748;revenge
27271;9826;murder
27271;10183;independent film
27271;11181;decapitation
27271;12371;gunfight
27271;14736;motorcycle gang
27271;156650;machine gun
27273;12554;dragon
27277;1321;gold
27277;2673;horse
27277;2752;ranch
27277;3713;chase
27277;9728;caper
27277;11004;rural setting
27277;14819;violence
27277;155291;cowboy
27277;168093;henry rifle
27277;180974;gold shipment
27277;187319;wagon
27277;188907;street shootout
2728;3600;gun rampage
2728;4276;machinegun
2728;12016;holocaust joke
2728;41645;based on video game
2728;187554;person running amok
27292;293;female nudity
27292;417;corruption
27292;3713;chase
27292;4295;collector
27292;4511;field
27292;4932;farm
27292;9748;revenge
27292;9826;murder
27292;9937;suspense
27292;10183;independent film
27292;11016;kansas city
27292;11259;extortion
27292;11733;drug dealing
27292;12094;business
27292;13059;prostitution
27292;13142;gangster
27292;14819;violence
27292;156802;cornfield
27292;167888;hot dog
27292;192248;white slavery
27292;197808;fairground
27292;210284;off screen rape
27292;210455;small community
27292;211214;meatpacking
27292;211215;county fair
27297;293;female nudity
27297;739;sexual abuse
27297;2483;nudity
27297;4424;pain
27297;4426;sadism
27297;5502;castration
27297;9366;hammer
27297;9785;perversion
27297;10292;gore
27297;10770;mad doctor
27297;11181;decapitation
27297;11534;sexual violence
27297;11868;ejaculation
27297;12394;chainsaw
27297;13006;torture
27297;157512;mutilation
27297;159595;sexual torture
27297;163699;vomiting
27297;232091;sexual perversion
273;222;schizophrenia
273;458;hippie
273;514;spain
273;823;cologne
273;1155;brother sister relationship
273;1252;suicide attempt
273;1253;roommate
273;1388;cinema
273;1669;wave
273;1879;shower
273;2340;paranoia
273;3737;dying and death
273;13160;university
273;14964;drug
273;33648;celebration
27306;6104;computer
27306;11148;police chase
27306;40847;near future
27307;171749;reference to ed mcmahon
27310;9663;sequel
27313;458;hippie
27313;11532;grindhouse
27313;14736;motorcycle gang
27313;158303;rabies
27313;208491;bikies
27317;3485;comedian
27317;9716;stand-up comedy
27317;10267;comedy
27320;10115;snowman
27322;572;sex
27322;1594;ex-boyfriend
27322;10183;independent film
27322;12532;african american
27327;3284;phantom
27327;4344;musical
27327;155482;rock opera
27328;378;prison
27328;570;rape
27328;1925;camera
27328;3679;society
27328;3880;snuff
27328;6259;psychopath
27328;9748;revenge
27328;9826;murder
27328;10292;gore
27328;11221;blood
27328;13006;torture
27328;13142;gangster
27328;14707;brutality
27328;155024;drill
27328;156075;evil
27328;196288;film
27328;201774;captured
27328;201775;killed
27329;2011;queen
27329;3434;thailand
27329;4278;invasion
27332;572;sex
27332;818;based on novel
27332;2493;oklahoma
27332;7281;shooting
27332;10683;coming of age
27338;1453;amnesia
27338;14780;investigator
2734;3036;bible
2734;9682;history
2734;11001;religion
2734;11222;prophet
2734;13084;king
2734;18035;family
2734;194579;david
27344;4551;swamp
27344;11034;b movie
27351;4278;invasion
27351;9951;alien
27351;157634;parasite
27351;209992;japanese cyberpunk
27359;10183;independent film
27360;9728;caper
27360;210313;action
27370;9853;paranormal
27370;160517;fake documentary
27370;161261;demonic possession
27370;172280;based on supposedly true story
27370;172486;no ending credits
27370;172487;video recorder
27370;172490;lights turned off
27370;172492;minimal cast
27376;966;beach
27376;5349;surfing
27376;7020;bodybuilding
27376;188583;beach movie
27376;192514;beach party
27378;1501;allegory
27378;1566;dream
27378;3363;hypnosis
27395;293;female nudity
27395;572;sex
27395;2483;nudity
27395;3133;vampire
27395;3633;dracula
27395;13006;torture
27395;15032;gothic horror
27395;33981;falling down stairs
27395;33998;lesbian sex
27395;157758;axe murder
27395;157893;stairs
27396;212;london england
27396;770;scotland yard
27396;8015;cop
27396;9937;suspense
27397;10132;matchmaking
27397;187056;woman director
27397;193650;pickles
274;818;based on novel
274;6259;psychopath
274;8087;horror
274;9937;suspense
274;10714;serial killer
274;12565;psychological thriller
274;14895;cannibal
274;18525;fbi agent
274;33872;animal in cast credits
274;208048;cannibalism
27408;470;spy
27408;572;sex
27408;949;terrorist
27408;2483;nudity
27408;10183;independent film
27408;10199;gay interest
27408;164218;psychotronic
27408;171636;drag
2742;818;based on novel
2742;1731;writing
2742;3298;hallucination
2742;10183;independent film
2742;13028;writer
2742;15037;bug
2742;156117;illegal drugs
2742;158120;exterminator
2742;205781;beat generation
2742;230644;lynchian
27420;12339;slasher
27431;11039;giallo
27431;207556;blind man
27432;1408;shoe seller
27432;10594;money
27432;11547;slaughterhouse
27441;14626;astronaut
27441;156836;space race
27444;572;sex
27444;2483;nudity
27444;5657;australia
27444;9673;love
27444;14794;lust
27449;90;paris
27449;3734;ambition
27449;5574;friedrich nietzsche
27449;14512;new york city
27449;156764;pre-code
27449;157283;speakeasy
27449;157286;golddigger
27450;6091;war
27450;13142;gangster
27450;14819;violence
27450;156221;showgirl
27451;395;gambling
27451;572;sex
27451;3616;college
27451;6496;basketball
27451;10391;mafia
27451;14964;drug
27455;10183;independent film
27455;11316;sexual humor
27455;11485;drug humor
27456;195402;film noir
27457;983;brazilian
27457;6078;politics
27458;2389;virgin
27458;5767;summer camp
27459;14512;new york city
27459;14536;crime
27459;191889;father child relationship
27459;210541;apathy
27461;1956;world war ii
27461;4593;atomic bomb test
27461;5565;biography
27472;7312;road trip
27472;178923;wedding date
27475;293;female nudity
27475;5595;sleepover
27475;8224;cannabis
27475;10226;neighbor
27475;10714;serial killer
27475;11798;slumber party
27475;12339;slasher
27475;155024;drill
27475;187056;woman director
27475;234906;murder spree
27475;236431;gym showers
2748;131;italy
2748;549;prostitute
2748;9935;travel
2748;14534;relationship
2748;15160;divorce
27480;494;father son relationship
27480;5657;australia
27496;10771;wax museum
275;1332;cheating
275;1336;ransom
275;1361;salesclerk
275;1442;winter
275;1930;kidnapping
275;3796;auto
275;6059;unsociability
275;6149;police
275;9409;north dakota
275;9826;murder
275;10594;money
275;15151;car dealership
275;33598;woodchipper
2750;968;manchester city
2750;2334;nightclub
2750;4344;musical
2750;33648;celebration
27506;2343;magic
27506;154802;silent film
27509;154802;silent film
27511;154802;silent film
2752;5906;sex addiction
2752;6183;laundromat
27523;629;sicily
27523;10391;mafia
27523;34079;death
27523;155538;sicilian mafia
27526;6381;loss of daughter
27526;6440;hit-and-run driving 
27526;9748;revenge
27526;9937;suspense
27526;10183;independent film
27526;10614;tragedy
2753;434;destruction of a civilization
2753;1956;world war ii
2753;4337;famine
2753;4518;postwar period
2753;11064;nazi germany
2753;15272;gestapo
27544;3202;con man
27548;10292;gore
27548;14687;extreme violence
27548;10292;gore
27548;14687;extreme violence
27549;818;based on novel
27549;4379;time travel
27549;9663;sequel
27549;164218;psychotronic
27549;181213;sword and sandal
27549;192215;beastmaster
27549;192913;warrior
27549;197014;time portal
27549;208009;gun fight
27549;234213;sword and sorcery
2755;1157;wife husband relationship
2755;182633;channel surfing
2755;182638;mullet
2755;182649;spiritual journey
2755;182651;life changing
2755;182656;pioneer village
2755;182657;family gathering
27550;187056;woman director
27563;7570;belly dancing
27573;801;bounty hunter
27573;163758;ex-husband ex-wife relationship
27576;441;assassination
27576;470;spy
27576;591;cia
27576;1930;kidnapping
27576;2106;cold war
27576;2111;soviet union
27576;3637;double agent
27576;4776;race against time
27576;9748;revenge
27576;10562;on the run
27576;10950;shootout
27576;11134;espionage
27576;11322;female protagonist
27576;12366;hitwoman
27576;13015;terrorism
27576;14819;violence
27576;190654;russian spy
27576;190981;intelligence officer
27576;208314;action heroine
2758;931;jealousy
2758;1009;baby
2758;1155;brother sister relationship
2758;1307;butler
2758;1873;yuppie
2758;2341;nanny
2758;5767;summer camp
2758;6317;guillotine
2758;6464;uncle
27584;13160;university
27584;14964;drug
27584;157913;young
27584;179430;aftercreditsstinger
2759;237;gay
2759;824;drag queen
2759;1013;homophobia
2759;4344;musical
2759;4580;van
2759;5657;australia
2759;17975;transgender
2759;193459;australian aborigine
27595;167043;road movie
27598;3371;family history
27598;10791;teenage crush
27598;18035;family
276;572;sex
276;1336;ransom
276;1562;hostage
276;2020;revolution
276;2483;nudity
276;5490;girlfriend
276;9673;love
276;9713;friends
276;11061;debt
276;11728;burglary
276;12545;mansion
276;14534;relationship
276;14536;crime
276;33501;political
276;156478;boyfriend
276;200907;messages
276;200908;evicted
2760;212;london england
2760;3002;fog
2760;6149;police
2760;6431;boarder
2760;6623;lodger
2760;9840;romance
2760;10714;serial killer
2760;10718;fugitive
2760;154802;silent film
2760;163119;injustice
2760;167198;fashion show
2760;167200;fashion model
2760;194568;alfred hitchcock
2760;196782;serial murders
2761;470;spy
2761;612;hotel
2761;1223;switzerland
2761;2504;world war i
2761;9937;suspense
2762;769;falsely accused
2762;1655;country house
2762;9826;murder
2762;9937;suspense
27620;572;sex
27620;190370;erotic movie
2764;3230;male friendship
2764;6054;friendship
27642;305;moon
27642;839;mars
27642;3133;vampire
27642;9831;spaceship
27642;9882;space
27642;9951;alien
27642;10084;rescue
27642;11221;blood
27642;191132;space exploration
27644;800;bounty
27644;801;bounty hunter
27644;5301;brother
27644;9503;outlaw
27644;162722;indian attack
27646;3335;halloween
27646;9694;halloween party
27646;15001;demon
27646;163810;faked death
27658;395;gambling
27658;2479;chicken
27658;5305;gambling debts
27658;10183;independent film
27658;155700;charles willeford
27658;155701;cock fighting
2767;378;prison
2767;960;homeless person
2767;1552;subway
2767;2407;fireworks
2767;5386;tramp
2767;5836;self-inflicted injury
2767;10794;snow
27671;10183;independent film
27671;14964;drug
27671;165423;prescription drug abuse
27674;10631;stockbroker
27674;12564;werewolf
27674;14512;new york city
27674;199835;sliver pen
27679;189383;yellow cab
2768;2619;suspicion of murder
2768;3248;gigolo
2768;6739;callboy
2769;90;paris
2769;1956;world war ii
2769;4344;musical
2769;5488;parfum
2769;12990;singing
2770;572;sex
2770;8508;party
2770;13088;summer
2770;34145;beach house
2770;155939;group of friends
2770;158507;gross out comedy
2770;170813;tantra
2770;170821;mistaken for a special education student
2770;170822;superglue
2770;170827;sex comedy
27703;9826;murder
27703;10714;serial killer
27703;170620;clairvoyant
27706;1456;medallion
27706;13153;spirit
27706;191491;evil ginger
2771;5565;biography
2771;10183;independent film
2771;175329;v.a. hospital
2771;175331;junk sale
2771;175336;jellybean
2771;175339;greeting card
2771;175340;file clerk
2771;175343;garage sale
2771;175345;comic book art
2771;175357;neurotic
2771;187056;woman director
27716;293;female nudity
27716;577;black people
27716;738;sexuality
27716;3208;bunny
27716;11550;black activist
27716;12425;racism
27716;161919;adult animation
27717;305;moon
27717;1423;asteroid
27717;11034;b movie
27719;5053;energiestrahlenwaffe
27721;1010;bar
27721;10782;nejat İsler
27724;10183;independent film
27726;1299;monster
27726;3754;legend
27735;8029;drama
27735;10123;dark comedy
27735;10183;independent film
27738;2106;cold war
27738;2580;shipwreck
27738;10547;arcade
27738;10958;man hunt
27738;196901;shopping montage
27738;220202;go-kart
27740;3133;vampire
27740;41393;new england
27742;14742;psychic
27742;161891;doppelganger
27742;192129;haunt
27759;4063;siege
27759;6917;epic
27759;33683;beijing
27764;187056;woman director
27768;10183;independent film
27769;963;loss of brother
27769;6270;high school
27769;10624;bully
27769;13008;train
27769;33885;car
27769;157955;childhood
27769;162846;ghost
27769;189102;tunnel
27769;190906;suppressed memory
2777;549;prostitute
2777;5318;seoul
27771;8721;arctic
27771;209221;arctic circle
27777;5419;bootlegger
27777;12193;reporter
27777;154802;silent film
2778;4358;shenanigan
2778;6464;uncle
27786;4458;post-apocalyptic
27786;10183;independent film
27786;10489;water shortage
27786;18034;desert
2779;3363;hypnosis
2779;10183;independent film
27793;334;flying
27793;2343;magic
27799;477;train station
27799;1453;amnesia
27799;6270;high school
27799;9986;crush
27799;12392;best friend
278;378;prison
278;417;corruption
278;796;police brutality
278;2885;prison cell
278;4779;delinquent
278;8622;parole board
278;9777;escape from prison
278;12662;wrongful imprisonment
278;180172;framed for murder
278;207883;1940s
27805;5956;stuntman
27805;18001;rock band
27805;40869;daredevil
27815;1852;mutant
27815;9663;sequel
27815;15085;splatter
27815;207673;freak
27824;10150;end of the world
27827;187056;woman director
27841;1014;loss of lover
27841;1313;mental disease
27841;1660;suppressed past
27841;2486;fantasy
27841;9401;sherlock holmes
27841;159313;psychiatry
27843;12377;zombie
27847;679;cyborg
27847;13065;soldier
27847;157681;strong man
27850;65;holiday
27850;616;witch
27850;2343;magic
27850;3335;halloween
27850;157667;warlock
27850;184948;disney channel
27857;237;gay
27857;392;england
27857;818;based on novel
27858;4170;john f. kennedy
27858;195880;pt boat
2786;90;paris
2786;5918;painting
2786;10183;independent film
2786;10594;money
2786;33702;bombing
2786;47021;bullet
2786;47079;dock
2786;155845;french noir
27864;5086;telekinesis
27864;156282;alternate reality
27865;187056;woman director
27866;9716;stand-up comedy
27866;11634;live performance
27866;11931;spoof
27866;15131;live audience
2787;3762;darkness
2787;4565;dystopia
2787;4803;comet
2787;4862;alien life-form
2787;10349;survival
2787;14773;eclipse
2787;14774;flask
2787;14775;corps
27873;2658;new zealand
27873;4458;post-apocalyptic
27873;4565;dystopia
27873;9276;truck
27873;194713;post nuclear
27875;237;gay
27875;158718;lgbt
2788;1253;roommate
2788;1873;yuppie
2788;2200;generations confilct
2788;2249;camcorder
2788;2566;cohabitant
2788;5865;cabriolet
2788;179781;fictional tv show
2788;198673;unemployed
27881;2041;island
27881;3392;voodoo
27881;12377;zombie
27883;497;shakespeare
27883;10044;tragic hero
2789;378;prison
2789;4565;dystopia
2789;5144;matter of life and death
2789;12405;outer space
2789;221654;intergalactic travel
27899;642;robbery
27899;9826;murder
27899;13142;gangster
27899;208306;teetotaler
279;131;italy
279;1233;composer
279;2199;opera
279;2276;talent
279;4048;musician
279;5809;marriage crisis
279;9649;god
279;9826;murder
279;18267;vienna austria
279;155624;envy
279;160279;18th century
27904;4663;lovers
27904;9673;love
27905;33696;sea monster
2791;1826;space marine
2791;3070;mercenary
2791;3883;danger of life
2791;4565;dystopia
2798;2281;mistake in person
28;1008;guerrilla
28;1261;river
28;2956;vietnam
28;2959;vietcong
28;2960;cambodia
28;6092;army
28;6255;insanity
28;10148;tribe
28;10403;green beret
28;10787;jungle
28;12332;apocalypse
28;34079;death
28;177275;napalm
280;679;cyborg
280;1366;shotgun
280;4458;post-apocalyptic
280;4565;dystopia
280;11426;moral ambiguity
280;11857;mental institution
280;14819;violence
280;14946;fictional war
280;160131;morphing
280;160381;nuclear weapons
280;162532;shape shifter
280;175468;savior
280;175472;catch phrase
2800;2336;ladykiller
2800;5600;daughter
2800;6625;family secrets
2800;34094;extramarital affair
281;445;pornography
281;549;prostitute
281;570;rape
281;796;police brutality
281;1566;dream
281;1595;ex-girlfriend
281;2964;future
281;3088;bodyguard
281;4562;rapper
281;4563;virtual reality
281;4565;dystopia
281;4566;minidisc
281;6149;police
281;8440;ex-cop
281;9826;murder
281;12190;cyberpunk
281;12670;los angeles
281;14819;violence
281;15009;criminal
281;155790;private detective
281;162845;revolt
281;187056;woman director
2813;2123;father murder
2813;3059;giftmord
2813;6628;syphillis
2813;7663;petty bourgeois
2813;33625;illegal prostitution
2817;894;depression
2817;6635;hypochondriac
2832;549;prostitute
2832;703;detective
2832;1197;nevada
2832;1563;prisoner
2832;2217;rain
2832;2669;motel
2832;3694;weather
2832;4897;multiple character
2832;8440;ex-cop
2832;9743;stranded
2832;9826;murder
2832;10714;serial killer
2832;13124;scream
2832;14527;storm
2832;15106;psychiatrist
2832;15234;convict
2832;18130;psychopathy
2832;18171;thunderstorm
2832;156507;rainstorm
2832;156761;split personality
2832;197708;mental disorders
2832;207046;murder mystery
2832;212803;dissociative identity disorder
2832;238467;isolated place
2841;90;paris
2841;549;prostitute
2841;1014;loss of lover
2841;1453;amnesia
2841;2425;bodily disabled person
2841;2504;world war i
2841;2564;wheelchair
2841;4025;brittany
2841;4079;lighthouse
2841;6701;verdun
2841;8729;lighthouse keeper   
2841;10791;teenage crush
2841;10941;disappearance
2841;13065;soldier
2841;33625;illegal prostitution
2841;155790;private detective
2841;156091;missing person
2841;184167;polio
2841;188725;trenches
2860;6677;knee
2860;10183;independent film
2860;41404;sexual desire
287;128;love triangle
287;493;poem
287;931;jealousy
287;965;age difference
287;1480;baseball
287;1482;trainer
287;1483;sports team
287;1484;pitcher
287;1485;stadium
287;1486;flirt
287;1686;home run
287;6075;sport
287;156100;minor leagues
288;75;gunslinger
288;797;showdown
288;5572;fistfight
288;11011;morality
288;11207;u.s. marshal
288;14643;battle
288;15108;justice
288;18522;one against many
288;166552;quick draw
288;174244;brawl
288;188907;street shootout
2882;90;paris
2882;1253;roommate
2882;1490;cleaning lady
2882;1650;cook
2882;2401;grandmother grandson relationship
2882;2873;fractured leg
2882;2985;designer
2882;3447;charity
2882;4663;lovers
2882;5091;kiss
2882;6681;flu
2882;33632;apartment
2887;237;gay
2887;740;aids
2887;8629;made for cable tv
2887;9766;hiv
2887;13005;doctor
2887;17995;epidemic
2887;173504;lgbt history
2887;188957;virus
289;128;love triangle
289;417;corruption
289;470;spy
289;836;resistance
289;1623;casablanca
289;1625;emigration
289;1626;visa
289;1627;patriotism
289;1628;nationalism
289;1631;concentration camp
289;2652;nazis
289;6091;war
289;10644;melodrama
289;195402;film noir
